[{"pk": "ccbc9d00a781f8fbe9286f32a98b2658", "model": "sessions.session", "fields": {"expire_date": "2009-12-17 16:32:05", "session_data": "gAJ9cQEoVRJfYXV0aF91c2VyX2JhY2tlbmRxAlUpZGphbmdvLmNvbnRyaWIuYXV0aC5iYWNrZW5k\ncy5Nb2RlbEJhY2tlbmRxA1UNX2F1dGhfdXNlcl9pZHEESwJ1LmYwYWVhMjA3ZmMwYWNiYzU0Zjk4\nMDE4OGUzNzExMzc1\n"}}, {"pk": "0ea75cdef4a467cd9f40b813d4852ab4", "model": "sessions.session", "fields": {"expire_date": "2009-12-17 17:05:30", "session_data": "gAJ9cQEoVRJfYXV0aF91c2VyX2JhY2tlbmRxAlUpZGphbmdvLmNvbnRyaWIuYXV0aC5iYWNrZW5k\ncy5Nb2RlbEJhY2tlbmRxA1UNX2F1dGhfdXNlcl9pZHEESwF1LjEwYjdjNDAwZmI2MDViNzVlYTE4\nOTdkZGZmNGFlMzkx\n"}}, {"pk": "232c956d6805ad54280f2151ee7aec9e", "model": "sessions.session", "fields": {"expire_date": "2009-12-30 16:31:16", "session_data": "gAJ9cQEoVRJfYXV0aF91c2VyX2JhY2tlbmRxAlUpZGphbmdvLmNvbnRyaWIuYXV0aC5iYWNrZW5k\ncy5Nb2RlbEJhY2tlbmRxA1UNX2F1dGhfdXNlcl9pZHEESwF1LjEwYjdjNDAwZmI2MDViNzVlYTE4\nOTdkZGZmNGFlMzkx\n"}}, {"pk": "f5a47b037569975d38555bcefc02a4d9", "model": "sessions.session", "fields": {"expire_date": "2009-12-30 20:42:32", "session_data": "gAJ9cQEoVRJfYXV0aF91c2VyX2JhY2tlbmRxAlUpZGphbmdvLmNvbnRyaWIuYXV0aC5iYWNrZW5k\ncy5Nb2RlbEJhY2tlbmRxA1UNX2F1dGhfdXNlcl9pZHEESwF1LjEwYjdjNDAwZmI2MDViNzVlYTE4\nOTdkZGZmNGFlMzkx\n"}}, {"pk": "b02a19ae3184d5fb013e967e7418c781", "model": "sessions.session", "fields": {"expire_date": "2010-01-04 12:22:38", "session_data": "gAJ9cQEoVRJfYXV0aF91c2VyX2JhY2tlbmRxAlUpZGphbmdvLmNvbnRyaWIuYXV0aC5iYWNrZW5k\ncy5Nb2RlbEJhY2tlbmRxA1UNX2F1dGhfdXNlcl9pZHEESwF1LjEwYjdjNDAwZmI2MDViNzVlYTE4\nOTdkZGZmNGFlMzkx\n"}}, {"pk": 1, "model": "sites.site", "fields": {"domain": "twinsistermusic.com", "name": "twinsistermusic.com"}}, {"pk": 80, "model": "admin.logentry", "fields": {"action_flag": 2, "action_time": "2009-12-21 15:01:07", "object_repr": "Jan 23rd at Monkeytown", "object_id": "232", "change_message": "Changed pub_date.", "user": 1, "content_type": 13}}, {"pk": 79, "model": "admin.logentry", "fields": {"action_flag": 1, "action_time": "2009-12-21 12:27:03", "object_repr": "Jan 23rd at Monkeytown", "object_id": "232", "change_message": "", "user": 1, "content_type": 17}}, {"pk": 78, "model": "admin.logentry", "fields": {"action_flag": 1, "action_time": "2009-12-21 12:26:55", "object_repr": "Flower of Flesh and Blood", "object_id": "44", "change_message": "", "user": 1, "content_type": 15}}, {"pk": 77, "model": "admin.logentry", "fields": {"action_flag": 1, "action_time": "2009-12-21 12:26:10", "object_repr": "Big Troubles", "object_id": "43", "change_message": "", "user": 1, "content_type": 15}}, {"pk": 76, "model": "admin.logentry", "fields": {"action_flag": 1, "action_time": "2009-12-21 12:25:45", "object_repr": "Soft Landings", "object_id": "42", "change_message": "", "user": 1, "content_type": 15}}, {"pk": 75, "model": "admin.logentry", "fields": {"action_flag": 1, "action_time": "2009-12-21 12:25:04", "object_repr": "Monkeytown", "object_id": "19", "change_message": "", "user": 1, "content_type": 16}}, {"pk": 74, "model": "admin.logentry", "fields": {"action_flag": 2, "action_time": "2009-12-16 17:04:42", "object_repr": "Jan 15th at Bruar Falls", "object_id": "225", "change_message": "Changed venue.", "user": 1, "content_type": 17}}, {"pk": 73, "model": "admin.logentry", "fields": {"action_flag": 2, "action_time": "2009-12-16 17:04:11", "object_repr": "Nostrand Ave", "object_id": "231", "change_message": "Changed description.", "user": 1, "content_type": 19}}, {"pk": 72, "model": "admin.logentry", "fields": {"action_flag": 1, "action_time": "2009-12-16 17:03:12", "object_repr": "Nostrand Ave", "object_id": "231", "change_message": "", "user": 1, "content_type": 19}}, {"pk": 71, "model": "admin.logentry", "fields": {"action_flag": 2, "action_time": "2009-12-16 16:32:21", "object_repr": "Jan 15th at Bruar Falls", "object_id": "225", "change_message": "Changed name, slug, description, cost and bands.", "user": 1, "content_type": 17}}, {"pk": 70, "model": "admin.logentry", "fields": {"action_flag": 2, "action_time": "2009-12-08 20:27:37", "object_repr": "Feb 6th at The Tank", "object_id": "230", "change_message": "Changed description and bands.", "user": 2, "content_type": 17}}, {"pk": 69, "model": "admin.logentry", "fields": {"action_flag": 1, "action_time": "2009-12-08 18:35:31", "object_repr": "Feb 6th at The Tank", "object_id": "230", "change_message": "", "user": 1, "content_type": 17}}, {"pk": 68, "model": "admin.logentry", "fields": {"action_flag": 1, "action_time": "2009-12-08 18:34:41", "object_repr": "The Tank", "object_id": "18", "change_message": "", "user": 1, "content_type": 16}}, {"pk": 67, "model": "admin.logentry", "fields": {"action_flag": 2, "action_time": "2009-12-07 17:25:19", "object_repr": "Jan 15th at the Cake Shop", "object_id": "225", "change_message": "Changed name, slug and show_date.", "user": 1, "content_type": 17}}, {"pk": 66, "model": "admin.logentry", "fields": {"action_flag": 2, "action_time": "2009-12-07 10:16:11", "object_repr": "Dec 15th at Don Pedro", "object_id": "227", "change_message": "Changed bands.", "user": 1, "content_type": 17}}, {"pk": 65, "model": "admin.logentry", "fields": {"action_flag": 2, "action_time": "2009-12-03 18:07:47", "object_repr": "A Mix For October", "object_id": "203", "change_message": "Changed description.", "user": 1, "content_type": 13}}, {"pk": 64, "model": "admin.logentry", "fields": {"action_flag": 2, "action_time": "2009-12-03 18:07:06", "object_repr": "International Dust", "object_id": "229", "change_message": "Changed description.", "user": 1, "content_type": 13}}, {"pk": 63, "model": "admin.logentry", "fields": {"action_flag": 2, "action_time": "2009-12-03 18:04:58", "object_repr": "A Mix For October", "object_id": "203", "change_message": "No fields changed.", "user": 1, "content_type": 13}}, {"pk": 62, "model": "admin.logentry", "fields": {"action_flag": 2, "action_time": "2009-12-03 17:55:06", "object_repr": "International Dust", "object_id": "229", "change_message": "No fields changed.", "user": 1, "content_type": 13}}, {"pk": 61, "model": "admin.logentry", "fields": {"action_flag": 2, "action_time": "2009-12-03 16:59:37", "object_repr": "International Dust", "object_id": "229", "change_message": "Changed pub_date.", "user": 2, "content_type": 13}}, {"pk": 60, "model": "admin.logentry", "fields": {"action_flag": 1, "action_time": "2009-12-03 16:59:01", "object_repr": "International Dust", "object_id": "229", "change_message": "", "user": 2, "content_type": 13}}, {"pk": 59, "model": "admin.logentry", "fields": {"action_flag": 2, "action_time": "2009-11-30 17:02:12", "object_repr": "When I Cannot ", "object_id": "228", "change_message": "Changed band.", "user": 3, "content_type": 19}}, {"pk": 58, "model": "admin.logentry", "fields": {"action_flag": 1, "action_time": "2009-11-30 17:02:02", "object_repr": "Psychic Friend", "object_id": "41", "change_message": "", "user": 3, "content_type": 15}}, {"pk": 57, "model": "admin.logentry", "fields": {"action_flag": 1, "action_time": "2009-11-30 17:01:16", "object_repr": "Psychic Friends", "object_id": "40", "change_message": "", "user": 3, "content_type": 15}}, {"pk": 56, "model": "admin.logentry", "fields": {"action_flag": 1, "action_time": "2009-11-30 17:00:32", "object_repr": "When I Cannot ", "object_id": "228", "change_message": "", "user": 3, "content_type": 19}}, {"pk": 55, "model": "admin.logentry", "fields": {"action_flag": 1, "action_time": "2009-11-30 17:00:04", "object_repr": "Joe", "object_id": "16", "change_message": "", "user": 3, "content_type": 14}}, {"pk": 54, "model": "admin.logentry", "fields": {"action_flag": 1, "action_time": "2009-11-30 16:59:58", "object_repr": "Jonny ", "object_id": "15", "change_message": "", "user": 3, "content_type": 14}}, {"pk": 53, "model": "admin.logentry", "fields": {"action_flag": 1, "action_time": "2009-11-30 15:05:26", "object_repr": "Dec 15th at Don Pedro", "object_id": "227", "change_message": "", "user": 1, "content_type": 17}}, {"pk": 52, "model": "admin.logentry", "fields": {"action_flag": 1, "action_time": "2009-11-27 20:18:26", "object_repr": "vectorchronicle", "object_id": "3", "change_message": "", "user": 1, "content_type": 27}}, {"pk": 51, "model": "admin.logentry", "fields": {"action_flag": 1, "action_time": "2009-11-24 10:54:03", "object_repr": "Dec 27th at Don Pedro", "object_id": "226", "change_message": "", "user": 1, "content_type": 17}}, {"pk": 50, "model": "admin.logentry", "fields": {"action_flag": 1, "action_time": "2009-11-24 10:53:50", "object_repr": "The Doormen", "object_id": "39", "change_message": "", "user": 1, "content_type": 15}}, {"pk": 49, "model": "admin.logentry", "fields": {"action_flag": 1, "action_time": "2009-11-24 10:51:31", "object_repr": "Jan 14th at the Cake Shop", "object_id": "225", "change_message": "", "user": 1, "content_type": 17}}, {"pk": 48, "model": "admin.logentry", "fields": {"action_flag": 1, "action_time": "2009-11-24 10:50:34", "object_repr": "Young Buffalo", "object_id": "38", "change_message": "", "user": 1, "content_type": 15}}, {"pk": 47, "model": "admin.logentry", "fields": {"action_flag": 1, "action_time": "2009-11-24 10:49:19", "object_repr": "Cake Shop", "object_id": "17", "change_message": "", "user": 1, "content_type": 16}}, {"pk": 46, "model": "admin.logentry", "fields": {"action_flag": 2, "action_time": "2009-11-22 03:21:11", "object_repr": "4123290938: John and Eric eating grape leaves sandwiches", "object_id": "29", "change_message": "Changed title.", "user": 1, "content_type": 29}}, {"pk": 45, "model": "admin.logentry", "fields": {"action_flag": 3, "action_time": "2009-11-20 11:04:34", "object_repr": "dev@seesaw.net", "object_id": "1", "change_message": "", "user": 1, "content_type": 30}}, {"pk": 44, "model": "admin.logentry", "fields": {"action_flag": 2, "action_time": "2009-11-12 22:32:13", "object_repr": "Eastern Green (demo)", "object_id": "224", "change_message": "Changed description.", "user": 3, "content_type": 19}}, {"pk": 43, "model": "admin.logentry", "fields": {"action_flag": 1, "action_time": "2009-11-12 22:17:46", "object_repr": "Eastern Green (demo)", "object_id": "224", "change_message": "", "user": 3, "content_type": 19}}, {"pk": 42, "model": "admin.logentry", "fields": {"action_flag": 2, "action_time": "2009-11-12 22:07:03", "object_repr": "eric", "object_id": "3", "change_message": "Changed is_staff and is_superuser.", "user": 1, "content_type": 3}}, {"pk": 41, "model": "admin.logentry", "fields": {"action_flag": 1, "action_time": "2009-11-12 22:06:51", "object_repr": "eric", "object_id": "3", "change_message": "", "user": 1, "content_type": 3}}, {"pk": 40, "model": "admin.logentry", "fields": {"action_flag": 2, "action_time": "2009-11-11 18:30:08", "object_repr": "Eartheater", "object_id": "36", "change_message": "Changed url.", "user": 1, "content_type": 15}}, {"pk": 39, "model": "admin.logentry", "fields": {"action_flag": 2, "action_time": "2009-11-11 18:28:04", "object_repr": "Don Pedro", "object_id": "16", "change_message": "Changed name.", "user": 1, "content_type": 16}}, {"pk": 38, "model": "admin.logentry", "fields": {"action_flag": 1, "action_time": "2009-11-11 18:27:26", "object_repr": "Don Pedro", "object_id": "223", "change_message": "", "user": 1, "content_type": 17}}, {"pk": 37, "model": "admin.logentry", "fields": {"action_flag": 3, "action_time": "2009-11-11 18:26:31", "object_repr": "Don Pedro", "object_id": "222", "change_message": "", "user": 1, "content_type": 17}}, {"pk": 36, "model": "admin.logentry", "fields": {"action_flag": 1, "action_time": "2009-11-11 18:25:54", "object_repr": "Don Pedro", "object_id": "222", "change_message": "", "user": 1, "content_type": 17}}, {"pk": 35, "model": "admin.logentry", "fields": {"action_flag": 3, "action_time": "2009-11-11 18:25:15", "object_repr": "Don Pedro", "object_id": "221", "change_message": "", "user": 1, "content_type": 17}}, {"pk": 34, "model": "admin.logentry", "fields": {"action_flag": 2, "action_time": "2009-11-11 18:24:45", "object_repr": "twinsistermusic.com", "object_id": "1", "change_message": "Changed domain and name.", "user": 1, "content_type": 7}}, {"pk": 33, "model": "admin.logentry", "fields": {"action_flag": 1, "action_time": "2009-11-11 18:24:08", "object_repr": "Don Pedro", "object_id": "221", "change_message": "", "user": 1, "content_type": 17}}, {"pk": 32, "model": "admin.logentry", "fields": {"action_flag": 1, "action_time": "2009-11-11 18:23:47", "object_repr": "Duck Duck", "object_id": "37", "change_message": "", "user": 1, "content_type": 15}}, {"pk": 31, "model": "admin.logentry", "fields": {"action_flag": 1, "action_time": "2009-11-11 18:23:33", "object_repr": "Eartheater", "object_id": "36", "change_message": "", "user": 1, "content_type": 15}}, {"pk": 30, "model": "admin.logentry", "fields": {"action_flag": 1, "action_time": "2009-11-11 18:23:18", "object_repr": "Rifle Recoil", "object_id": "35", "change_message": "", "user": 1, "content_type": 15}}, {"pk": 29, "model": "admin.logentry", "fields": {"action_flag": 1, "action_time": "2009-11-11 18:22:00", "object_repr": "Don Pedro's", "object_id": "16", "change_message": "", "user": 1, "content_type": 16}}, {"pk": 28, "model": "admin.logentry", "fields": {"action_flag": 2, "action_time": "2009-11-11 18:10:13", "object_repr": "Once and For All", "object_id": "194", "change_message": "No fields changed.", "user": 1, "content_type": 17}}, {"pk": 27, "model": "admin.logentry", "fields": {"action_flag": 2, "action_time": "2009-11-11 14:51:38", "object_repr": "Ringtones 4 Teens", "object_id": "220", "change_message": "No fields changed.", "user": 1, "content_type": 20}}, {"pk": 26, "model": "admin.logentry", "fields": {"action_flag": 2, "action_time": "2009-11-11 14:51:32", "object_repr": "Ringtones 4 Teens", "object_id": "220", "change_message": "No fields changed.", "user": 2, "content_type": 20}}, {"pk": 25, "model": "admin.logentry", "fields": {"action_flag": 1, "action_time": "2009-11-11 14:45:53", "object_repr": "Ringtones 4 Teens", "object_id": "220", "change_message": "", "user": 2, "content_type": 20}}, {"pk": 24, "model": "admin.logentry", "fields": {"action_flag": 2, "action_time": "2009-11-11 14:37:10", "object_repr": "Alarm 2", "object_id": "215", "change_message": "Changed description.", "user": 2, "content_type": 19}}, {"pk": 23, "model": "admin.logentry", "fields": {"action_flag": 2, "action_time": "2009-11-11 14:36:55", "object_repr": "Alarm 1", "object_id": "122", "change_message": "Changed description.", "user": 2, "content_type": 19}}, {"pk": 22, "model": "admin.logentry", "fields": {"action_flag": 1, "action_time": "2009-11-11 14:36:34", "object_repr": "Hoop Dreams", "object_id": "219", "change_message": "", "user": 2, "content_type": 19}}, {"pk": 21, "model": "admin.logentry", "fields": {"action_flag": 1, "action_time": "2009-11-11 14:35:26", "object_repr": "The Knight and His Lady", "object_id": "218", "change_message": "", "user": 2, "content_type": 19}}, {"pk": 20, "model": "admin.logentry", "fields": {"action_flag": 1, "action_time": "2009-11-11 14:35:20", "object_repr": "Twin Sister", "object_id": "14", "change_message": "", "user": 2, "content_type": 14}}, {"pk": 19, "model": "admin.logentry", "fields": {"action_flag": 1, "action_time": "2009-11-11 14:34:01", "object_repr": "The Happy Traveler", "object_id": "217", "change_message": "", "user": 2, "content_type": 19}}, {"pk": 18, "model": "admin.logentry", "fields": {"action_flag": 1, "action_time": "2009-11-11 14:33:01", "object_repr": "Morning Wood", "object_id": "216", "change_message": "", "user": 2, "content_type": 19}}, {"pk": 17, "model": "admin.logentry", "fields": {"action_flag": 1, "action_time": "2009-11-11 14:29:24", "object_repr": "Alarm 2", "object_id": "215", "change_message": "", "user": 2, "content_type": 19}}, {"pk": 16, "model": "admin.logentry", "fields": {"action_flag": 2, "action_time": "2009-11-11 14:25:20", "object_repr": "gabel", "object_id": "2", "change_message": "Changed is_staff and is_superuser.", "user": 1, "content_type": 3}}, {"pk": 15, "model": "admin.logentry", "fields": {"action_flag": 1, "action_time": "2009-11-11 14:25:15", "object_repr": "gabel", "object_id": "2", "change_message": "", "user": 1, "content_type": 3}}, {"pk": 14, "model": "admin.logentry", "fields": {"action_flag": 2, "action_time": "2009-11-08 00:32:45", "object_repr": "Idea Bubbles 2005-2007", "object_id": "164", "change_message": "Changed description.", "user": 1, "content_type": 20}}, {"pk": 13, "model": "admin.logentry", "fields": {"action_flag": 2, "action_time": "2009-11-08 00:27:21", "object_repr": "Show Flyers", "object_id": "214", "change_message": "Changed images.", "user": 1, "content_type": 26}}, {"pk": 12, "model": "admin.logentry", "fields": {"action_flag": 1, "action_time": "2009-11-08 00:26:52", "object_repr": "Silent Barn Flyer", "object_id": "9", "change_message": "", "user": 1, "content_type": 25}}, {"pk": 11, "model": "admin.logentry", "fields": {"action_flag": 1, "action_time": "2009-11-08 00:26:03", "object_repr": "Lit Lounge Flyer", "object_id": "8", "change_message": "", "user": 1, "content_type": 25}}, {"pk": 10, "model": "admin.logentry", "fields": {"action_flag": 2, "action_time": "2009-11-07 23:30:31", "object_repr": "I Want A House", "object_id": "199", "change_message": "Changed official.", "user": 1, "content_type": 19}}, {"pk": 9, "model": "admin.logentry", "fields": {"action_flag": 2, "action_time": "2009-11-07 23:30:03", "object_repr": "Nectarine", "object_id": "94", "change_message": "Changed official.", "user": 1, "content_type": 19}}, {"pk": 8, "model": "admin.logentry", "fields": {"action_flag": 2, "action_time": "2009-11-07 23:29:45", "object_repr": "Ginger", "object_id": "197", "change_message": "Changed official.", "user": 1, "content_type": 19}}, {"pk": 7, "model": "admin.logentry", "fields": {"action_flag": 2, "action_time": "2009-11-07 23:29:17", "object_repr": "Dry Hump", "object_id": "196", "change_message": "Changed pub_date and official.", "user": 1, "content_type": 19}}, {"pk": 6, "model": "admin.logentry", "fields": {"action_flag": 2, "action_time": "2009-11-07 23:04:36", "object_repr": "BuyLink object", "object_id": "4", "change_message": "Changed link.", "user": 1, "content_type": 23}}, {"pk": 5, "model": "admin.logentry", "fields": {"action_flag": 2, "action_time": "2009-11-07 23:03:52", "object_repr": "BuyLink object", "object_id": "1", "change_message": "Changed link.", "user": 1, "content_type": 23}}, {"pk": 4, "model": "admin.logentry", "fields": {"action_flag": 2, "action_time": "2009-11-07 23:03:26", "object_repr": "BuyLink object", "object_id": "1", "change_message": "Changed link.", "user": 1, "content_type": 23}}, {"pk": 3, "model": "admin.logentry", "fields": {"action_flag": 1, "action_time": "2009-11-07 22:44:45", "object_repr": "the_popular_guru", "object_id": "2", "change_message": "", "user": 1, "content_type": 27}}, {"pk": 2, "model": "admin.logentry", "fields": {"action_flag": 1, "action_time": "2009-11-07 22:44:10", "object_repr": "guptaudbhav", "object_id": "1", "change_message": "", "user": 1, "content_type": 27}}, {"pk": 1, "model": "admin.logentry", "fields": {"action_flag": 1, "action_time": "2009-11-07 22:43:54", "object_repr": "Twin Sister", "object_id": "1", "change_message": "", "user": 1, "content_type": 28}}, {"pk": 1, "model": "oembed.providerrule", "fields": {"regex": "http://(?:www\\.)?flickr\\.com/photos/\\S+?/(?:sets/)?\\d+/?", "endpoint": "http://www.flickr.com/services/oembed/", "name": "Flickr", "format": 1}}, {"pk": 2, "model": "oembed.providerrule", "fields": {"regex": "http://\\S*?viddler.com/\\S*", "endpoint": "http://lab.viddler.com/services/oembed/", "name": "Viddler", "format": 1}}, {"pk": 3, "model": "oembed.providerrule", "fields": {"regex": "http://qik.com/\\S*", "endpoint": "http://qik.com/api/oembed.json", "name": "Qik", "format": 1}}, {"pk": 5, "model": "oembed.providerrule", "fields": {"regex": "http://\\S*?revision3.com/\\S*", "endpoint": "http://revision3.com/api/oembed/", "name": "Revision3", "format": 1}}, {"pk": 6, "model": "oembed.providerrule", "fields": {"regex": "http://\\S*.amazon.(com|co.uk|de|ca|jp)/\\S*/(gp/product|o/ASIN|obidos/ASIN|dp)/\\S*", "endpoint": "http://oohembed.com/oohembed/", "name": "Amazon Product Image (OohEmbed)", "format": 1}}, {"pk": 7, "model": "oembed.providerrule", "fields": {"regex": "http://\\S*.collegehumor.com/video:\\S*", "endpoint": "http://oohembed.com/oohembed/", "name": "CollegeHumor Video (OohEmbed)", "format": 1}}, {"pk": 8, "model": "oembed.providerrule", "fields": {"regex": "http://\\S*.funnyordie.com/videos/\\S*", "endpoint": "http://oohembed.com/oohembed/", "name": "Funny or Die Video (OohEmbed)", "format": 1}}, {"pk": 9, "model": "oembed.providerrule", "fields": {"regex": "http://video.google.com/videoplay?\\S*", "endpoint": "http://oohembed.com/oohembed/", "name": "Google Video (OohEmbed)", "format": 1}}, {"pk": 10, "model": "oembed.providerrule", "fields": {"regex": "http://www.hulu.com/watch/\\S*", "endpoint": "http://oohembed.com/oohembed/", "name": "Hulu (OohEmbed)", "format": 1}}, {"pk": 11, "model": "oembed.providerrule", "fields": {"regex": "http://\\S*.metacafe.com/watch/\\S*", "endpoint": "http://oohembed.com/oohembed/", "name": "Metacafe (OohEmbed)", "format": 1}}, {"pk": 12, "model": "oembed.providerrule", "fields": {"regex": "http://(?:www\\.)?twitter\\.com/(?:\\w{1,20})/statuses/\\d+/?", "endpoint": "http://oohembed.com/oohembed/", "name": "Twitter Status (OohEmbed)", "format": 1}}, {"pk": 13, "model": "oembed.providerrule", "fields": {"regex": "http://\\S*.wikipedia.org/wiki/\\S*", "endpoint": "http://oohembed.com/oohembed/", "name": "Wikipedia (OohEmbed)", "format": 1}}, {"pk": 14, "model": "oembed.providerrule", "fields": {"regex": "http://(?:www\\.)?youtube\\.com/watch\\?v=[A-Za-z0-9\\-=_]{11}", "endpoint": "http://oohembed.com/oohembed/", "name": "YouTube (OohEmbed)", "format": 1}}, {"pk": 15, "model": "oembed.providerrule", "fields": {"regex": "http://(?:www\\.)?vimeo\\.com/\\d+", "endpoint": "http://vimeo.com/api/oembed.json", "name": "Vimeo", "format": 1}}, {"pk": 16, "model": "oembed.providerrule", "fields": {"regex": "http://(?:www\\.)?scribd\\.com/.*", "endpoint": "http://www.scribd.com/services/oembed", "name": "Scribd", "format": 1}}, {"pk": 1, "model": "oembed.storedoembed", "fields": {"max_height": 240, "date_added": "2009-11-07 22:37:14", "html": "<embed src='http://www.youtube.com/v/dv9P5GhXmas&fs=1' allowfullscreen='true' type='application/x-shockwave-flash' wmode='transparent' width='425' height='344'></embed>", "max_width": 320, "match": "http://www.youtube.com/watch?v=dv9P5GhXmas"}}, {"pk": 2, "model": "oembed.storedoembed", "fields": {"max_height": 240, "date_added": "2009-11-07 22:37:14", "html": "<embed src='http://www.youtube.com/v/KtloBb33SZM&fs=1' allowfullscreen='true' type='application/x-shockwave-flash' wmode='transparent' width='425' height='344'></embed>", "max_width": 320, "match": "http://www.youtube.com/watch?v=KtloBb33SZM"}}, {"pk": 3, "model": "oembed.storedoembed", "fields": {"max_height": 240, "date_added": "2009-11-07 22:37:14", "html": "<embed src='http://www.youtube.com/v/bMUzQB0g0ww&fs=1' allowfullscreen='true' type='application/x-shockwave-flash' wmode='transparent' width='425' height='344'></embed>", "max_width": 320, "match": "http://www.youtube.com/watch?v=bMUzQB0g0ww"}}, {"pk": 4, "model": "oembed.storedoembed", "fields": {"max_height": 600, "date_added": "2009-11-07 23:00:10", "html": "<embed src='http://www.youtube.com/v/dv9P5GhXmas&fs=1' allowfullscreen='true' type='application/x-shockwave-flash' wmode='transparent' width='425' height='344'></embed>", "max_width": 600, "match": "http://www.youtube.com/watch?v=dv9P5GhXmas"}}, {"pk": 5, "model": "oembed.storedoembed", "fields": {"max_height": 600, "date_added": "2009-11-07 23:00:10", "html": "<embed src='http://www.youtube.com/v/KtloBb33SZM&fs=1' allowfullscreen='true' type='application/x-shockwave-flash' wmode='transparent' width='425' height='344'></embed>", "max_width": 600, "match": "http://www.youtube.com/watch?v=KtloBb33SZM"}}, {"pk": 6, "model": "oembed.storedoembed", "fields": {"max_height": 600, "date_added": "2009-11-07 23:00:10", "html": "<embed src='http://www.youtube.com/v/bMUzQB0g0ww&fs=1' allowfullscreen='true' type='application/x-shockwave-flash' wmode='transparent' width='425' height='344'></embed>", "max_width": 600, "match": "http://www.youtube.com/watch?v=bMUzQB0g0ww"}}, {"pk": 7, "model": "oembed.storedoembed", "fields": {"max_height": 600, "date_added": "2009-11-08 01:31:40", "html": "<embed src='http://www.youtube.com/v/yCCw50jcWxc&fs=1' allowfullscreen='true' type='application/x-shockwave-flash' wmode='transparent' width='425' height='344'></embed>", "max_width": 600, "match": "http://www.youtube.com/watch?v=yCCw50jcWxc"}}, {"pk": 8, "model": "oembed.storedoembed", "fields": {"max_height": 600, "date_added": "2009-11-08 01:32:33", "html": "<object type=\"application/x-shockwave-flash\" width=\"600\" height=\"338\" data=\"http://vimeo.com/moogaloop.swf?clip_id=3793476&amp;server=vimeo.com&amp;fullscreen=1&amp;show_title=1&amp;show_byline=1&amp;show_portrait=1&amp;color=00ADEF\">\n\t<param name=\"quality\" value=\"best\" />\n\t<param name=\"allowfullscreen\" value=\"true\" />\n\t<param name=\"scale\" value=\"showAll\" />\n\t<param name=\"movie\" value=\"http://vimeo.com/moogaloop.swf?clip_id=3793476&amp;server=vimeo.com&amp;fullscreen=1&amp;show_title=1&amp;show_byline=1&amp;show_portrait=1&amp;color=00ADEF\" />\n</object>", "max_width": 600, "match": "http://vimeo.com/3793476"}}, {"pk": 9, "model": "oembed.storedoembed", "fields": {"max_height": 600, "date_added": "2009-11-08 01:32:33", "html": "<embed src='http://www.youtube.com/v/LijbpDExI3A&fs=1' allowfullscreen='true' type='application/x-shockwave-flash' wmode='transparent' width='425' height='344'></embed>", "max_width": 600, "match": "http://www.youtube.com/watch?v=LijbpDExI3A"}}, {"pk": 232, "model": "data.data", "fields": {"description": "", "posted_by": 5, "slug": "jan-23rd-monkeytown", "published": true, "pub_date": "2009-12-21 15:02:12", "header_image": "", "name": "Jan 23rd at Monkeytown"}}, {"pk": 231, "model": "data.data", "fields": {"description": "<p>We've had a rash of thefts in the world of Twin Sister over the last couple of months. &#160;After are show in Philadelphia, somebody broke into my sister's car in Bushwick and stole half of our equipment. &#160;Luckily, none of it was irreplaceable, and they didn't grab Eric's father's beautiful Silvertone guitar. &#160;</p><p>Then, last night, somebody stole my digital recorder that I was using to record our set. &#160;So, as a eulogy of sorts, I'm posting the last recording we made with it. &#160;It's an idea that we wrote during practice on Sunday, and we're all pretty excited to get some vocals written for it. &#160;Initially, we weren't going to post this recording, since it's very much still a work in progress, but in light of recent events, I figured what the hell.</p>", "posted_by": 5, "slug": "nostrand-ave", "published": true, "pub_date": "2009-12-15 16:43:49", "header_image": "uploads/images/4120840229_1c36ac16ce_b.jpg", "name": "Nostrand Ave"}}, {"pk": 230, "model": "data.data", "fields": {"description": "<p>More info to come</p>", "posted_by": 5, "slug": "feb-6th-tank", "published": true, "pub_date": "2009-12-06 17:21:16", "header_image": "", "name": "Feb 6th at The Tank"}}, {"pk": 229, "model": "data.data", "fields": {"description": "<p><img title=\"joemeek\" src=\"http://www.soundonsound.com/sos/oct04/images/rocket1joemeek.l.jpg\" height=\"535\" width=\"439\" /></p><p>Here's a little mix called 'International Dust.' Listen close for tidbits of unreleased Twin Sister ambiance between songs. </p><p>It also features tracks by two of our favorite people, Joe Meek (pictured above) and <a href=\"http://myspace.com/johnksongs\">John K. </a></p><p><a title=\"International Dust\" href=\"/media/uploads/misc/International_Dust.zip\">Download</a></p>", "posted_by": 4, "slug": "international-dust", "published": true, "pub_date": "2009-12-03 16:59:52", "header_image": "", "name": "International Dust"}}, {"pk": 227, "model": "data.data", "fields": {"description": "<p>We're playing with a lot of our friends, all of whom are amazing. &#160;If you can only come to one, make it this one!</p>", "posted_by": 5, "slug": "dec-15th-don-pedro", "published": true, "pub_date": "2009-11-29 17:19:17", "header_image": "", "name": "Dec 15th at Don Pedro"}}, {"pk": 228, "model": "data.data", "fields": {"description": "<p>Here is Bryan, Jonny, and Joe in Austin, Texas about two years ago. I'll post more another time. </p>", "posted_by": 3, "slug": "when-i-cannot", "published": true, "pub_date": "2009-11-29 17:19:17", "header_image": "", "name": "When I Cannot "}}, {"pk": 225, "model": "data.data", "fields": {"description": "<p>The show got moved to Bruar Falls from Cake Shop. &#160;But it's also now a free show.</p>", "posted_by": 5, "slug": "jan-15th-bruar-falls", "published": true, "pub_date": "2009-11-22 20:00:00", "header_image": "", "name": "Jan 15th at Bruar Falls"}}, {"pk": 226, "model": "data.data", "fields": {"description": "<br />", "posted_by": 5, "slug": "dec-27th-don-pedro", "published": true, "pub_date": "2009-11-22 17:21:52", "header_image": "", "name": "Dec 27th at Don Pedro"}}, {"pk": 224, "model": "data.data", "fields": {"description": "<p>New song we've been tossin' round. Needs some chiseling, some Dev, Gabe, and Andrea. </p><p>PS: Excuse the Garageband reverb, I forgot it was there until I checked to see if I suceeded posting on Dev's Spectacular New Website. </p>", "posted_by": 3, "slug": "eastern-green-demo", "published": true, "pub_date": "2009-11-12 13:55:05", "header_image": "", "name": "Eastern Green (demo)"}}, {"pk": 223, "model": "data.data", "fields": {"description": "", "posted_by": 5, "slug": "don-pedro", "published": true, "pub_date": "2009-11-11 18:26:40", "header_image": "", "name": "Don Pedro"}}, {"pk": 216, "model": "data.data", "fields": {"description": "<p>Part of the \"Ringtones 4 Teens\" series. </p>", "posted_by": 4, "slug": "morning-wood", "published": false, "pub_date": "2009-11-11 11:30:38", "header_image": "", "name": "Morning Wood"}}, {"pk": 219, "model": "data.data", "fields": {"description": "<p>Part of the ongoing \"Ringtones 4 Teens\" series</p>", "posted_by": 4, "slug": "hoop-dreams", "published": false, "pub_date": "2009-11-11 11:30:38", "header_image": "", "name": "Hoop Dreams"}}, {"pk": 217, "model": "data.data", "fields": {"description": "<p>Part of the ongoing \"Ringtones 4 Teens\" series.</p>", "posted_by": 4, "slug": "happy-traveler", "published": false, "pub_date": "2009-11-11 11:30:38", "header_image": "", "name": "The Happy Traveler"}}, {"pk": 220, "model": "data.data", "fields": {"description": "<p>The first installment of our ring tone collection \"Ringtones 4 Teens.\" These original compositions are perfect for your Crunchberry or ePhone!</p>", "posted_by": 14, "slug": "ringtones-4-teens", "published": true, "pub_date": "2009-11-11 11:30:38", "header_image": "", "name": "Ringtones 4 Teens"}}, {"pk": 218, "model": "data.data", "fields": {"description": "<p>Part of the continuing \"Ringtones 4 Teens\" series</p>", "posted_by": 4, "slug": "knight-and-his-lady", "published": false, "pub_date": "2009-11-11 11:30:38", "header_image": "", "name": "The Knight and His Lady"}}, {"pk": 215, "model": "data.data", "fields": {"description": "<p>Part of the ongoing \"Ringtones 4 Teens\" series</p>", "posted_by": 4, "slug": "alarm-2", "published": false, "pub_date": "2009-11-11 11:30:38", "header_image": "", "name": "Alarm 2"}}, {"pk": 201, "model": "data.data", "fields": {"description": "<p>Bubby waits around near the door for Twin Sister's new EP</p><p>http://www.youtube.com/watch?v=dv9P5GhXmas</p>", "posted_by": 11, "slug": "ep-promo-3", "published": true, "pub_date": "2009-10-25 21:22:27", "header_image": "", "name": "EP Promo #3"}}, {"pk": 202, "model": "data.data", "fields": {"description": "<p>Last song as a 19 year old.&#160; Dedicated to the reed organ.</p>", "posted_by": 3, "slug": "teen-quickie", "published": true, "pub_date": "2009-10-23 23:47:05", "header_image": "", "name": "Teen Quickie"}}, {"pk": 203, "model": "data.data", "fields": {"description": "<p>They're not new Twin Sister songs, but come on, we're not the only band on earth.</p><p>The mix attached here is mostly nice and slow, and unless I'm forgetting someone, it only has one male voice on it. It just happened that way. </p><p>It's dedicated to the hair styles pioneered by the Cocteau Twins. It doesn't have much to do with October.</p><p><a href=\"/media/uploads/misc/October_2009_Mix.zip\">Download!</a></p>", "posted_by": 4, "slug": "mix-october", "published": true, "pub_date": "2009-10-23 21:29:35", "header_image": "uploads/images/url.jpg", "name": "A Mix For October"}}, {"pk": 204, "model": "data.data", "fields": {"description": "<p>We're still working on our second EP. We want to get it done as soon as possible so that everyone can hear it. We're tracking vocals in about two weeks. Until we get everything in order, here are two \"teasers\" : </p><p>http://www.youtube.com/watch?v=KtloBb33SZM</p><p>If you enjoy images of cats and Andrea but only have 38 seconds, enjoy this one: </p><p>http://www.youtube.com/watch?v=bMUzQB0g0ww</p>", "posted_by": 4, "slug": "intimate-portrait", "published": true, "pub_date": "2009-10-23 20:49:44", "header_image": "", "name": "An Intimate Portrait"}}, {"pk": 205, "model": "data.data", "fields": {"description": "<p>\"The Other Side of Your Face\" and \"You Still Know Me By Name\" are,\r\nmaybe, 60% recorded, along with \"Milk and Honey\" and \"All Around and\r\nAway We Go\". In case you couldn't hear on the recording, the name of\r\nthe new EP is \"Aquarellas\".</p>", "posted_by": 3, "slug": "other-side-your-face-daniel-you-still-know-me-name", "published": true, "pub_date": "2009-10-17 14:15:39", "header_image": "", "name": "The Other Side of Your Face, Daniel, You Still Know Me By Name"}}, {"pk": 206, "model": "data.data", "fields": {"description": "<p>Here is Milk and Honey and Ginger from our set at Bruar Falls on\r\nOctober 15th. If I do this correctly, the rest of the set should be\r\nposted in two's just like this in newer entries.</p>", "posted_by": 3, "slug": "milk-and-honey-ginger", "published": true, "pub_date": "2009-10-17 13:49:17", "header_image": "", "name": "Milk and Honey, Ginger"}}, {"pk": 199, "model": "data.data", "fields": {"description": "", "posted_by": 5, "slug": "i-want-house-ep", "published": false, "pub_date": "2009-10-06 16:49:11", "header_image": "", "name": "I Want A House"}}, {"pk": 194, "model": "data.data", "fields": {"description": "", "posted_by": 5, "slug": "once-and-for-all", "published": true, "pub_date": "2009-10-02 20:00:00", "header_image": "", "name": "Once and For All"}}, {"pk": 190, "model": "data.data", "fields": {"description": "", "posted_by": 5, "slug": "haverford-college", "published": true, "pub_date": "2009-10-01 19:00:00", "header_image": "", "name": "Haverford College"}}, {"pk": 193, "model": "data.data", "fields": {"description": "", "posted_by": 5, "slug": "george-and-andrea-s-halloween-party", "published": true, "pub_date": "2009-10-01 19:00:00", "header_image": "", "name": "George and Andrea's Halloween Party"}}, {"pk": 195, "model": "data.data", "fields": {"description": "", "posted_by": 5, "slug": "bruar-falls", "published": true, "pub_date": "2009-09-25 20:00:00", "header_image": "", "name": "Bruar Falls"}}, {"pk": 191, "model": "data.data", "fields": {"description": "", "posted_by": 5, "slug": "silent-barn", "published": true, "pub_date": "2009-09-24 20:00:00", "header_image": "", "name": "Silent Barn"}}, {"pk": 189, "model": "data.data", "fields": {"description": "", "posted_by": 5, "slug": "suny-purchase", "published": true, "pub_date": "2009-09-15 19:00:00", "header_image": "", "name": "SUNY Purchase"}}, {"pk": 161, "model": "data.data", "fields": {"description": "An older and nicer sounding demo of this is posted already-but here it is with lyrics!", "posted_by": 3, "slug": "stiff-igloos", "published": true, "pub_date": "2009-08-23 19:46:50", "header_image": "", "name": "Stiff Igloos"}}, {"pk": 160, "model": "data.data", "fields": {"description": "This is a very old song that Andrea wrote a few years ago. Just picture her singing it. Another contender for \"Cool Forthcoming Album That Isn't Finished Yet\".", "posted_by": 3, "slug": "compromise-with-a-gypsy", "published": true, "pub_date": "2009-08-23 19:42:58", "header_image": "", "name": "Compromise With A Gypsy"}}, {"pk": 159, "model": "data.data", "fields": {"description": "Something Andrea and I have been working on. It came from playing Neil Young's \"After The Goldrush\" over scary chords and singing it like a Halloween song. ", "posted_by": 3, "slug": "in-the-leaves-in-the-yard", "published": true, "pub_date": "2009-08-23 13:57:54", "header_image": "", "name": "In The Leaves In The Yard"}}, {"pk": 158, "model": "data.data", "fields": {"description": "The idea has been kicking around for a while, and will probably end up in the 2nd half of The Cool Forthcoming Album That Isn't Finished. \"Please finish this song idea, other band members. I've lost my way,\" I said. \r\nMy cat Chewy (Chewie? I guess I've never had to write it) was licking my toes the entire time I was tracking this demo. \"Get outta here, fatso,\" I said. ", "posted_by": 4, "slug": "chewy-in-the-stars-i-let-you-in", "published": true, "pub_date": "2009-08-13 17:33:30", "header_image": "", "name": "Chewy in the Stars / \"I Let You In\" "}}, {"pk": 157, "model": "data.data", "fields": {"description": "This is me and John K. having fun on his 8 track about a month ago. He did the drum programming and the keyboards and I played the bass and did some computery stuff. We listened to it recently and decided it might be a good starting point for a Twin Sister song, so who knows what will become of it. ", "posted_by": 4, "slug": "johnungle", "published": true, "pub_date": "2009-08-13 17:30:29", "header_image": "", "name": "Johnungle"}}, {"pk": 214, "model": "data.data", "fields": {"description": "", "posted_by": 5, "slug": "show-flyers", "published": true, "pub_date": "2009-07-07 22:01:28", "header_image": "", "name": "Show Flyers"}}, {"pk": 156, "model": "data.data", "fields": {"description": "Yesterday, after giving chocolate covered strawberries to my two favorite celebs, Tracy Morgan and Bruce Willis, I just felt inspired to finish this idea we've had. Bryan and I started tracking. Today, Bryan gets a concussion / promotion at work, and weaving through his stuttering, slightly damaged thoughts is breaking news of Michael Jackson's death.  After Thriller and seeing people dance in front of the Apollo, we turned our thoughts to Japan and here you go. ", "posted_by": 3, "slug": "kimmi-in-a-rice-field", "published": true, "pub_date": "2009-06-26 00:10:41", "header_image": "", "name": "Kimmi In A Rice Field"}}, {"pk": 155, "model": "data.data", "fields": {"description": "New demo of a new song. ", "posted_by": 3, "slug": "levon-and-chocolate-cake", "published": true, "pub_date": "2009-06-18 22:19:56", "header_image": "", "name": "Levon and Chocolate Cake"}}, {"pk": 207, "model": "data.data", "fields": {"description": "http://www.youtube.com/watch?v=yCCw50jcWxc", "posted_by": 1, "slug": "space-babe-video", "published": true, "pub_date": "2009-05-19 16:13:40", "header_image": "", "name": "Space Babe: The Video"}}, {"pk": 153, "model": "data.data", "fields": {"description": "Also with Camera Head Shark and Psycho Rainbow, who were nice enough to record a big portion of our set that night. Tracks are Milk and Honey, Nectarine (Forest Cowboy version), I Want A House, and Daniel. Picture Andrea holding two beers during Daniel, because she was!", "posted_by": 3, "slug": "april-9th-lit-lounge", "published": true, "pub_date": "2009-05-18 12:33:39", "header_image": "", "name": "April 9th @ Lit Lounge"}}, {"pk": 154, "model": "data.data", "fields": {"description": "Bryan and I did this today while we were messing around with the Purchase drum samples for a couple of hours", "posted_by": 5, "slug": "sunday", "published": true, "pub_date": "2009-05-18 00:43:17", "header_image": "", "name": "Sunday"}}, {"pk": 149, "model": "data.data", "fields": {"description": "Andrea and I singing this old folk song the way Nick Drake did with his sister. ", "posted_by": 3, "slug": "all-my-trials", "published": true, "pub_date": "2009-05-17 23:32:08", "header_image": "", "name": "All My Trials"}}, {"pk": 152, "model": "data.data", "fields": {"description": "If Luna were a character on Twin Peaks, maybe this would be her theme music. ", "posted_by": 4, "slug": "luna-s-theme-music", "published": true, "pub_date": "2009-05-03 23:26:15", "header_image": "", "name": "Luna's Theme Music"}}, {"pk": 150, "model": "data.data", "fields": {"description": "Another song that started on the Casio (not to be confused with Andrea's Yamaha,  which is all over the EP and in many demos). This one will be in the Twin Sister live rotation as soon as our word-writers get around to it. ", "posted_by": 4, "slug": "sister-smoke", "published": true, "pub_date": "2009-05-03 17:30:46", "header_image": "", "name": "Sister Smoke"}}, {"pk": 148, "model": "data.data", "fields": {"description": "The title explains the key images evoked in the song. ", "posted_by": 4, "slug": "space-babe-rainforest-gruve", "published": true, "pub_date": "2009-05-03 16:46:20", "header_image": "", "name": "Space Babe/Rainforest Gr\u00fcve"}}, {"pk": 188, "model": "data.data", "fields": {"description": "", "posted_by": 5, "slug": "lulu-s-village-pub", "published": true, "pub_date": "2009-05-01 20:00:00", "header_image": "", "name": "Lulu's Village Pub"}}, {"pk": 147, "model": "data.data", "fields": {"description": "Some version of this may end up on the record, but we've been playing it very differently when we play it. ", "posted_by": 3, "slug": "untitled", "published": true, "pub_date": "2009-04-21 17:36:00", "header_image": "", "name": "Untitled"}}, {"pk": 187, "model": "data.data", "fields": {"description": "", "posted_by": 5, "slug": "lit-lounge1", "published": true, "pub_date": "2009-04-09 20:30:00", "header_image": "", "name": "Lit Lounge"}}, {"pk": 146, "model": "data.data", "fields": {"description": "", "posted_by": 5, "slug": "twin-sister-the-song", "published": false, "pub_date": "2009-04-09 09:05:23", "header_image": "", "name": "Twin Sister (the song!)"}}, {"pk": 145, "model": "data.data", "fields": {"description": "", "posted_by": 5, "slug": "poet", "published": false, "pub_date": "2009-04-09 09:04:40", "header_image": "", "name": "Poet"}}, {"pk": 144, "model": "data.data", "fields": {"description": "", "posted_by": 5, "slug": "it-s-raining", "published": false, "pub_date": "2009-04-09 09:03:58", "header_image": "", "name": "it's raining!"}}, {"pk": 143, "model": "data.data", "fields": {"description": "", "posted_by": 5, "slug": "digital-hate", "published": false, "pub_date": "2009-04-09 09:03:15", "header_image": "", "name": "Digital Hate"}}, {"pk": 142, "model": "data.data", "fields": {"description": "", "posted_by": 5, "slug": "ave-isobelle", "published": false, "pub_date": "2009-04-09 09:02:22", "header_image": "", "name": "Ave Isobelle"}}, {"pk": 141, "model": "data.data", "fields": {"description": "", "posted_by": 5, "slug": "bubble-21", "published": false, "pub_date": "2009-04-09 09:01:38", "header_image": "", "name": "Bubble #21"}}, {"pk": 140, "model": "data.data", "fields": {"description": "", "posted_by": 5, "slug": "bubble-20", "published": false, "pub_date": "2009-04-09 09:00:45", "header_image": "", "name": "Bubble #20"}}, {"pk": 139, "model": "data.data", "fields": {"description": "", "posted_by": 5, "slug": "bubble-19", "published": false, "pub_date": "2009-04-09 09:00:15", "header_image": "", "name": "Bubble #19"}}, {"pk": 138, "model": "data.data", "fields": {"description": "", "posted_by": 5, "slug": "bubble-18", "published": false, "pub_date": "2009-04-09 08:59:28", "header_image": "", "name": "Bubble #18"}}, {"pk": 137, "model": "data.data", "fields": {"description": "", "posted_by": 5, "slug": "bubble-17", "published": false, "pub_date": "2009-04-09 08:58:59", "header_image": "", "name": "Bubble #17"}}, {"pk": 136, "model": "data.data", "fields": {"description": "", "posted_by": 5, "slug": "bubble-16", "published": false, "pub_date": "2009-04-09 08:58:25", "header_image": "", "name": "Bubble #16"}}, {"pk": 135, "model": "data.data", "fields": {"description": "", "posted_by": 5, "slug": "bubble-15", "published": false, "pub_date": "2009-04-09 08:57:46", "header_image": "", "name": "Bubble #15"}}, {"pk": 134, "model": "data.data", "fields": {"description": "", "posted_by": 5, "slug": "bubble-14", "published": false, "pub_date": "2009-04-09 08:57:14", "header_image": "", "name": "Bubble #14"}}, {"pk": 133, "model": "data.data", "fields": {"description": "", "posted_by": 5, "slug": "bubble-13", "published": false, "pub_date": "2009-04-09 08:56:32", "header_image": "", "name": "Bubble #13"}}, {"pk": 132, "model": "data.data", "fields": {"description": "", "posted_by": 5, "slug": "bubble-10", "published": false, "pub_date": "2009-04-09 08:55:59", "header_image": "", "name": "Bubble #10"}}, {"pk": 131, "model": "data.data", "fields": {"description": "", "posted_by": 5, "slug": "bubble-9", "published": false, "pub_date": "2009-04-09 08:55:22", "header_image": "", "name": "Bubble #9"}}, {"pk": 130, "model": "data.data", "fields": {"description": "", "posted_by": 5, "slug": "bubble-8", "published": false, "pub_date": "2009-04-09 08:54:50", "header_image": "", "name": "Bubble #8"}}, {"pk": 129, "model": "data.data", "fields": {"description": "", "posted_by": 5, "slug": "bubble-7", "published": false, "pub_date": "2009-04-09 08:53:54", "header_image": "", "name": "Bubble #7"}}, {"pk": 128, "model": "data.data", "fields": {"description": "", "posted_by": 5, "slug": "bubble-6", "published": false, "pub_date": "2009-04-09 08:53:03", "header_image": "", "name": "Bubble #6"}}, {"pk": 127, "model": "data.data", "fields": {"description": "", "posted_by": 5, "slug": "bubble-5", "published": false, "pub_date": "2009-04-09 08:50:33", "header_image": "", "name": "Bubble #5"}}, {"pk": 126, "model": "data.data", "fields": {"description": "", "posted_by": 5, "slug": "bubble-3", "published": false, "pub_date": "2009-04-09 08:36:09", "header_image": "", "name": "Bubble #3"}}, {"pk": 125, "model": "data.data", "fields": {"description": "", "posted_by": 5, "slug": "bubble-1", "published": false, "pub_date": "2009-04-09 08:34:55", "header_image": "", "name": "Bubble #1"}}, {"pk": 164, "model": "data.data", "fields": {"description": "<p>Whoever finds the most seeds of present songs of ours wins a prize.\r\nThese were all done on Audacity, in my old living room in Medford.</p>", "posted_by": 3, "slug": "idea-bubbles-2005-2007", "published": true, "pub_date": "2009-04-09 08:29:35", "header_image": "", "name": "Idea Bubbles 2005-2007"}}, {"pk": 186, "model": "data.data", "fields": {"description": "", "posted_by": 5, "slug": "data-dog-record-release-show", "published": true, "pub_date": "2009-04-04 19:00:00", "header_image": "", "name": "Data Dog Record Release Show!"}}, {"pk": 124, "model": "data.data", "fields": {"description": "", "posted_by": 5, "slug": "quiet-one", "published": true, "pub_date": "2009-03-31 22:37:29", "header_image": "", "name": "Quiet One"}}, {"pk": 123, "model": "data.data", "fields": {"description": "The first inklings of a new idea.  It's called Filmi for now because part of the song is based on an Indian film song by RD Burman from the 70s. ", "posted_by": 5, "slug": "filmi", "published": true, "pub_date": "2009-03-30 20:59:36", "header_image": "", "name": "Filmi"}}, {"pk": 122, "model": "data.data", "fields": {"description": "<p>Part of the ongoing \"Ringtones 4 Teens\" series</p>", "posted_by": 5, "slug": "alarm-1", "published": false, "pub_date": "2009-03-24 23:43:43", "header_image": "", "name": "Alarm 1"}}, {"pk": 121, "model": "data.data", "fields": {"description": "", "posted_by": 5, "slug": "twin-sisters", "published": true, "pub_date": "2009-03-24 23:35:17", "header_image": "", "name": "Twin Sisters"}}, {"pk": 120, "model": "data.data", "fields": {"description": "", "posted_by": 5, "slug": "old-nectarine", "published": true, "pub_date": "2009-03-24 23:26:11", "header_image": "", "name": "Old Nectarine"}}, {"pk": 208, "model": "data.data", "fields": {"description": "<p>http://vimeo.com/3793476</p><p><a href=\"http://www.thepopguru.com/\">The Popular Guru</a> shot and edited this really nice video of us playing at the Lit Lounge a couple of weeks ago.  He's also put up <a href=\"http://www.flickr.com/photos/thepopguru/sets/72157615003571151/\">some photos on Flickr</a> that are worth a look.  First, pretty photos, and now pretty videos.  Lexis, we owe you a drink dude.</p>", "posted_by": 5, "slug": "live-video-photos-lit-lounge", "published": true, "pub_date": "2009-03-23 22:26:11", "header_image": "", "name": "Live Video + Photos from the Lit Lounge"}}, {"pk": 119, "model": "data.data", "fields": {"description": "Bryan wrote and recorded a new idea!", "posted_by": 5, "slug": "no-sleep", "published": true, "pub_date": "2009-03-17 17:30:49", "header_image": "", "name": "No Sleep"}}, {"pk": 118, "model": "data.data", "fields": {"description": "Eric and Bryan recorded a new idea.  It sounds like a sister song to \"Synth Jam.\"", "posted_by": 5, "slug": "smoke", "published": true, "pub_date": "2009-03-09 19:41:54", "header_image": "", "name": "Smoke"}}, {"pk": 184, "model": "data.data", "fields": {"description": "", "posted_by": 5, "slug": "lit-lounge", "published": true, "pub_date": "2009-03-07 20:00:00", "header_image": "", "name": "Lit Lounge"}}, {"pk": 209, "model": "data.data", "fields": {"description": "<a href=\"http://saidthegramophone.com\">Said the Gramophone</a>, one of my personal favorite music blogs, said some really nice things about our music on Monday.  You can read Sean's reactions to our music <a href=\"http://www.saidthegramophone.com/archives/twin_sister.php\">right here</a>.  The above image, is a screencap of our site traffic statistics the day after the writeup.  Pretty ridiculous.", "posted_by": 5, "slug": "write-said-gramophone", "published": true, "pub_date": "2009-03-04 17:01:39", "header_image": "uploads/images/Screenshot-1.png", "name": "Write up at Said the Gramophone"}}, {"pk": 185, "model": "data.data", "fields": {"description": "", "posted_by": 5, "slug": "the-stood-suny-purchase", "published": true, "pub_date": "2009-02-25 20:30:00", "header_image": "", "name": "The Stood (SUNY Purchase)"}}, {"pk": 210, "model": "data.data", "fields": {"description": "<p>shot by MIKE LUCIANO</p>http://www.youtube.com/watch?v=LijbpDExI3A", "posted_by": 4, "slug": "milk-honey-dba-2209", "published": true, "pub_date": "2009-02-21 22:50:55", "header_image": "", "name": "\"Milk & Honey\" @ DBA 2.2.09"}}, {"pk": 117, "model": "data.data", "fields": {"description": "We just figured out how to play this tonight.", "posted_by": 5, "slug": "all-around-and-away-we-go-2nd-demo", "published": true, "pub_date": "2009-02-09 00:50:26", "header_image": "", "name": "All Around and Away We Go (2nd Demo)"}}, {"pk": 211, "model": "data.data", "fields": {"description": "<p>Dude over at <a href=\"http://cigarettediaries.com/\">Cigarette Diaries</a> said some nice things about our Death by Audio show, and took pictures.  <a href=\"http://cigarettediaries.blogspot.com/2009/02/to-twin-sister.html\">Go read it!</a></p>", "posted_by": 5, "slug": "write-and-photos-cigarette-diaries", "published": true, "pub_date": "2009-02-06 14:36:21", "header_image": "uploads/images/guitar_02.jpg", "name": "Write up and Photos at Cigarette Diaries"}}, {"pk": 116, "model": "data.data", "fields": {"description": "", "posted_by": 5, "slug": "aquarellas1", "published": false, "pub_date": "2009-01-26 10:30:16", "header_image": "", "name": "Aquarellas"}}, {"pk": 115, "model": "data.data", "fields": {"description": "", "posted_by": 5, "slug": "dry-hump", "published": false, "pub_date": "2009-01-26 10:29:39", "header_image": "", "name": "Dry Hump"}}, {"pk": 102, "model": "data.data", "fields": {"description": "", "posted_by": 5, "slug": "la-la-ya", "published": true, "pub_date": "2009-01-26 10:29:00", "header_image": "", "name": "La La Ya"}}, {"pk": 110, "model": "data.data", "fields": {"description": "", "posted_by": 5, "slug": "i-want-a-house1", "published": false, "pub_date": "2009-01-26 10:28:25", "header_image": "", "name": "I Want a House"}}, {"pk": 109, "model": "data.data", "fields": {"description": "", "posted_by": 5, "slug": "new-suit", "published": false, "pub_date": "2009-01-26 10:27:40", "header_image": "", "name": "New Suit"}}, {"pk": 108, "model": "data.data", "fields": {"description": "", "posted_by": 5, "slug": "other-side-of-your-face", "published": false, "pub_date": "2009-01-26 10:26:44", "header_image": "", "name": "Other Side of Your Face"}}, {"pk": 162, "model": "data.data", "fields": {"description": "Recorded on a cassette by Eric.  He was smart enough to use a 45 min per side tape this time, so we have the whole set.", "posted_by": 5, "slug": "suny-purchase-012309", "published": true, "pub_date": "2009-01-26 10:26:10", "header_image": "", "name": "SUNY Purchase (01/23/09)"}}, {"pk": 182, "model": "data.data", "fields": {"description": "", "posted_by": 5, "slug": "the-stood-at-suny-purchase", "published": true, "pub_date": "2009-01-23 20:00:00", "header_image": "", "name": "The Stood at SUNY Purchase"}}, {"pk": 183, "model": "data.data", "fields": {"description": "", "posted_by": 5, "slug": "death-by-audio", "published": true, "pub_date": "2009-01-23 00:43:02", "header_image": "uploads/images/twinsisterxf5.jpg", "name": "Death By Audio"}}, {"pk": 181, "model": "data.data", "fields": {"description": "", "posted_by": 5, "slug": "superfine1", "published": true, "pub_date": "2009-01-09 14:53:20", "header_image": "uploads/images/superfine_flyer.jpg", "name": "Superfine"}}, {"pk": 104, "model": "data.data", "fields": {"description": "Here is another one we have been working on for our shows coming up. This will be re-recorded with vocals soon. The bass was actually a separate song with the solo melody as the vocal melody, so we separated that and then put it together with an older song I had written. ", "posted_by": 3, "slug": "la-la-ya1", "published": false, "pub_date": "2008-12-30 18:08:14", "header_image": "", "name": "La la ya"}}, {"pk": 103, "model": "data.data", "fields": {"description": "Since we started updating the site I've been waiting for Gabe to put up this amazing idea.  He hasn't joined in on the fun yet, so I'm putting it up for him.  We've been working on this one quite a bit at practice, it's going to be a jam!", "posted_by": 5, "slug": "synth-jam", "published": true, "pub_date": "2008-12-27 04:35:47", "header_image": "", "name": "Synth Jam"}}, {"pk": 113, "model": "data.data", "fields": {"description": "I was really sick when I sang this, apologies.  This one sounds really fun when we play it together.", "posted_by": 5, "slug": "new-suit1", "published": true, "pub_date": "2008-12-27 04:22:37", "header_image": "", "name": "New Suit"}}, {"pk": 114, "model": "data.data", "fields": {"description": "Gabe, Bryan, Eric, and I practiced together for the first time in months.  Even though Andrea wasn't around we managed to work on a lot.  The following recording is an excerpt from our space jam for the day.  I lost my space jam virginity.  It was special, intense, and over too soon.", "posted_by": 5, "slug": "space-jam-12-22-08", "published": true, "pub_date": "2008-12-23 01:30:01", "header_image": "", "name": "Space Jam (12/22/08)"}}, {"pk": 107, "model": "data.data", "fields": {"description": "Two years ago when I got this computer and recorded this song, I had recorded myself testing keyboard sounds after the track for about 7 minutes on accident.  I don't remember when or how the decision was made to build around that. You really ought to use headphones, it's much much better I think. I mixed the song a tad different too. ", "posted_by": 3, "slug": "dry-hump-extended-version", "published": true, "pub_date": "2008-12-19 21:13:28", "header_image": "", "name": "Dry Hump (Extended Version)"}}, {"pk": 112, "model": "data.data", "fields": {"description": "I recorded and wrote this in an hour or so after I got this sweet new Moog softsynth.  It's pretty obvious that I'm really excited about new keyboard sounds in this song.  It's a little goofy, but it was fun.", "posted_by": 5, "slug": "body-feels-strong", "published": true, "pub_date": "2008-12-10 21:48:33", "header_image": "", "name": "Body Feels Strong"}}, {"pk": 111, "model": "data.data", "fields": {"description": "The white bread version of \"All Around and Away We Go\". Just finished it now. ", "posted_by": 3, "slug": "white-bread", "published": true, "pub_date": "2008-12-08 23:29:55", "header_image": "", "name": "White Bread"}}, {"pk": 106, "model": "data.data", "fields": {"description": "<p>I don't know why this is called \"#6\". It's been named that way since I first recorded it. This melody has been through a couple different incarnations, including a more upbeat girl-group esque version. Feeling cramped as in that style, here it is as a lulled instrumental. It may stay this way, just cleaned up and re-tracked and everything. </p>", "posted_by": 3, "slug": "6-demo", "published": true, "pub_date": "2008-12-08 14:11:02", "header_image": "", "name": "#6 (demo)"}}, {"pk": 105, "model": "data.data", "fields": {"description": "In the summer of 2008 Eric and I began to experiment with guitar/keyboard loops.  One day, we had a loop I had made repeating in the room next to us and Eric noticed a simple kick and snare beat that could work.  After tracking drums and some bass, I then added a delayed keyboard track as well as an electric guitar track.  The title is taken from a song Udbhav had recorded about three years ago called \"We Are Five.\"  For our upcoming full length album, we intend on re-tracking this and using the lead vocal part of \"We Are Five\" to create (we are seven?)  I don't know.  Either way, here it is!", "posted_by": 2, "slug": "we-are-two", "published": true, "pub_date": "2008-12-07 14:16:31", "header_image": "", "name": "We Are Two"}}, {"pk": 101, "model": "data.data", "fields": {"description": "This here is a new song Andrea and I wrote about two months ago. This recording happened quickly, as it's only bass drums and some keyboards added by Bryan and Dev. There is a good chance a final version of this one will end up a B side to a single we'd like to release after the new year. ", "posted_by": 3, "slug": "all-around-and-away-we-go-demo", "published": true, "pub_date": "2008-12-06 17:02:55", "header_image": "", "name": "All Around And Away We Go (demo)"}}, {"pk": 100, "model": "data.data", "fields": {"description": "", "posted_by": 5, "slug": "aquarellas", "published": false, "pub_date": "2008-12-05 18:44:41", "header_image": "", "name": "Aquarellas"}}, {"pk": 163, "model": "data.data", "fields": {"description": "We played this show in our man band formation.", "posted_by": 5, "slug": "live-silent-barn-072108", "published": true, "pub_date": "2008-12-05 12:02:02", "header_image": "", "name": "Live at the Silent Barn (07/21/08)"}}, {"pk": 99, "model": "data.data", "fields": {"description": "", "posted_by": 5, "slug": "be-kind-to-your-conscience", "published": false, "pub_date": "2008-12-05 12:00:35", "header_image": "", "name": "Be Kind to Your Conscience"}}, {"pk": 98, "model": "data.data", "fields": {"description": "", "posted_by": 5, "slug": "i-want-a-house", "published": false, "pub_date": "2008-12-05 11:57:41", "header_image": "", "name": "I Want a House"}}, {"pk": 97, "model": "data.data", "fields": {"description": "", "posted_by": 5, "slug": "great-girl", "published": false, "pub_date": "2008-12-05 11:52:53", "header_image": "", "name": "Great Girl"}}, {"pk": 96, "model": "data.data", "fields": {"description": "", "posted_by": 5, "slug": "daniel", "published": false, "pub_date": "2008-12-05 11:49:55", "header_image": "", "name": "Daniel"}}, {"pk": 95, "model": "data.data", "fields": {"description": "", "posted_by": 5, "slug": "we-are-four", "published": false, "pub_date": "2008-12-05 11:45:42", "header_image": "", "name": "We Are Four"}}, {"pk": 94, "model": "data.data", "fields": {"description": "", "posted_by": 5, "slug": "nectarine", "published": false, "pub_date": "2008-12-05 11:43:29", "header_image": "", "name": "Nectarine"}}, {"pk": 213, "model": "data.data", "fields": {"description": "", "posted_by": 5, "slug": "vampires-dreaming-kids-gallery", "published": true, "pub_date": "2008-11-07 21:58:01", "header_image": "", "name": "Vampires with Dreaming Kids"}}, {"pk": 212, "model": "data.data", "fields": {"description": "<p>Our first EP.</p>", "posted_by": 5, "slug": "vampires-dreaming-kids", "published": true, "pub_date": "2008-11-07 21:40:05", "header_image": "uploads/images/ep_cover.jpg", "name": "Vampires with Dreaming Kids"}}, {"pk": 198, "model": "data.data", "fields": {"description": "", "posted_by": 5, "slug": "nectarine-ep", "published": false, "pub_date": "2008-11-06 16:49:11", "header_image": "", "name": "Nectarine"}}, {"pk": 197, "model": "data.data", "fields": {"description": "", "posted_by": 5, "slug": "ginger-ep", "published": false, "pub_date": "2008-11-06 16:49:11", "header_image": "", "name": "Ginger"}}, {"pk": 196, "model": "data.data", "fields": {"description": "", "posted_by": 5, "slug": "dry-hump-ep", "published": false, "pub_date": "2008-11-01 16:49:11", "header_image": "", "name": "Dry Hump"}}, {"pk": 1, "model": "people.person", "fields": {"url": "", "name": "Andrea Estella", "email": ""}}, {"pk": 2, "model": "people.person", "fields": {"url": "", "name": "Bryan Ujueta", "email": ""}}, {"pk": 9, "model": "people.person", "fields": {"url": "", "name": "Casio CTK-150", "email": ""}}, {"pk": 7, "model": "people.person", "fields": {"url": "http://www.myspace.com/ponyguts", "name": "Dena Zilber", "email": ""}}, {"pk": 3, "model": "people.person", "fields": {"url": "", "name": "Eric Cardona", "email": ""}}, {"pk": 4, "model": "people.person", "fields": {"url": "", "name": "Gabel D'Amico", "email": ""}}, {"pk": 13, "model": "people.person", "fields": {"url": "", "name": "gohng", "email": ""}}, {"pk": 16, "model": "people.person", "fields": {"url": "", "name": "Joe", "email": ""}}, {"pk": 15, "model": "people.person", "fields": {"url": "", "name": "Jonny ", "email": ""}}, {"pk": 11, "model": "people.person", "fields": {"url": "", "name": "Luna", "email": ""}}, {"pk": 6, "model": "people.person", "fields": {"url": "http://cigarettediaries.com/", "name": "The Popular Guru", "email": ""}}, {"pk": 12, "model": "people.person", "fields": {"url": "", "name": "Traditional", "email": ""}}, {"pk": 14, "model": "people.person", "fields": {"url": "", "name": "Twin Sister", "email": ""}}, {"pk": 5, "model": "people.person", "fields": {"url": "", "name": "Udbhav Gupta", "email": ""}}, {"pk": 30, "model": "people.band", "fields": {"url": "http://www.myspace.com/avalunaband", "name": "Ava Luna", "members": []}}, {"pk": 25, "model": "people.band", "fields": {"url": "http://myspace.com/battleaveteaclub", "name": "Battle Ave Tea Club", "members": []}}, {"pk": 43, "model": "people.band", "fields": {"url": "http://www.myspace.com/inbigtroubles", "name": "Big Troubles", "members": []}}, {"pk": 22, "model": "people.band", "fields": {"url": "", "name": "Bodies", "members": []}}, {"pk": 3, "model": "people.band", "fields": {"url": "http://cameraheadshark.com/", "name": "Camera-Head Shark", "members": []}}, {"pk": 29, "model": "people.band", "fields": {"url": "http://www.myspace.com/cloudproductions", "name": "Cloud.", "members": []}}, {"pk": 28, "model": "people.band", "fields": {"url": "http://www.myspace.com/dangerousponies", "name": "Dangerous Ponies", "members": []}}, {"pk": 10, "model": "people.band", "fields": {"url": "http://www.myspace.com/datadogmusic", "name": "Data Dog", "members": []}}, {"pk": 19, "model": "people.band", "fields": {"url": "http://www.myspace.com/newyorkdrain", "name": "Drain You", "members": []}}, {"pk": 37, "model": "people.band", "fields": {"url": "", "name": "Duck Duck", "members": []}}, {"pk": 36, "model": "people.band", "fields": {"url": "http://www.myspace.com/eartheaternyc", "name": "Eartheater", "members": []}}, {"pk": 44, "model": "people.band", "fields": {"url": "http://www.myspace.com/floweroffleshandbloodband", "name": "Flower of Flesh and Blood", "members": []}}, {"pk": 26, "model": "people.band", "fields": {"url": "http://www.myspace.com/johnksongs", "name": "gohng", "members": []}}, {"pk": 15, "model": "people.band", "fields": {"url": "http://www.myspace.com/hornyvamp", "name": "Horny Vampyre", "members": []}}, {"pk": 20, "model": "people.band", "fields": {"url": "", "name": "Jesse Cooper Levy", "members": []}}, {"pk": 31, "model": "people.band", "fields": {"url": "http://www.myspace.com/kcquilty", "name": "KC Quilty", "members": []}}, {"pk": 8, "model": "people.band", "fields": {"url": "http://www.myspace.com/mrkylegilbride", "name": "Kyle Gilbride", "members": []}}, {"pk": 11, "model": "people.band", "fields": {"url": "http://www.myspace.com/lerug", "name": "Le Rug", "members": []}}, {"pk": 7, "model": "people.band", "fields": {"url": "http://www.myspace.com/lightningpawmusic", "name": "Lightning Paw", "members": []}}, {"pk": 32, "model": "people.band", "fields": {"url": "http://www.myspace.com/lostboy", "name": "Lost Boy", "members": []}}, {"pk": 17, "model": "people.band", "fields": {"url": "", "name": "Michael Jordan", "members": []}}, {"pk": 16, "model": "people.band", "fields": {"url": "", "name": "Pat King and His Beastiality Complex", "members": []}}, {"pk": 27, "model": "people.band", "fields": {"url": "http://www.myspace.com/postpostmusic", "name": "Post Post", "members": []}}, {"pk": 41, "model": "people.band", "fields": {"url": "", "name": "Psychic Friend", "members": []}}, {"pk": 40, "model": "people.band", "fields": {"url": "", "name": "Psychic Friends", "members": []}}, {"pk": 24, "model": "people.band", "fields": {"url": "http://myspace.com/letsrockthebeach", "name": "Real Estate", "members": []}}, {"pk": 35, "model": "people.band", "fields": {"url": "http://www.myspace.com/riflerecoil", "name": "Rifle Recoil", "members": []}}, {"pk": 34, "model": "people.band", "fields": {"url": "http://www.myspace.com/samrosen", "name": "Sam Buck Rosen", "members": []}}, {"pk": 18, "model": "people.band", "fields": {"url": "http://www.myspace.com/screwedagainhc", "name": "Screwed Again!", "members": []}}, {"pk": 21, "model": "people.band", "fields": {"url": "http://www.myspace.com/slowestrunnerinalltheworld", "name": "Slowest Runner", "members": []}}, {"pk": 42, "model": "people.band", "fields": {"url": "http://www.myspace.com/softlandings", "name": "Soft Landings", "members": []}}, {"pk": 39, "model": "people.band", "fields": {"url": "http://www.myspace.com/doormennyc", "name": "The Doormen", "members": []}}, {"pk": 9, "model": "people.band", "fields": {"url": "http://www.myspace.com/genuineimitations", "name": "The Genuine Imitations", "members": []}}, {"pk": 13, "model": "people.band", "fields": {"url": "", "name": "The Jurks", "members": []}}, {"pk": 2, "model": "people.band", "fields": {"url": "http://thekitchencabinet.net/", "name": "The Kitchen Cabinet", "members": []}}, {"pk": 14, "model": "people.band", "fields": {"url": "", "name": "The Shakes", "members": []}}, {"pk": 4, "model": "people.band", "fields": {"url": "http://www.myspace.com/theterrorpigeondancerevolt", "name": "The Terror Pigeon Dance Revolt", "members": []}}, {"pk": 1, "model": "people.band", "fields": {"url": "http://twinsistermusic.com/", "name": "Twin Sister", "members": [1, 2, 3, 4, 5]}}, {"pk": 33, "model": "people.band", "fields": {"url": "http://www.whitehinterland.com/", "name": "White Hinterland", "members": []}}, {"pk": 23, "model": "people.band", "fields": {"url": "http://myspace.com/woodsfamilyband", "name": "Woods", "members": []}}, {"pk": 38, "model": "people.band", "fields": {"url": "http://www.myspace.com/youngbuffalo", "name": "Young Buffalo", "members": []}}, {"pk": 12, "model": "people.band", "fields": {"url": "http://www.myspace.com/zonamexicana", "name": "Zona Mexicana", "members": []}}, {"pk": 1, "model": "events.venue", "fields": {"name": "Superfine", "address": "126 Front Street, Brooklyn, NY"}}, {"pk": 3, "model": "events.venue", "fields": {"name": "Death By Audio", "address": "49 South 2nd Street, Brooklyn, NY"}}, {"pk": 7, "model": "events.venue", "fields": {"name": "Lit Lounge", "address": "93 2nd Ave. New York, NY"}}, {"pk": 8, "model": "events.venue", "fields": {"name": "Lulu's Village Pub", "address": "1509 Main Street, Port Jefferson, NY 11777"}}, {"pk": 9, "model": "events.venue", "fields": {"name": "SUNY Purchase", "address": "735 Anderson Hill Rd, Purchase, NY"}}, {"pk": 10, "model": "events.venue", "fields": {"name": "Bruar Falls", "address": "245 Grand St Brooklyn, NY 11211"}}, {"pk": 11, "model": "events.venue", "fields": {"name": "Silent Barn", "address": "9-15 Wyckoff Ave, Queens, NY"}}, {"pk": 12, "model": "events.venue", "fields": {"name": "The Clipper City Sailboat", "address": "Pier 17 Southstreet Seaport, New York, New York"}}, {"pk": 13, "model": "events.venue", "fields": {"name": "Once and For All", "address": "8 E. Main Street, Patchogue, New York 11772"}}, {"pk": 14, "model": "events.venue", "fields": {"name": "George's Backyard", "address": "29 Norton St, Patchogue, New York 11772"}}, {"pk": 15, "model": "events.venue", "fields": {"name": "Haverford College", "address": "794 College Ave, Haverford, PA"}}, {"pk": 16, "model": "events.venue", "fields": {"name": "Don Pedro", "address": "90 Manhattan Ave Brooklyn, NY 11206-2501"}}, {"pk": 17, "model": "events.venue", "fields": {"name": "Cake Shop", "address": "152 Ludlow St, New York, NY"}}, {"pk": 18, "model": "events.venue", "fields": {"name": "The Tank", "address": "354 West 45th Street, New York NY"}}, {"pk": 19, "model": "events.venue", "fields": {"name": "Monkeytown", "address": "58 N 3rd St Brooklyn, NY 11211"}}, {"pk": 181, "model": "events.show", "fields": {"bands": [], "show_date": "2009-01-14 19:00:00", "venue": 1, "cost": "Free"}}, {"pk": 182, "model": "events.show", "fields": {"bands": [10, 19, 15, 20, 8, 11, 7, 17, 16, 18, 9, 13, 14, 4, 12], "show_date": "2009-01-23 20:00:00", "venue": 9, "cost": "Free."}}, {"pk": 183, "model": "events.show", "fields": {"bands": [10, 8, 4], "show_date": "2009-02-02 20:00:00", "venue": 3, "cost": ""}}, {"pk": 185, "model": "events.show", "fields": {"bands": [25, 24, 23], "show_date": "2009-02-25 20:30:00", "venue": 9, "cost": "Free!"}}, {"pk": 184, "model": "events.show", "fields": {"bands": [22, 21], "show_date": "2009-03-07 20:00:00", "venue": 7, "cost": "$6"}}, {"pk": 186, "model": "events.show", "fields": {"bands": [10], "show_date": "2009-04-04 19:00:00", "venue": 9, "cost": "Free!"}}, {"pk": 187, "model": "events.show", "fields": {"bands": [3], "show_date": "2009-04-09 20:30:00", "venue": 7, "cost": "$6"}}, {"pk": 188, "model": "events.show", "fields": {"bands": [], "show_date": "2009-05-01 20:00:00", "venue": 8, "cost": ""}}, {"pk": 189, "model": "events.show", "fields": {"bands": [], "show_date": "2009-10-10 19:00:00", "venue": 9, "cost": ""}}, {"pk": 195, "model": "events.show", "fields": {"bands": [34, 33], "show_date": "2009-10-15 20:00:00", "venue": 10, "cost": ""}}, {"pk": 191, "model": "events.show", "fields": {"bands": [29], "show_date": "2009-10-15 20:00:00", "venue": 11, "cost": ""}}, {"pk": 194, "model": "events.show", "fields": {"bands": [3], "show_date": "2009-10-30 20:00:00", "venue": 13, "cost": ""}}, {"pk": 193, "model": "events.show", "fields": {"bands": [3, 32], "show_date": "2009-10-31 19:00:00", "venue": 14, "cost": ""}}, {"pk": 223, "model": "events.show", "fields": {"bands": [37, 36, 35], "show_date": "2009-11-18 20:00:00", "venue": 16, "cost": ""}}, {"pk": 190, "model": "events.show", "fields": {"bands": [28, 27], "show_date": "2009-11-21 19:00:00", "venue": 15, "cost": ""}}, {"pk": 227, "model": "events.show", "fields": {"bands": [29, 10, 32], "show_date": "2009-12-15 20:00:00", "venue": 16, "cost": "Free"}}, {"pk": 226, "model": "events.show", "fields": {"bands": [39], "show_date": "2009-12-27 20:00:00", "venue": 16, "cost": "Free"}}, {"pk": 225, "model": "events.show", "fields": {"bands": [], "show_date": "2010-01-15 20:00:00", "venue": 10, "cost": "Free"}}, {"pk": 232, "model": "events.show", "fields": {"bands": [43, 44, 42], "show_date": "2010-01-23 20:00:00", "venue": 19, "cost": "$5"}}, {"pk": 230, "model": "events.show", "fields": {"bands": [10], "show_date": "2010-02-06 20:00:00", "venue": 18, "cost": ""}}, {"pk": 231, "model": "music.musicdata", "fields": {"official": false, "artwork": null}}, {"pk": 228, "model": "music.musicdata", "fields": {"official": false, "artwork": null}}, {"pk": 224, "model": "music.musicdata", "fields": {"official": false, "artwork": null}}, {"pk": 216, "model": "music.musicdata", "fields": {"official": false, "artwork": null}}, {"pk": 218, "model": "music.musicdata", "fields": {"official": false, "artwork": null}}, {"pk": 217, "model": "music.musicdata", "fields": {"official": false, "artwork": null}}, {"pk": 220, "model": "music.musicdata", "fields": {"official": false, "artwork": null}}, {"pk": 215, "model": "music.musicdata", "fields": {"official": false, "artwork": null}}, {"pk": 219, "model": "music.musicdata", "fields": {"official": false, "artwork": null}}, {"pk": 202, "model": "music.musicdata", "fields": {"official": false, "artwork": null}}, {"pk": 205, "model": "music.musicdata", "fields": {"official": false, "artwork": null}}, {"pk": 206, "model": "music.musicdata", "fields": {"official": false, "artwork": null}}, {"pk": 199, "model": "music.musicdata", "fields": {"official": true, "artwork": null}}, {"pk": 161, "model": "music.musicdata", "fields": {"official": false, "artwork": null}}, {"pk": 160, "model": "music.musicdata", "fields": {"official": false, "artwork": null}}, {"pk": 159, "model": "music.musicdata", "fields": {"official": false, "artwork": null}}, {"pk": 158, "model": "music.musicdata", "fields": {"official": false, "artwork": null}}, {"pk": 157, "model": "music.musicdata", "fields": {"official": false, "artwork": null}}, {"pk": 156, "model": "music.musicdata", "fields": {"official": false, "artwork": null}}, {"pk": 155, "model": "music.musicdata", "fields": {"official": false, "artwork": null}}, {"pk": 153, "model": "music.musicdata", "fields": {"official": false, "artwork": null}}, {"pk": 154, "model": "music.musicdata", "fields": {"official": false, "artwork": null}}, {"pk": 149, "model": "music.musicdata", "fields": {"official": false, "artwork": null}}, {"pk": 152, "model": "music.musicdata", "fields": {"official": false, "artwork": null}}, {"pk": 150, "model": "music.musicdata", "fields": {"official": false, "artwork": null}}, {"pk": 148, "model": "music.musicdata", "fields": {"official": false, "artwork": null}}, {"pk": 147, "model": "music.musicdata", "fields": {"official": false, "artwork": null}}, {"pk": 146, "model": "music.musicdata", "fields": {"official": false, "artwork": null}}, {"pk": 145, "model": "music.musicdata", "fields": {"official": false, "artwork": null}}, {"pk": 144, "model": "music.musicdata", "fields": {"official": false, "artwork": null}}, {"pk": 143, "model": "music.musicdata", "fields": {"official": false, "artwork": null}}, {"pk": 142, "model": "music.musicdata", "fields": {"official": false, "artwork": null}}, {"pk": 141, "model": "music.musicdata", "fields": {"official": false, "artwork": null}}, {"pk": 140, "model": "music.musicdata", "fields": {"official": false, "artwork": null}}, {"pk": 139, "model": "music.musicdata", "fields": {"official": false, "artwork": null}}, {"pk": 138, "model": "music.musicdata", "fields": {"official": false, "artwork": null}}, {"pk": 137, "model": "music.musicdata", "fields": {"official": false, "artwork": null}}, {"pk": 136, "model": "music.musicdata", "fields": {"official": false, "artwork": null}}, {"pk": 135, "model": "music.musicdata", "fields": {"official": false, "artwork": null}}, {"pk": 134, "model": "music.musicdata", "fields": {"official": false, "artwork": null}}, {"pk": 133, "model": "music.musicdata", "fields": {"official": false, "artwork": null}}, {"pk": 132, "model": "music.musicdata", "fields": {"official": false, "artwork": null}}, {"pk": 131, "model": "music.musicdata", "fields": {"official": false, "artwork": null}}, {"pk": 130, "model": "music.musicdata", "fields": {"official": false, "artwork": null}}, {"pk": 129, "model": "music.musicdata", "fields": {"official": false, "artwork": null}}, {"pk": 128, "model": "music.musicdata", "fields": {"official": false, "artwork": null}}, {"pk": 127, "model": "music.musicdata", "fields": {"official": false, "artwork": null}}, {"pk": 126, "model": "music.musicdata", "fields": {"official": false, "artwork": null}}, {"pk": 125, "model": "music.musicdata", "fields": {"official": false, "artwork": null}}, {"pk": 164, "model": "music.musicdata", "fields": {"official": false, "artwork": null}}, {"pk": 124, "model": "music.musicdata", "fields": {"official": false, "artwork": null}}, {"pk": 123, "model": "music.musicdata", "fields": {"official": false, "artwork": null}}, {"pk": 122, "model": "music.musicdata", "fields": {"official": false, "artwork": null}}, {"pk": 121, "model": "music.musicdata", "fields": {"official": false, "artwork": null}}, {"pk": 120, "model": "music.musicdata", "fields": {"official": false, "artwork": null}}, {"pk": 119, "model": "music.musicdata", "fields": {"official": false, "artwork": null}}, {"pk": 118, "model": "music.musicdata", "fields": {"official": false, "artwork": null}}, {"pk": 117, "model": "music.musicdata", "fields": {"official": false, "artwork": null}}, {"pk": 116, "model": "music.musicdata", "fields": {"official": false, "artwork": null}}, {"pk": 115, "model": "music.musicdata", "fields": {"official": false, "artwork": null}}, {"pk": 102, "model": "music.musicdata", "fields": {"official": false, "artwork": null}}, {"pk": 110, "model": "music.musicdata", "fields": {"official": false, "artwork": null}}, {"pk": 109, "model": "music.musicdata", "fields": {"official": false, "artwork": null}}, {"pk": 108, "model": "music.musicdata", "fields": {"official": false, "artwork": null}}, {"pk": 162, "model": "music.musicdata", "fields": {"official": false, "artwork": null}}, {"pk": 104, "model": "music.musicdata", "fields": {"official": false, "artwork": null}}, {"pk": 103, "model": "music.musicdata", "fields": {"official": false, "artwork": null}}, {"pk": 113, "model": "music.musicdata", "fields": {"official": false, "artwork": null}}, {"pk": 114, "model": "music.musicdata", "fields": {"official": false, "artwork": null}}, {"pk": 107, "model": "music.musicdata", "fields": {"official": false, "artwork": null}}, {"pk": 112, "model": "music.musicdata", "fields": {"official": false, "artwork": null}}, {"pk": 111, "model": "music.musicdata", "fields": {"official": false, "artwork": null}}, {"pk": 106, "model": "music.musicdata", "fields": {"official": false, "artwork": null}}, {"pk": 105, "model": "music.musicdata", "fields": {"official": false, "artwork": null}}, {"pk": 101, "model": "music.musicdata", "fields": {"official": false, "artwork": null}}, {"pk": 100, "model": "music.musicdata", "fields": {"official": false, "artwork": null}}, {"pk": 163, "model": "music.musicdata", "fields": {"official": false, "artwork": null}}, {"pk": 99, "model": "music.musicdata", "fields": {"official": false, "artwork": null}}, {"pk": 98, "model": "music.musicdata", "fields": {"official": false, "artwork": null}}, {"pk": 97, "model": "music.musicdata", "fields": {"official": false, "artwork": null}}, {"pk": 96, "model": "music.musicdata", "fields": {"official": false, "artwork": null}}, {"pk": 95, "model": "music.musicdata", "fields": {"official": false, "artwork": null}}, {"pk": 94, "model": "music.musicdata", "fields": {"official": true, "artwork": null}}, {"pk": 212, "model": "music.musicdata", "fields": {"official": true, "artwork": 213}}, {"pk": 198, "model": "music.musicdata", "fields": {"official": false, "artwork": null}}, {"pk": 197, "model": "music.musicdata", "fields": {"official": true, "artwork": null}}, {"pk": 196, "model": "music.musicdata", "fields": {"official": true, "artwork": null}}, {"pk": 106, "model": "music.song", "fields": {"composers": [], "track_number": null, "band": 1, "file": "uploads/music/6.mp3", "newer_version": null, "older_version": null}}, {"pk": 122, "model": "music.song", "fields": {"composers": [], "track_number": null, "band": 1, "file": "uploads/music/Alarm1.mp3", "newer_version": null, "older_version": null}}, {"pk": 215, "model": "music.song", "fields": {"composers": [9], "track_number": null, "band": 1, "file": "uploads/music/Alarm_2.mp3", "newer_version": null, "older_version": null}}, {"pk": 117, "model": "music.song", "fields": {"composers": [], "track_number": null, "band": 1, "file": "uploads/music/all_around_and_away_we_go_demo2.mp3", "newer_version": null, "older_version": null}}, {"pk": 101, "model": "music.song", "fields": {"composers": [], "track_number": null, "band": 1, "file": "uploads/music/All_Around_and_Away_We_Go.mp3", "newer_version": null, "older_version": null}}, {"pk": 149, "model": "music.song", "fields": {"composers": [], "track_number": null, "band": 1, "file": "uploads/music/All_My_Trials.mp3", "newer_version": null, "older_version": null}}, {"pk": 153, "model": "music.song", "fields": {"composers": [], "track_number": null, "band": 1, "file": "uploads/music/Lit_Lounge.mp3", "newer_version": null, "older_version": null}}, {"pk": 116, "model": "music.song", "fields": {"composers": [], "track_number": 6, "band": 1, "file": "uploads/music/06_Aquarellas.mp3", "newer_version": null, "older_version": null}}, {"pk": 100, "model": "music.song", "fields": {"composers": [], "track_number": 5, "band": 1, "file": "uploads/music/05_Aquarellas.mp3", "newer_version": null, "older_version": null}}, {"pk": 142, "model": "music.song", "fields": {"composers": [], "track_number": null, "band": 1, "file": "uploads/music/Ave_Isobelle.mp3", "newer_version": null, "older_version": null}}, {"pk": 99, "model": "music.song", "fields": {"composers": [], "track_number": 7, "band": 1, "file": "uploads/music/07_Be_Kind_to_Your_Conscience.mp3", "newer_version": null, "older_version": null}}, {"pk": 112, "model": "music.song", "fields": {"composers": [], "track_number": null, "band": 1, "file": "uploads/music/body_feels_strong.mp3", "newer_version": null, "older_version": null}}, {"pk": 125, "model": "music.song", "fields": {"composers": [], "track_number": 1, "band": 1, "file": "uploads/music/idea_bubble1.mp3", "newer_version": null, "older_version": null}}, {"pk": 132, "model": "music.song", "fields": {"composers": [], "track_number": null, "band": 1, "file": "uploads/music/idea_bubble10.mp3", "newer_version": null, "older_version": null}}, {"pk": 133, "model": "music.song", "fields": {"composers": [], "track_number": null, "band": 1, "file": "uploads/music/idea_bubble13.mp3", "newer_version": null, "older_version": null}}, {"pk": 134, "model": "music.song", "fields": {"composers": [], "track_number": null, "band": 1, "file": "uploads/music/idea_bubble14.mp3", "newer_version": null, "older_version": null}}, {"pk": 135, "model": "music.song", "fields": {"composers": [], "track_number": null, "band": 1, "file": "uploads/music/idea_bubble15.mp3", "newer_version": null, "older_version": null}}, {"pk": 136, "model": "music.song", "fields": {"composers": [], "track_number": null, "band": 1, "file": "uploads/music/idea_bubble16new.mp3", "newer_version": null, "older_version": null}}, {"pk": 137, "model": "music.song", "fields": {"composers": [], "track_number": null, "band": 1, "file": "uploads/music/idea_bubble17.mp3", "newer_version": null, "older_version": null}}, {"pk": 138, "model": "music.song", "fields": {"composers": [], "track_number": null, "band": 1, "file": "uploads/music/idea_bubble18.mp3", "newer_version": null, "older_version": null}}, {"pk": 139, "model": "music.song", "fields": {"composers": [], "track_number": null, "band": 1, "file": "uploads/music/idea_bubble19.mp3", "newer_version": null, "older_version": null}}, {"pk": 140, "model": "music.song", "fields": {"composers": [], "track_number": null, "band": 1, "file": "uploads/music/idea_bubble_20.mp3", "newer_version": null, "older_version": null}}, {"pk": 141, "model": "music.song", "fields": {"composers": [], "track_number": null, "band": 1, "file": "uploads/music/Melonie_Belle.mp3", "newer_version": null, "older_version": null}}, {"pk": 126, "model": "music.song", "fields": {"composers": [], "track_number": 2, "band": 1, "file": "uploads/music/idea_bubble3.mp3", "newer_version": null, "older_version": null}}, {"pk": 127, "model": "music.song", "fields": {"composers": [], "track_number": 4, "band": 1, "file": "uploads/music/idea_bubble5.mp3", "newer_version": null, "older_version": null}}, {"pk": 128, "model": "music.song", "fields": {"composers": [], "track_number": 5, "band": 1, "file": "uploads/music/idea_bubble6.mp3", "newer_version": null, "older_version": null}}, {"pk": 129, "model": "music.song", "fields": {"composers": [], "track_number": 6, "band": 1, "file": "uploads/music/idea_bubble7.mp3", "newer_version": null, "older_version": null}}, {"pk": 130, "model": "music.song", "fields": {"composers": [], "track_number": null, "band": 1, "file": "uploads/music/idea_bubble8.mp3", "newer_version": null, "older_version": null}}, {"pk": 131, "model": "music.song", "fields": {"composers": [], "track_number": null, "band": 1, "file": "uploads/music/idea_bubble9.mp3", "newer_version": null, "older_version": null}}, {"pk": 158, "model": "music.song", "fields": {"composers": [], "track_number": null, "band": 1, "file": "uploads/music/Chewy_in_the_Stars2.mp3", "newer_version": null, "older_version": null}}, {"pk": 160, "model": "music.song", "fields": {"composers": [], "track_number": null, "band": 1, "file": "uploads/music/Compromise.mp3", "newer_version": null, "older_version": null}}, {"pk": 96, "model": "music.song", "fields": {"composers": [], "track_number": 3, "band": 1, "file": "uploads/music/03_Daniel.mp3", "newer_version": null, "older_version": null}}, {"pk": 143, "model": "music.song", "fields": {"composers": [], "track_number": null, "band": 1, "file": "uploads/music/Digital_Hate.mp3", "newer_version": null, "older_version": null}}, {"pk": 115, "model": "music.song", "fields": {"composers": [], "track_number": 5, "band": 1, "file": "uploads/music/05_Dry_Hump.mp3", "newer_version": null, "older_version": null}}, {"pk": 196, "model": "music.song", "fields": {"composers": [], "track_number": 1, "band": 1, "file": "uploads/music/dry_hump.mp3", "newer_version": null, "older_version": null}}, {"pk": 107, "model": "music.song", "fields": {"composers": [], "track_number": null, "band": 1, "file": "uploads/music/Dry_Hump_REMIXX_1.mp3", "newer_version": null, "older_version": null}}, {"pk": 224, "model": "music.song", "fields": {"composers": [2, 3], "track_number": null, "band": 1, "file": "uploads/music/Eastern_Green_Demo.mp3", "newer_version": null, "older_version": null}}, {"pk": 123, "model": "music.song", "fields": {"composers": [], "track_number": null, "band": 1, "file": "uploads/music/filmi.mp3", "newer_version": null, "older_version": null}}, {"pk": 197, "model": "music.song", "fields": {"composers": [], "track_number": 2, "band": 1, "file": "uploads/music/ginger.mp3", "newer_version": null, "older_version": null}}, {"pk": 97, "model": "music.song", "fields": {"composers": [], "track_number": 4, "band": 1, "file": "uploads/music/04_Great_Girl.mp3", "newer_version": null, "older_version": null}}, {"pk": 219, "model": "music.song", "fields": {"composers": [13, 14], "track_number": null, "band": 1, "file": "uploads/music/hoop_dreams.mp3", "newer_version": null, "older_version": null}}, {"pk": 159, "model": "music.song", "fields": {"composers": [], "track_number": null, "band": 1, "file": "uploads/music/In_The_Yard_In_The_Fall.mp3", "newer_version": null, "older_version": null}}, {"pk": 144, "model": "music.song", "fields": {"composers": [], "track_number": null, "band": 1, "file": "uploads/music/its_raining.mp3", "newer_version": null, "older_version": null}}, {"pk": 98, "model": "music.song", "fields": {"composers": [], "track_number": 6, "band": 1, "file": "uploads/music/06_I_Want_a_House.mp3", "newer_version": null, "older_version": null}}, {"pk": 110, "model": "music.song", "fields": {"composers": [], "track_number": 3, "band": 1, "file": "uploads/music/03_I_Want_a_House.mp3", "newer_version": null, "older_version": null}}, {"pk": 199, "model": "music.song", "fields": {"composers": [], "track_number": 4, "band": 1, "file": "uploads/music/i_want_a_house.mp3", "newer_version": null, "older_version": null}}, {"pk": 157, "model": "music.song", "fields": {"composers": [], "track_number": null, "band": 1, "file": "uploads/music/johnungle.mp3", "newer_version": null, "older_version": null}}, {"pk": 156, "model": "music.song", "fields": {"composers": [], "track_number": null, "band": 1, "file": "uploads/music/Kimmi_In_A_Ricefield.mp3", "newer_version": null, "older_version": null}}, {"pk": 104, "model": "music.song", "fields": {"composers": [], "track_number": null, "band": 1, "file": "uploads/music/la_la_ya.mp3", "newer_version": null, "older_version": null}}, {"pk": 102, "model": "music.song", "fields": {"composers": [], "track_number": 4, "band": 1, "file": "uploads/music/04_La_La_Ya.mp3", "newer_version": null, "older_version": null}}, {"pk": 155, "model": "music.song", "fields": {"composers": [], "track_number": null, "band": 1, "file": "uploads/music/Levon_and_Chocolate_Cake.mp3", "newer_version": null, "older_version": null}}, {"pk": 152, "model": "music.song", "fields": {"composers": [], "track_number": null, "band": 1, "file": "uploads/music/Untitled_Theme_.mp3", "newer_version": null, "older_version": null}}, {"pk": 206, "model": "music.song", "fields": {"composers": [], "track_number": null, "band": 1, "file": "uploads/music/Milk_and_Honey_and_Ginger.mp3", "newer_version": null, "older_version": null}}, {"pk": 216, "model": "music.song", "fields": {"composers": [9, 4], "track_number": null, "band": 1, "file": "uploads/music/Morning_Wood.mp3", "newer_version": null, "older_version": null}}, {"pk": 198, "model": "music.song", "fields": {"composers": [], "track_number": 3, "band": 1, "file": "uploads/music/nectarine.mp3", "newer_version": null, "older_version": null}}, {"pk": 94, "model": "music.song", "fields": {"composers": [], "track_number": 1, "band": 1, "file": "uploads/music/01_Nectarine.mp3", "newer_version": null, "older_version": null}}, {"pk": 109, "model": "music.song", "fields": {"composers": [], "track_number": 2, "band": 1, "file": "uploads/music/02_New_Suit.mp3", "newer_version": null, "older_version": null}}, {"pk": 113, "model": "music.song", "fields": {"composers": [], "track_number": null, "band": 1, "file": "uploads/music/new_suit.mp3", "newer_version": null, "older_version": null}}, {"pk": 119, "model": "music.song", "fields": {"composers": [], "track_number": null, "band": 1, "file": "uploads/music/No_Sleep.mp3", "newer_version": null, "older_version": null}}, {"pk": 231, "model": "music.song", "fields": {"composers": [2, 3, 4, 5], "track_number": null, "band": 1, "file": "uploads/music/Twin_Sister_-_Nostrand_Ave.mp3", "newer_version": null, "older_version": null}}, {"pk": 120, "model": "music.song", "fields": {"composers": [], "track_number": null, "band": 1, "file": "uploads/music/Nectarine_Andrea.mp3", "newer_version": null, "older_version": null}}, {"pk": 108, "model": "music.song", "fields": {"composers": [], "track_number": 1, "band": 1, "file": "uploads/music/01_Other_Side_of_Your_Face.mp3", "newer_version": null, "older_version": null}}, {"pk": 145, "model": "music.song", "fields": {"composers": [], "track_number": null, "band": 1, "file": "uploads/music/Poet.mp3", "newer_version": null, "older_version": null}}, {"pk": 124, "model": "music.song", "fields": {"composers": [], "track_number": null, "band": 1, "file": "uploads/music/Quiet_One_Done.mp3", "newer_version": null, "older_version": null}}, {"pk": 150, "model": "music.song", "fields": {"composers": [], "track_number": null, "band": 1, "file": "uploads/music/synthjamstructuredfinal_.mp3", "newer_version": null, "older_version": null}}, {"pk": 118, "model": "music.song", "fields": {"composers": [], "track_number": null, "band": 1, "file": "uploads/music/Smoke_2.mp3", "newer_version": null, "older_version": null}}, {"pk": 148, "model": "music.song", "fields": {"composers": [], "track_number": null, "band": 1, "file": "uploads/music/Space_Babe.mp3", "newer_version": null, "older_version": null}}, {"pk": 114, "model": "music.song", "fields": {"composers": [], "track_number": null, "band": 1, "file": "uploads/music/space_jam_dec22.mp3", "newer_version": null, "older_version": null}}, {"pk": 161, "model": "music.song", "fields": {"composers": [], "track_number": null, "band": 1, "file": "uploads/music/Stiff_Igloos.mp3", "newer_version": null, "older_version": null}}, {"pk": 154, "model": "music.song", "fields": {"composers": [], "track_number": null, "band": 1, "file": "uploads/music/Sunday.mp3", "newer_version": null, "older_version": null}}, {"pk": 103, "model": "music.song", "fields": {"composers": [], "track_number": null, "band": 1, "file": "uploads/music/synth_jammin.mp3", "newer_version": null, "older_version": null}}, {"pk": 202, "model": "music.song", "fields": {"composers": [3], "track_number": null, "band": 1, "file": "uploads/music/October_23rd_2009.mp3", "newer_version": null, "older_version": null}}, {"pk": 217, "model": "music.song", "fields": {"composers": [9], "track_number": null, "band": 1, "file": "uploads/music/The_Happy_Traveler.mp3", "newer_version": null, "older_version": null}}, {"pk": 218, "model": "music.song", "fields": {"composers": [14], "track_number": null, "band": 1, "file": "uploads/music/The_Knight_And_His_Lady.mp3", "newer_version": null, "older_version": null}}, {"pk": 205, "model": "music.song", "fields": {"composers": [1, 2, 3, 4, 5], "track_number": null, "band": 1, "file": "uploads/music/Face_Daniel_Smoke.mp3", "newer_version": null, "older_version": null}}, {"pk": 121, "model": "music.song", "fields": {"composers": [], "track_number": null, "band": 1, "file": "uploads/music/01_Twin_Sisters.mp3", "newer_version": null, "older_version": null}}, {"pk": 146, "model": "music.song", "fields": {"composers": [], "track_number": null, "band": 1, "file": "uploads/music/01_Twin_Sisters.mp3", "newer_version": null, "older_version": null}}, {"pk": 147, "model": "music.song", "fields": {"composers": [], "track_number": null, "band": 1, "file": "uploads/music/Quiet_One_Done.mp3", "newer_version": null, "older_version": null}}, {"pk": 95, "model": "music.song", "fields": {"composers": [], "track_number": 2, "band": 1, "file": "uploads/music/02_We_Are_Four.mp3", "newer_version": null, "older_version": null}}, {"pk": 105, "model": "music.song", "fields": {"composers": [], "track_number": null, "band": 1, "file": "uploads/music/We_Are_Two.mp3", "newer_version": null, "older_version": null}}, {"pk": 228, "model": "music.song", "fields": {"composers": [2, 16, 15], "track_number": null, "band": 41, "file": "uploads/music/When_I_Cannot.mp3", "newer_version": null, "older_version": null}}, {"pk": 111, "model": "music.song", "fields": {"composers": [], "track_number": null, "band": 1, "file": "uploads/music/White_Bread_3.mp3", "newer_version": null, "older_version": null}}, {"pk": 220, "model": "music.release", "fields": {"band": 1, "type": "EP", "songs": [122, 215, 219, 216, 217, 218]}}, {"pk": 164, "model": "music.release", "fields": {"band": 1, "type": "LP", "songs": [142, 125, 132, 133, 134, 135, 136, 137, 138, 139, 140, 141, 126, 127, 128, 129, 130, 131, 143, 144, 145, 146]}}, {"pk": 162, "model": "music.release", "fields": {"band": 1, "type": "LI", "songs": [116, 115, 98, 104, 109, 108]}}, {"pk": 163, "model": "music.release", "fields": {"band": 1, "type": "LI", "songs": [100, 99, 96, 97, 110, 94, 95]}}, {"pk": 212, "model": "music.release", "fields": {"band": 1, "type": "EP", "songs": [196, 197, 199, 198]}}, {"pk": 2, "model": "music.archive", "fields": {"release": 212, "file_type": "320 kbps (zip)", "archive": "uploads/music/twin_sister_vampires_with_dreaming_kids.zip"}}, {"pk": 2, "model": "music.buylink", "fields": {"release": 212, "link": "http://www.emusic.com/album/Twin-Sister-Vampires-With-Dreaming-Kids-MP3-Download/11681259.html", "service": "eMusic"}}, {"pk": 3, "model": "music.buylink", "fields": {"release": 212, "link": "http://www.amazon.com/Vampires-With-Dreaming-Kids/dp/B002TUJ94C/", "service": "Amazon"}}, {"pk": 5, "model": "music.buylink", "fields": {"release": 212, "link": "http://www.rhapsody.com/twinsister/vampires-with-dreaming-kids", "service": "Rhapsody"}}, {"pk": 1, "model": "music.buylink", "fields": {"release": 212, "link": "http://itunes.apple.com/us/album/vampires-with-dreaming-kids/id336977057", "service": "iTunes"}}, {"pk": 4, "model": "music.buylink", "fields": {"release": 212, "link": "http://www.lala.com/#album/2306124486335709470/Twin_Sister/Vampires_With_Dreaming_Kids", "service": "Lala"}}, {"pk": 1, "model": "images.image", "fields": {"caption": "", "photo": "uploads/images/ep_cover.jpg", "title": "EP Cover", "credit": [], "pub_date": "2009-10-06 17:02:43", "order": 1}}, {"pk": 3, "model": "images.image", "fields": {"caption": "", "photo": "uploads/images/url.jpg", "title": "Cocteau Twins", "credit": [], "pub_date": "2009-10-26 14:37:44", "order": 1}}, {"pk": 4, "model": "images.image", "fields": {"caption": "", "photo": "uploads/images/Screenshot-1.png", "title": "Google Stats", "credit": [], "pub_date": "2009-10-26 14:54:36", "order": 1}}, {"pk": 5, "model": "images.image", "fields": {"caption": "", "photo": "uploads/images/guitar_02.jpg", "title": "Death by Audio group", "credit": [6], "pub_date": "2009-10-26 14:58:49", "order": 1}}, {"pk": 6, "model": "images.image", "fields": {"caption": "", "photo": "uploads/images/twinsisterxf5.jpg", "title": "DBA Flyer", "credit": [7], "pub_date": "2009-10-26 15:01:36", "order": 1}}, {"pk": 7, "model": "images.image", "fields": {"caption": "", "photo": "uploads/images/superfine_flyer.jpg", "title": "Superfine Flyer", "credit": [], "pub_date": "2009-10-26 15:03:07", "order": 1}}, {"pk": 8, "model": "images.image", "fields": {"caption": "", "photo": "uploads/images/n14301659_35589265_4548603.jpg", "title": "Lit Lounge Flyer", "credit": [], "pub_date": "2009-11-08 00:25:44", "order": 1}}, {"pk": 9, "model": "images.image", "fields": {"caption": "", "photo": "uploads/images/silent_barn_flyer.jpg", "title": "Silent Barn Flyer", "credit": [], "pub_date": "2009-11-08 00:26:37", "order": 1}}, {"pk": 214, "model": "images.gallery", "fields": {"images": [6, 7, 8, 9]}}, {"pk": 213, "model": "images.gallery", "fields": {"images": [1]}}, {"pk": 1, "model": "images.flickruser", "fields": {"flickr_id": "27635884@N06", "flickr_username": "guptaudbhav"}}, {"pk": 2, "model": "images.flickruser", "fields": {"flickr_id": "31834983@N03", "flickr_username": "the_popular_guru"}}, {"pk": 3, "model": "images.flickruser", "fields": {"flickr_id": "28787891@N03", "flickr_username": "vectorchronicle"}}, {"pk": 1, "model": "images.flickrtag", "fields": {"tag": "Twin Sister"}}, {"pk": 38, "model": "images.flickrphoto", "fields": {"upload_date": "2009-12-16", "photo_id": "4191481110", "title": "Udbhav reading the paper", "farm": 3, "server": 2789, "secret": "8bdecdcc8e", "user": 1}}, {"pk": 37, "model": "images.flickrphoto", "fields": {"upload_date": "2009-12-16", "photo_id": "4191487460", "title": "Don Pedro December 15th", "farm": 3, "server": 2529, "secret": "6cebe13a6f", "user": 1}}, {"pk": 36, "model": "images.flickrphoto", "fields": {"upload_date": "2009-11-28", "photo_id": "4140504846", "title": "Andrea sleeping", "farm": 3, "server": 2551, "secret": "0f5cee9c84", "user": 1}}, {"pk": 35, "model": "images.flickrphoto", "fields": {"upload_date": "2009-11-28", "photo_id": "4139752285", "title": "Bryan is woozy in Patchogue", "farm": 3, "server": 2568, "secret": "13d55e5152", "user": 1}}, {"pk": 34, "model": "images.flickrphoto", "fields": {"upload_date": "2009-11-28", "photo_id": "4141374833", "title": "Bryan in George's basement", "farm": 3, "server": 2641, "secret": "ca75392412", "user": 1}}, {"pk": 28, "model": "images.flickrphoto", "fields": {"upload_date": "2009-11-21", "photo_id": "4123293398", "title": "Eric at a falafel place", "farm": 3, "server": 2670, "secret": "5e243338b5", "user": 1}}, {"pk": 29, "model": "images.flickrphoto", "fields": {"upload_date": "2009-11-21", "photo_id": "4123290938", "title": "John and Eric eating grape leaves sandwiches", "farm": 3, "server": 2681, "secret": "8734e85254", "user": 1}}, {"pk": 27, "model": "images.flickrphoto", "fields": {"upload_date": "2009-11-21", "photo_id": "4122524309", "title": "Bryan and Gabe at a falafel place", "farm": 3, "server": 2758, "secret": "6e7ab40ee2", "user": 1}}, {"pk": 33, "model": "images.flickrphoto", "fields": {"upload_date": "2009-11-21", "photo_id": "4122507957", "title": "Andrea, Sarah, John, Bryan and Eric in Philadelphia", "farm": 3, "server": 2696, "secret": "49e2879a18", "user": 1}}, {"pk": 32, "model": "images.flickrphoto", "fields": {"upload_date": "2009-11-21", "photo_id": "4122510257", "title": "Gabe and Eric in Philadelphia", "farm": 3, "server": 2759, "secret": "b556467167", "user": 1}}, {"pk": 31, "model": "images.flickrphoto", "fields": {"upload_date": "2009-11-21", "photo_id": "4122512919", "title": "Andrea and Bryan in Philadelphia", "farm": 3, "server": 2561, "secret": "fa6f95966a", "user": 1}}, {"pk": 30, "model": "images.flickrphoto", "fields": {"upload_date": "2009-11-21", "photo_id": "4123287590", "title": "John and Eric in Philadelphia", "farm": 3, "server": 2730, "secret": "d5e6121c0d", "user": 1}}, {"pk": 1, "model": "images.flickrphoto", "fields": {"upload_date": "2009-11-01", "photo_id": "4064244837", "title": "Monsters!", "farm": 3, "server": 2557, "secret": "48dd53ccb8", "user": 1}}, {"pk": 2, "model": "images.flickrphoto", "fields": {"upload_date": "2009-11-01", "photo_id": "4064986176", "title": "Gabe is purple", "farm": 3, "server": 2618, "secret": "48b9e24401", "user": 1}}, {"pk": 3, "model": "images.flickrphoto", "fields": {"upload_date": "2009-11-01", "photo_id": "4064234605", "title": "Bryan as a Native American", "farm": 3, "server": 2560, "secret": "12c09b7db0", "user": 1}}, {"pk": 4, "model": "images.flickrphoto", "fields": {"upload_date": "2009-11-01", "photo_id": "4064226223", "title": "Andrea prepares for Halloween", "farm": 4, "server": 3500, "secret": "9429e5ef8e", "user": 1}}, {"pk": 5, "model": "images.flickrphoto", "fields": {"upload_date": "2009-11-01", "photo_id": "4064222621", "title": "Eric painting in Patchogue", "farm": 3, "server": 2535, "secret": "f3810e2c1f", "user": 1}}, {"pk": 6, "model": "images.flickrphoto", "fields": {"upload_date": "2009-11-01", "photo_id": "4064217041", "title": "Andrea makes a monster", "farm": 3, "server": 2623, "secret": "53d28a7723", "user": 1}}, {"pk": 7, "model": "images.flickrphoto", "fields": {"upload_date": "2009-11-01", "photo_id": "4064212651", "title": "Gabe painting in Patchogue", "farm": 3, "server": 2582, "secret": "1537869917", "user": 1}}, {"pk": 13, "model": "images.flickrphoto", "fields": {"upload_date": "2009-10-29", "photo_id": "4055802169", "title": "Eric at the park", "farm": 3, "server": 2652, "secret": "59396c5633", "user": 1}}, {"pk": 8, "model": "images.flickrphoto", "fields": {"upload_date": "2009-10-29", "photo_id": "4056621500", "title": "Gabe and Eric at the park", "farm": 3, "server": 2697, "secret": "23f58b65fd", "user": 1}}, {"pk": 9, "model": "images.flickrphoto", "fields": {"upload_date": "2009-10-29", "photo_id": "4055868245", "title": "Gabe in bed", "farm": 3, "server": 2700, "secret": "8671832658", "user": 1}}, {"pk": 10, "model": "images.flickrphoto", "fields": {"upload_date": "2009-10-29", "photo_id": "4056606452", "title": "Bryan in Bushwick", "farm": 3, "server": 2597, "secret": "ac4943042f", "user": 1}}, {"pk": 11, "model": "images.flickrphoto", "fields": {"upload_date": "2009-10-29", "photo_id": "4056604674", "title": "Gabe in Bushwick", "farm": 3, "server": 2728, "secret": "e4c21f845f", "user": 1}}, {"pk": 12, "model": "images.flickrphoto", "fields": {"upload_date": "2009-10-29", "photo_id": "4055820477", "title": "Andrea in New Jersey", "farm": 4, "server": 3045, "secret": "73b911cedb", "user": 1}}, {"pk": 17, "model": "images.flickrphoto", "fields": {"upload_date": "2009-04-17", "photo_id": "3448683663", "title": "", "farm": 4, "server": 3344, "secret": "a0465dfd94", "user": 2}}, {"pk": 19, "model": "images.flickrphoto", "fields": {"upload_date": "2009-04-17", "photo_id": "3449496578", "title": "", "farm": 4, "server": 3659, "secret": "aab40898aa", "user": 2}}, {"pk": 18, "model": "images.flickrphoto", "fields": {"upload_date": "2009-04-17", "photo_id": "3448682573", "title": "", "farm": 4, "server": 3327, "secret": "f222952ac2", "user": 2}}, {"pk": 16, "model": "images.flickrphoto", "fields": {"upload_date": "2009-04-17", "photo_id": "3448684667", "title": "", "farm": 4, "server": 3579, "secret": "463b7e78e8", "user": 2}}, {"pk": 15, "model": "images.flickrphoto", "fields": {"upload_date": "2009-04-17", "photo_id": "3448685305", "title": "", "farm": 4, "server": 3391, "secret": "6d00f5c72a", "user": 2}}, {"pk": 14, "model": "images.flickrphoto", "fields": {"upload_date": "2009-04-17", "photo_id": "3448686191", "title": "", "farm": 4, "server": 3310, "secret": "c2dedc3ce0", "user": 2}}, {"pk": 20, "model": "images.flickrphoto", "fields": {"upload_date": "2009-03-20", "photo_id": "3371556900", "title": "drea", "farm": 4, "server": 3608, "secret": "33287ede82", "user": 2}}, {"pk": 21, "model": "images.flickrphoto", "fields": {"upload_date": "2009-03-15", "photo_id": "3356085971", "title": "twin_sister_pt_2", "farm": 4, "server": 3620, "secret": "a084326a69", "user": 2}}, {"pk": 22, "model": "images.flickrphoto", "fields": {"upload_date": "2009-03-09", "photo_id": "3342261188", "title": "3_5th_the_band", "farm": 4, "server": 3569, "secret": "7c39f5c283", "user": 2}}, {"pk": 23, "model": "images.flickrphoto", "fields": {"upload_date": "2009-02-05", "photo_id": "3256347551", "title": "multi_tasking", "farm": 4, "server": 3394, "secret": "f70e74612f", "user": 2}}, {"pk": 24, "model": "images.flickrphoto", "fields": {"upload_date": "2009-02-05", "photo_id": "3256347463", "title": "emotion", "farm": 4, "server": 3394, "secret": "b63fbe55fd", "user": 2}}, {"pk": 26, "model": "images.flickrphoto", "fields": {"upload_date": "2009-02-05", "photo_id": "3256347303", "title": "thirsty", "farm": 4, "server": 3493, "secret": "aaaca2926d", "user": 2}}, {"pk": 25, "model": "images.flickrphoto", "fields": {"upload_date": "2009-02-05", "photo_id": "3257178136", "title": "naturelle", "farm": 4, "server": 3402, "secret": "2fa2d25995", "user": 2}}, {"pk": 2, "model": "mailing_list.subscriber", "fields": {"email": "jglastonbury@gmail.com"}}, {"pk": 3, "model": "mailing_list.subscriber", "fields": {"email": "andy.bassford@yai.org"}}, {"pk": 4, "model": "mailing_list.subscriber", "fields": {"email": "shira.burton@gmail.com"}}]
