[{"pk": 21, "model": "contenttypes.contenttype", "fields": {"model": "archive", "name": "archive", "app_label": "music"}}, {"pk": 15, "model": "contenttypes.contenttype", "fields": {"model": "band", "name": "band", "app_label": "people"}}, {"pk": 23, "model": "contenttypes.contenttype", "fields": {"model": "buylink", "name": "buy link", "app_label": "music"}}, {"pk": 9, "model": "contenttypes.contenttype", "fields": {"model": "comment", "name": "comment", "app_label": "comments"}}, {"pk": 10, "model": "contenttypes.contenttype", "fields": {"model": "commentflag", "name": "comment flag", "app_label": "comments"}}, {"pk": 5, "model": "contenttypes.contenttype", "fields": {"model": "contenttype", "name": "content type", "app_label": "contenttypes"}}, {"pk": 24, "model": "contenttypes.contenttype", "fields": {"model": "credit", "name": "credit", "app_label": "music"}}, {"pk": 13, "model": "contenttypes.contenttype", "fields": {"model": "data", "name": "Entry", "app_label": "data"}}, {"pk": 29, "model": "contenttypes.contenttype", "fields": {"model": "flickrphoto", "name": "flickr photo", "app_label": "images"}}, {"pk": 28, "model": "contenttypes.contenttype", "fields": {"model": "flickrtag", "name": "flickr tag", "app_label": "images"}}, {"pk": 27, "model": "contenttypes.contenttype", "fields": {"model": "flickruser", "name": "flickr user", "app_label": "images"}}, {"pk": 26, "model": "contenttypes.contenttype", "fields": {"model": "gallery", "name": "gallery", "app_label": "images"}}, {"pk": 2, "model": "contenttypes.contenttype", "fields": {"model": "group", "name": "group", "app_label": "auth"}}, {"pk": 25, "model": "contenttypes.contenttype", "fields": {"model": "image", "name": "image", "app_label": "images"}}, {"pk": 8, "model": "contenttypes.contenttype", "fields": {"model": "logentry", "name": "log entry", "app_label": "admin"}}, {"pk": 4, "model": "contenttypes.contenttype", "fields": {"model": "message", "name": "message", "app_label": "auth"}}, {"pk": 18, "model": "contenttypes.contenttype", "fields": {"model": "musicdata", "name": "music data", "app_label": "music"}}, {"pk": 1, "model": "contenttypes.contenttype", "fields": {"model": "permission", "name": "permission", "app_label": "auth"}}, {"pk": 14, "model": "contenttypes.contenttype", "fields": {"model": "person", "name": "person", "app_label": "people"}}, {"pk": 11, "model": "contenttypes.contenttype", "fields": {"model": "providerrule", "name": "provider rule", "app_label": "oembed"}}, {"pk": 20, "model": "contenttypes.contenttype", "fields": {"model": "release", "name": "release", "app_label": "music"}}, {"pk": 6, "model": "contenttypes.contenttype", "fields": {"model": "session", "name": "session", "app_label": "sessions"}}, {"pk": 17, "model": "contenttypes.contenttype", "fields": {"model": "show", "name": "show", "app_label": "events"}}, {"pk": 7, "model": "contenttypes.contenttype", "fields": {"model": "site", "name": "site", "app_label": "sites"}}, {"pk": 19, "model": "contenttypes.contenttype", "fields": {"model": "song", "name": "song", "app_label": "music"}}, {"pk": 22, "model": "contenttypes.contenttype", "fields": {"model": "stem", "name": "stem", "app_label": "music"}}, {"pk": 12, "model": "contenttypes.contenttype", "fields": {"model": "storedoembed", "name": "stored o embed", "app_label": "oembed"}}, {"pk": 30, "model": "contenttypes.contenttype", "fields": {"model": "subscriber", "name": "subscriber", "app_label": "mailing_list"}}, {"pk": 3, "model": "contenttypes.contenttype", "fields": {"model": "user", "name": "user", "app_label": "auth"}}, {"pk": 16, "model": "contenttypes.contenttype", "fields": {"model": "venue", "name": "venue", "app_label": "events"}}, {"pk": 1, "model": "sites.site", "fields": {"domain": "example.com", "name": "example.com"}}, {"pk": 1, "model": "oembed.providerrule", "fields": {"regex": "http://(?:www\\.)?flickr\\.com/photos/\\S+?/(?:sets/)?\\d+/?", "endpoint": "http://www.flickr.com/services/oembed/", "name": "Flickr", "format": 1}}, {"pk": 2, "model": "oembed.providerrule", "fields": {"regex": "http://\\S*?viddler.com/\\S*", "endpoint": "http://lab.viddler.com/services/oembed/", "name": "Viddler", "format": 1}}, {"pk": 3, "model": "oembed.providerrule", "fields": {"regex": "http://qik.com/\\S*", "endpoint": "http://qik.com/api/oembed.json", "name": "Qik", "format": 1}}, {"pk": 5, "model": "oembed.providerrule", "fields": {"regex": "http://\\S*?revision3.com/\\S*", "endpoint": "http://revision3.com/api/oembed/", "name": "Revision3", "format": 1}}, {"pk": 6, "model": "oembed.providerrule", "fields": {"regex": "http://\\S*.amazon.(com|co.uk|de|ca|jp)/\\S*/(gp/product|o/ASIN|obidos/ASIN|dp)/\\S*", "endpoint": "http://oohembed.com/oohembed/", "name": "Amazon Product Image (OohEmbed)", "format": 1}}, {"pk": 7, "model": "oembed.providerrule", "fields": {"regex": "http://\\S*.collegehumor.com/video:\\S*", "endpoint": "http://oohembed.com/oohembed/", "name": "CollegeHumor Video (OohEmbed)", "format": 1}}, {"pk": 8, "model": "oembed.providerrule", "fields": {"regex": "http://\\S*.funnyordie.com/videos/\\S*", "endpoint": "http://oohembed.com/oohembed/", "name": "Funny or Die Video (OohEmbed)", "format": 1}}, {"pk": 9, "model": "oembed.providerrule", "fields": {"regex": "http://video.google.com/videoplay?\\S*", "endpoint": "http://oohembed.com/oohembed/", "name": "Google Video (OohEmbed)", "format": 1}}, {"pk": 10, "model": "oembed.providerrule", "fields": {"regex": "http://www.hulu.com/watch/\\S*", "endpoint": "http://oohembed.com/oohembed/", "name": "Hulu (OohEmbed)", "format": 1}}, {"pk": 11, "model": "oembed.providerrule", "fields": {"regex": "http://\\S*.metacafe.com/watch/\\S*", "endpoint": "http://oohembed.com/oohembed/", "name": "Metacafe (OohEmbed)", "format": 1}}, {"pk": 12, "model": "oembed.providerrule", "fields": {"regex": "http://(?:www\\.)?twitter\\.com/(?:\\w{1,20})/statuses/\\d+/?", "endpoint": "http://oohembed.com/oohembed/", "name": "Twitter Status (OohEmbed)", "format": 1}}, {"pk": 13, "model": "oembed.providerrule", "fields": {"regex": "http://\\S*.wikipedia.org/wiki/\\S*", "endpoint": "http://oohembed.com/oohembed/", "name": "Wikipedia (OohEmbed)", "format": 1}}, {"pk": 14, "model": "oembed.providerrule", "fields": {"regex": "http://(?:www\\.)?youtube\\.com/watch\\?v=[A-Za-z0-9\\-=_]{11}", "endpoint": "http://oohembed.com/oohembed/", "name": "YouTube (OohEmbed)", "format": 1}}, {"pk": 15, "model": "oembed.providerrule", "fields": {"regex": "http://(?:www\\.)?vimeo\\.com/\\d+", "endpoint": "http://vimeo.com/api/oembed.json", "name": "Vimeo", "format": 1}}, {"pk": 16, "model": "oembed.providerrule", "fields": {"regex": "http://(?:www\\.)?scribd\\.com/.*", "endpoint": "http://www.scribd.com/services/oembed", "name": "Scribd", "format": 1}}, {"pk": 159, "model": "data.data", "fields": {"description": "Something Andrea and I have been working on. It came from playing Neil Young's \"After The Goldrush\" over scary chords and singing it like a Halloween song. ", "posted_by": 3, "slug": "in-the-leaves-in-the-yard", "published": 1, "pub_date": "2009-08-23 13:57:54", "header_image": "", "name": "In The Leaves In The Yard"}}, {"pk": 158, "model": "data.data", "fields": {"description": "The idea has been kicking around for a while, and will probably end up in the 2nd half of The Cool Forthcoming Album That Isn't Finished. \"Please finish this song idea, other band members. I've lost my way,\" I said. \r\nMy cat Chewy (Chewie? I guess I've never had to write it) was licking my toes the entire time I was tracking this demo. \"Get outta here, fatso,\" I said. ", "posted_by": 4, "slug": "chewy-in-the-stars-i-let-you-in", "published": 1, "pub_date": "2009-08-13 17:33:30", "header_image": "", "name": "Chewy in the Stars / \"I Let You In\" "}}, {"pk": 157, "model": "data.data", "fields": {"description": "This is me and John K. having fun on his 8 track about a month ago. He did the drum programming and the keyboards and I played the bass and did some computery stuff. We listened to it recently and decided it might be a good starting point for a Twin Sister song, so who knows what will become of it. ", "posted_by": 4, "slug": "johnungle", "published": 1, "pub_date": "2009-08-13 17:30:29", "header_image": "", "name": "Johnungle"}}, {"pk": 155, "model": "data.data", "fields": {"description": "New demo of a new song. ", "posted_by": 3, "slug": "levon-and-chocolate-cake", "published": 1, "pub_date": "2009-06-18 22:19:56", "header_image": "", "name": "Levon and Chocolate Cake"}}, {"pk": 156, "model": "data.data", "fields": {"description": "Yesterday, after giving chocolate covered strawberries to my two favorite celebs, Tracy Morgan and Bruce Willis, I just felt inspired to finish this idea we've had. Bryan and I started tracking. Today, Bryan gets a concussion / promotion at work, and weaving through his stuttering, slightly damaged thoughts is breaking news of Michael Jackson's death.  After Thriller and seeing people dance in front of the Apollo, we turned our thoughts to Japan and here you go. ", "posted_by": 3, "slug": "kimmi-in-a-rice-field", "published": 1, "pub_date": "2009-06-26 00:10:41", "header_image": "", "name": "Kimmi In A Rice Field"}}, {"pk": 154, "model": "data.data", "fields": {"description": "Bryan and I did this today while we were messing around with the Purchase drum samples for a couple of hours", "posted_by": 5, "slug": "sunday", "published": 1, "pub_date": "2009-05-18 00:43:17", "header_image": "", "name": "Sunday"}}, {"pk": 208, "model": "data.data", "fields": {"description": "<p>http://vimeo.com/3793476</p><p><a href=\"http://www.thepopguru.com/\">The Popular Guru</a> shot and edited this really nice video of us playing at the Lit Lounge a couple of weeks ago.  He's also put up <a href=\"http://www.flickr.com/photos/thepopguru/sets/72157615003571151/\">some photos on Flickr</a> that are worth a look.  First, pretty photos, and now pretty videos.  Lexis, we owe you a drink dude.</p>", "posted_by": 5, "slug": "live-video-photos-lit-lounge", "published": 1, "pub_date": "2009-03-23 22:26:11", "header_image": "", "name": "Live Video + Photos from the Lit Lounge"}}, {"pk": 152, "model": "data.data", "fields": {"description": "If Luna were a character on Twin Peaks, maybe this would be her theme music. ", "posted_by": 4, "slug": "luna-s-theme-music", "published": 1, "pub_date": "2009-05-03 23:26:15", "header_image": "", "name": "Luna's Theme Music"}}, {"pk": 153, "model": "data.data", "fields": {"description": "Also with Camera Head Shark and Psycho Rainbow, who were nice enough to record a big portion of our set that night. Tracks are Milk and Honey, Nectarine (Forest Cowboy version), I Want A House, and Daniel. Picture Andrea holding two beers during Daniel, because she was!", "posted_by": 3, "slug": "april-9th-lit-lounge", "published": 1, "pub_date": "2009-05-18 12:33:39", "header_image": "", "name": "April 9th @ Lit Lounge"}}, {"pk": 148, "model": "data.data", "fields": {"description": "The title explains the key images evoked in the song. ", "posted_by": 4, "slug": "space-babe-rainforest-gruve", "published": 1, "pub_date": "2009-05-03 16:46:20", "header_image": "", "name": "Space Babe/Rainforest Gr\u00fcve"}}, {"pk": 149, "model": "data.data", "fields": {"description": "Andrea and I singing this old folk song the way Nick Drake did with his sister. ", "posted_by": 3, "slug": "all-my-trials", "published": 1, "pub_date": "2009-05-17 23:32:08", "header_image": "", "name": "All My Trials"}}, {"pk": 150, "model": "data.data", "fields": {"description": "Another song that started on the Casio (not to be confused with Andrea's Yamaha,  which is all over the EP and in many demos). This one will be in the Twin Sister live rotation as soon as our word-writers get around to it. ", "posted_by": 4, "slug": "sister-smoke", "published": 1, "pub_date": "2009-05-03 17:30:46", "header_image": "", "name": "Sister Smoke"}}, {"pk": 143, "model": "data.data", "fields": {"description": "", "posted_by": 5, "slug": "digital-hate", "published": 0, "pub_date": "2009-04-09 09:03:15", "header_image": "", "name": "Digital Hate"}}, {"pk": 144, "model": "data.data", "fields": {"description": "", "posted_by": 5, "slug": "it-s-raining", "published": 0, "pub_date": "2009-04-09 09:03:58", "header_image": "", "name": "it's raining!"}}, {"pk": 145, "model": "data.data", "fields": {"description": "", "posted_by": 5, "slug": "poet", "published": 0, "pub_date": "2009-04-09 09:04:40", "header_image": "", "name": "Poet"}}, {"pk": 146, "model": "data.data", "fields": {"description": "", "posted_by": 5, "slug": "twin-sister-the-song", "published": 0, "pub_date": "2009-04-09 09:05:23", "header_image": "", "name": "Twin Sister (the song!)"}}, {"pk": 147, "model": "data.data", "fields": {"description": "Some version of this may end up on the record, but we've been playing it very differently when we play it. ", "posted_by": 3, "slug": "untitled", "published": 1, "pub_date": "2009-04-21 17:36:00", "header_image": "", "name": "Untitled"}}, {"pk": 137, "model": "data.data", "fields": {"description": "", "posted_by": 5, "slug": "bubble-17", "published": 0, "pub_date": "2009-04-09 08:58:59", "header_image": "", "name": "Bubble #17"}}, {"pk": 138, "model": "data.data", "fields": {"description": "", "posted_by": 5, "slug": "bubble-18", "published": 0, "pub_date": "2009-04-09 08:59:28", "header_image": "", "name": "Bubble #18"}}, {"pk": 139, "model": "data.data", "fields": {"description": "", "posted_by": 5, "slug": "bubble-19", "published": 0, "pub_date": "2009-04-09 09:00:15", "header_image": "", "name": "Bubble #19"}}, {"pk": 140, "model": "data.data", "fields": {"description": "", "posted_by": 5, "slug": "bubble-20", "published": 0, "pub_date": "2009-04-09 09:00:45", "header_image": "", "name": "Bubble #20"}}, {"pk": 141, "model": "data.data", "fields": {"description": "", "posted_by": 5, "slug": "bubble-21", "published": 0, "pub_date": "2009-04-09 09:01:38", "header_image": "", "name": "Bubble #21"}}, {"pk": 142, "model": "data.data", "fields": {"description": "", "posted_by": 5, "slug": "ave-isobelle", "published": 0, "pub_date": "2009-04-09 09:02:22", "header_image": "", "name": "Ave Isobelle"}}, {"pk": 136, "model": "data.data", "fields": {"description": "", "posted_by": 5, "slug": "bubble-16", "published": 0, "pub_date": "2009-04-09 08:58:25", "header_image": "", "name": "Bubble #16"}}, {"pk": 135, "model": "data.data", "fields": {"description": "", "posted_by": 5, "slug": "bubble-15", "published": 0, "pub_date": "2009-04-09 08:57:46", "header_image": "", "name": "Bubble #15"}}, {"pk": 134, "model": "data.data", "fields": {"description": "", "posted_by": 5, "slug": "bubble-14", "published": 0, "pub_date": "2009-04-09 08:57:14", "header_image": "", "name": "Bubble #14"}}, {"pk": 132, "model": "data.data", "fields": {"description": "", "posted_by": 5, "slug": "bubble-10", "published": 0, "pub_date": "2009-04-09 08:55:59", "header_image": "", "name": "Bubble #10"}}, {"pk": 133, "model": "data.data", "fields": {"description": "", "posted_by": 5, "slug": "bubble-13", "published": 0, "pub_date": "2009-04-09 08:56:32", "header_image": "", "name": "Bubble #13"}}, {"pk": 128, "model": "data.data", "fields": {"description": "", "posted_by": 5, "slug": "bubble-6", "published": 0, "pub_date": "2009-04-09 08:53:03", "header_image": "", "name": "Bubble #6"}}, {"pk": 129, "model": "data.data", "fields": {"description": "", "posted_by": 5, "slug": "bubble-7", "published": 0, "pub_date": "2009-04-09 08:53:54", "header_image": "", "name": "Bubble #7"}}, {"pk": 130, "model": "data.data", "fields": {"description": "", "posted_by": 5, "slug": "bubble-8", "published": 0, "pub_date": "2009-04-09 08:54:50", "header_image": "", "name": "Bubble #8"}}, {"pk": 131, "model": "data.data", "fields": {"description": "", "posted_by": 5, "slug": "bubble-9", "published": 0, "pub_date": "2009-04-09 08:55:22", "header_image": "", "name": "Bubble #9"}}, {"pk": 125, "model": "data.data", "fields": {"description": "", "posted_by": 5, "slug": "bubble-1", "published": 0, "pub_date": "2009-04-09 08:34:55", "header_image": "", "name": "Bubble #1"}}, {"pk": 126, "model": "data.data", "fields": {"description": "", "posted_by": 5, "slug": "bubble-3", "published": 0, "pub_date": "2009-04-09 08:36:09", "header_image": "", "name": "Bubble #3"}}, {"pk": 127, "model": "data.data", "fields": {"description": "", "posted_by": 5, "slug": "bubble-5", "published": 0, "pub_date": "2009-04-09 08:50:33", "header_image": "", "name": "Bubble #5"}}, {"pk": 122, "model": "data.data", "fields": {"description": "", "posted_by": 5, "slug": "alarm-1", "published": 1, "pub_date": "2009-03-24 23:43:43", "header_image": "", "name": "Alarm 1"}}, {"pk": 123, "model": "data.data", "fields": {"description": "The first inklings of a new idea.  It's called Filmi for now because part of the song is based on an Indian film song by RD Burman from the 70s. ", "posted_by": 5, "slug": "filmi", "published": 1, "pub_date": "2009-03-30 20:59:36", "header_image": "", "name": "Filmi"}}, {"pk": 124, "model": "data.data", "fields": {"description": "", "posted_by": 5, "slug": "quiet-one", "published": 1, "pub_date": "2009-03-31 22:37:29", "header_image": "", "name": "Quiet One"}}, {"pk": 121, "model": "data.data", "fields": {"description": "", "posted_by": 5, "slug": "twin-sisters", "published": 1, "pub_date": "2009-03-24 23:35:17", "header_image": "", "name": "Twin Sisters"}}, {"pk": 119, "model": "data.data", "fields": {"description": "Bryan wrote and recorded a new idea!", "posted_by": 5, "slug": "no-sleep", "published": 1, "pub_date": "2009-03-17 17:30:49", "header_image": "", "name": "No Sleep"}}, {"pk": 120, "model": "data.data", "fields": {"description": "", "posted_by": 5, "slug": "old-nectarine", "published": 1, "pub_date": "2009-03-24 23:26:11", "header_image": "", "name": "Old Nectarine"}}, {"pk": 118, "model": "data.data", "fields": {"description": "Eric and Bryan recorded a new idea.  It sounds like a sister song to \"Synth Jam.\"", "posted_by": 5, "slug": "smoke", "published": 1, "pub_date": "2009-03-09 19:41:54", "header_image": "", "name": "Smoke"}}, {"pk": 117, "model": "data.data", "fields": {"description": "We just figured out how to play this tonight.", "posted_by": 5, "slug": "all-around-and-away-we-go-2nd-demo", "published": 1, "pub_date": "2009-02-09 00:50:26", "header_image": "", "name": "All Around and Away We Go (2nd Demo)"}}, {"pk": 115, "model": "data.data", "fields": {"description": "", "posted_by": 5, "slug": "dry-hump", "published": 0, "pub_date": "2009-01-26 10:29:39", "header_image": "", "name": "Dry Hump"}}, {"pk": 116, "model": "data.data", "fields": {"description": "", "posted_by": 5, "slug": "aquarellas1", "published": 0, "pub_date": "2009-01-26 10:30:16", "header_image": "", "name": "Aquarellas"}}, {"pk": 114, "model": "data.data", "fields": {"description": "Gabe, Bryan, Eric, and I practiced together for the first time in months.  Even though Andrea wasn't around we managed to work on a lot.  The following recording is an excerpt from our space jam for the day.  I lost my space jam virginity.  It was special, intense, and over too soon.", "posted_by": 5, "slug": "space-jam-12-22-08", "published": 1, "pub_date": "2008-12-23 01:30:01", "header_image": "", "name": "Space Jam (12/22/08)"}}, {"pk": 113, "model": "data.data", "fields": {"description": "I was really sick when I sang this, apologies.  This one sounds really fun when we play it together.", "posted_by": 5, "slug": "new-suit1", "published": 1, "pub_date": "2008-12-27 04:22:37", "header_image": "", "name": "New Suit"}}, {"pk": 112, "model": "data.data", "fields": {"description": "I recorded and wrote this in an hour or so after I got this sweet new Moog softsynth.  It's pretty obvious that I'm really excited about new keyboard sounds in this song.  It's a little goofy, but it was fun.", "posted_by": 5, "slug": "body-feels-strong", "published": 1, "pub_date": "2008-12-10 21:48:33", "header_image": "", "name": "Body Feels Strong"}}, {"pk": 110, "model": "data.data", "fields": {"description": "", "posted_by": 5, "slug": "i-want-a-house1", "published": 0, "pub_date": "2009-01-26 10:28:25", "header_image": "", "name": "I Want a House"}}, {"pk": 111, "model": "data.data", "fields": {"description": "The white bread version of \"All Around and Away We Go\". Just finished it now. ", "posted_by": 3, "slug": "white-bread", "published": 1, "pub_date": "2008-12-08 23:29:55", "header_image": "", "name": "White Bread"}}, {"pk": 108, "model": "data.data", "fields": {"description": "", "posted_by": 5, "slug": "other-side-of-your-face", "published": 0, "pub_date": "2009-01-26 10:26:44", "header_image": "", "name": "Other Side of Your Face"}}, {"pk": 109, "model": "data.data", "fields": {"description": "", "posted_by": 5, "slug": "new-suit", "published": 0, "pub_date": "2009-01-26 10:27:40", "header_image": "", "name": "New Suit"}}, {"pk": 107, "model": "data.data", "fields": {"description": "Two years ago when I got this computer and recorded this song, I had recorded myself testing keyboard sounds after the track for about 7 minutes on accident.  I don't remember when or how the decision was made to build around that. You really ought to use headphones, it's much much better I think. I mixed the song a tad different too. ", "posted_by": 3, "slug": "dry-hump-extended-version", "published": 1, "pub_date": "2008-12-19 21:13:28", "header_image": "", "name": "Dry Hump (Extended Version)"}}, {"pk": 106, "model": "data.data", "fields": {"description": "<p>I don't know why this is called \"#6\". It's been named that way since I first recorded it. This melody has been through a couple different incarnations, including a more upbeat girl-group esque version. Feeling cramped as in that style, here it is as a lulled instrumental. It may stay this way, just cleaned up and re-tracked and everything. </p>", "posted_by": 3, "slug": "6-demo", "published": 1, "pub_date": "2008-12-08 14:11:02", "header_image": "", "name": "#6 (demo)"}}, {"pk": 105, "model": "data.data", "fields": {"description": "In the summer of 2008 Eric and I began to experiment with guitar/keyboard loops.  One day, we had a loop I had made repeating in the room next to us and Eric noticed a simple kick and snare beat that could work.  After tracking drums and some bass, I then added a delayed keyboard track as well as an electric guitar track.  The title is taken from a song Udbhav had recorded about three years ago called \"We Are Five.\"  For our upcoming full length album, we intend on re-tracking this and using the lead vocal part of \"We Are Five\" to create (we are seven?)  I don't know.  Either way, here it is!", "posted_by": 2, "slug": "we-are-two", "published": 1, "pub_date": "2008-12-07 14:16:31", "header_image": "", "name": "We Are Two"}}, {"pk": 104, "model": "data.data", "fields": {"description": "Here is another one we have been working on for our shows coming up. This will be re-recorded with vocals soon. The bass was actually a separate song with the solo melody as the vocal melody, so we separated that and then put it together with an older song I had written. ", "posted_by": 3, "slug": "la-la-ya1", "published": 0, "pub_date": "2008-12-30 18:08:14", "header_image": "", "name": "La la ya"}}, {"pk": 102, "model": "data.data", "fields": {"description": "", "posted_by": 5, "slug": "la-la-ya", "published": 1, "pub_date": "2009-01-26 10:29:00", "header_image": "", "name": "La La Ya"}}, {"pk": 103, "model": "data.data", "fields": {"description": "Since we started updating the site I've been waiting for Gabe to put up this amazing idea.  He hasn't joined in on the fun yet, so I'm putting it up for him.  We've been working on this one quite a bit at practice, it's going to be a jam!", "posted_by": 5, "slug": "synth-jam", "published": 1, "pub_date": "2008-12-27 04:35:47", "header_image": "", "name": "Synth Jam"}}, {"pk": 100, "model": "data.data", "fields": {"description": "", "posted_by": 5, "slug": "aquarellas", "published": 0, "pub_date": "2008-12-05 18:44:41", "header_image": "", "name": "Aquarellas"}}, {"pk": 101, "model": "data.data", "fields": {"description": "This here is a new song Andrea and I wrote about two months ago. This recording happened quickly, as it's only bass drums and some keyboards added by Bryan and Dev. There is a good chance a final version of this one will end up a B side to a single we'd like to release after the new year. ", "posted_by": 3, "slug": "all-around-and-away-we-go-demo", "published": 1, "pub_date": "2008-12-06 17:02:55", "header_image": "", "name": "All Around And Away We Go (demo)"}}, {"pk": 96, "model": "data.data", "fields": {"description": "", "posted_by": 5, "slug": "daniel", "published": 0, "pub_date": "2008-12-05 11:49:55", "header_image": "", "name": "Daniel"}}, {"pk": 97, "model": "data.data", "fields": {"description": "", "posted_by": 5, "slug": "great-girl", "published": 0, "pub_date": "2008-12-05 11:52:53", "header_image": "", "name": "Great Girl"}}, {"pk": 98, "model": "data.data", "fields": {"description": "", "posted_by": 5, "slug": "i-want-a-house", "published": 0, "pub_date": "2008-12-05 11:57:41", "header_image": "", "name": "I Want a House"}}, {"pk": 99, "model": "data.data", "fields": {"description": "", "posted_by": 5, "slug": "be-kind-to-your-conscience", "published": 0, "pub_date": "2008-12-05 12:00:35", "header_image": "", "name": "Be Kind to Your Conscience"}}, {"pk": 94, "model": "data.data", "fields": {"description": "", "posted_by": 5, "slug": "nectarine", "published": 0, "pub_date": "2008-12-05 11:43:29", "header_image": "", "name": "Nectarine"}}, {"pk": 95, "model": "data.data", "fields": {"description": "", "posted_by": 5, "slug": "we-are-four", "published": 0, "pub_date": "2008-12-05 11:45:42", "header_image": "", "name": "We Are Four"}}, {"pk": 160, "model": "data.data", "fields": {"description": "This is a very old song that Andrea wrote a few years ago. Just picture her singing it. Another contender for \"Cool Forthcoming Album That Isn't Finished Yet\".", "posted_by": 3, "slug": "compromise-with-a-gypsy", "published": 1, "pub_date": "2009-08-23 19:42:58", "header_image": "", "name": "Compromise With A Gypsy"}}, {"pk": 161, "model": "data.data", "fields": {"description": "An older and nicer sounding demo of this is posted already-but here it is with lyrics!", "posted_by": 3, "slug": "stiff-igloos", "published": 1, "pub_date": "2009-08-23 19:46:50", "header_image": "", "name": "Stiff Igloos"}}, {"pk": 162, "model": "data.data", "fields": {"description": "Recorded on a cassette by Eric.  He was smart enough to use a 45 min per side tape this time, so we have the whole set.", "posted_by": 5, "slug": "suny-purchase-012309", "published": 1, "pub_date": "2009-01-26 10:26:10", "header_image": "", "name": "SUNY Purchase (01/23/09)"}}, {"pk": 163, "model": "data.data", "fields": {"description": "We played this show in our man band formation.", "posted_by": 5, "slug": "live-silent-barn-072108", "published": 1, "pub_date": "2008-12-05 12:02:02", "header_image": "", "name": "Live at the Silent Barn (07/21/08)"}}, {"pk": 164, "model": "data.data", "fields": {"description": "", "posted_by": 3, "slug": "idea-bubbles-2005-2007", "published": 1, "pub_date": "2009-04-09 08:29:35", "header_image": "", "name": "Idea Bubbles 2005-2007"}}, {"pk": 201, "model": "data.data", "fields": {"description": "<p>Bubby waits around near the door for Twin Sister's new EP</p><p>http://www.youtube.com/watch?v=dv9P5GhXmas</p>", "posted_by": 11, "slug": "ep-promo-3", "published": 1, "pub_date": "2009-10-25 21:22:27", "header_image": "", "name": "EP Promo #3"}}, {"pk": 191, "model": "data.data", "fields": {"description": "", "posted_by": 5, "slug": "silent-barn", "published": 1, "pub_date": "2009-09-24 20:00:00", "header_image": "", "name": "Silent Barn"}}, {"pk": 190, "model": "data.data", "fields": {"description": "", "posted_by": 5, "slug": "haverford-college", "published": 1, "pub_date": "2009-10-01 19:00:00", "header_image": "", "name": "Haverford College"}}, {"pk": 188, "model": "data.data", "fields": {"description": "", "posted_by": 5, "slug": "lulu-s-village-pub", "published": 1, "pub_date": "2009-05-01 20:00:00", "header_image": "", "name": "Lulu's Village Pub"}}, {"pk": 189, "model": "data.data", "fields": {"description": "", "posted_by": 5, "slug": "suny-purchase", "published": 1, "pub_date": "2009-09-15 19:00:00", "header_image": "", "name": "SUNY Purchase"}}, {"pk": 187, "model": "data.data", "fields": {"description": "", "posted_by": 5, "slug": "lit-lounge1", "published": 1, "pub_date": "2009-04-09 20:30:00", "header_image": "", "name": "Lit Lounge"}}, {"pk": 186, "model": "data.data", "fields": {"description": "", "posted_by": 5, "slug": "data-dog-record-release-show", "published": 1, "pub_date": "2009-04-04 19:00:00", "header_image": "", "name": "Data Dog Record Release Show!"}}, {"pk": 181, "model": "data.data", "fields": {"description": "", "posted_by": 5, "slug": "superfine1", "published": 1, "pub_date": "2009-01-09 14:53:20", "header_image": "uploads/images/superfine_flyer.jpg", "name": "Superfine"}}, {"pk": 182, "model": "data.data", "fields": {"description": "", "posted_by": 5, "slug": "the-stood-at-suny-purchase", "published": 1, "pub_date": "2009-01-23 20:00:00", "header_image": "", "name": "The Stood at SUNY Purchase"}}, {"pk": 183, "model": "data.data", "fields": {"description": "", "posted_by": 5, "slug": "death-by-audio", "published": 1, "pub_date": "2009-01-23 00:43:02", "header_image": "uploads/images/twinsisterxf5.jpg", "name": "Death By Audio"}}, {"pk": 184, "model": "data.data", "fields": {"description": "", "posted_by": 5, "slug": "lit-lounge", "published": 1, "pub_date": "2009-03-07 20:00:00", "header_image": "", "name": "Lit Lounge"}}, {"pk": 185, "model": "data.data", "fields": {"description": "", "posted_by": 5, "slug": "the-stood-suny-purchase", "published": 1, "pub_date": "2009-02-25 20:30:00", "header_image": "", "name": "The Stood (SUNY Purchase)"}}, {"pk": 193, "model": "data.data", "fields": {"description": "", "posted_by": 5, "slug": "george-and-andrea-s-halloween-party", "published": 1, "pub_date": "2009-10-01 19:00:00", "header_image": "", "name": "George and Andrea's Halloween Party"}}, {"pk": 194, "model": "data.data", "fields": {"description": "", "posted_by": 5, "slug": "once-and-for-all", "published": 1, "pub_date": "2009-10-02 20:00:00", "header_image": "", "name": "Once and For All"}}, {"pk": 195, "model": "data.data", "fields": {"description": "", "posted_by": 5, "slug": "bruar-falls", "published": 1, "pub_date": "2009-09-25 20:00:00", "header_image": "", "name": "Bruar Falls"}}, {"pk": 196, "model": "data.data", "fields": {"description": "", "posted_by": 5, "slug": "dry-hump-ep", "published": 0, "pub_date": "2009-11-01 16:49:11", "header_image": "", "name": "Dry Hump"}}, {"pk": 197, "model": "data.data", "fields": {"description": "", "posted_by": 5, "slug": "ginger-ep", "published": 0, "pub_date": "2008-11-06 16:49:11", "header_image": "", "name": "Ginger"}}, {"pk": 198, "model": "data.data", "fields": {"description": "", "posted_by": 5, "slug": "nectarine-ep", "published": 0, "pub_date": "2008-11-06 16:49:11", "header_image": "", "name": "Nectarine"}}, {"pk": 199, "model": "data.data", "fields": {"description": "", "posted_by": 5, "slug": "i-want-house-ep", "published": 0, "pub_date": "2009-10-06 16:49:11", "header_image": "", "name": "I Want A House"}}, {"pk": 202, "model": "data.data", "fields": {"description": "<p>Last song as a 19 year old.&#160; Dedicated to the reed organ.</p>", "posted_by": 3, "slug": "teen-quickie", "published": 1, "pub_date": "2009-10-23 23:47:05", "header_image": "", "name": "Teen Quickie"}}, {"pk": 203, "model": "data.data", "fields": {"description": "<p>They're not new Twin Sister songs, but come on, we're not the only band on earth.</p><p>The mix attached here is mostly nice and slow, and unless I'm forgetting someone, it only has one male voice on it. It just happened that way. </p><p>It's dedicated to the hair styles pioneered by the Cocteau Twins. It doesn't have much to do with October.</p><p><a href=\"http://www.mediafire.com/?g2tlhym4ygd\">Download!</a></p>", "posted_by": 4, "slug": "mix-october", "published": 1, "pub_date": "2009-10-23 21:29:35", "header_image": "uploads/images/url.jpg", "name": "A Mix For October"}}, {"pk": 207, "model": "data.data", "fields": {"description": "http://www.youtube.com/watch?v=yCCw50jcWxc", "posted_by": 1, "slug": "space-babe-video", "published": 1, "pub_date": "2009-05-19 16:13:40", "header_image": "", "name": "Space Babe: The Video"}}, {"pk": 204, "model": "data.data", "fields": {"description": "<p>We're still working on our second EP. We want to get it done as soon as possible so that everyone can hear it. We're tracking vocals in about two weeks. Until we get everything in order, here are two \"teasers\" : </p><p>http://www.youtube.com/watch?v=KtloBb33SZM</p><p>If you enjoy images of cats and Andrea but only have 38 seconds, enjoy this one: </p><p>http://www.youtube.com/watch?v=bMUzQB0g0ww</p>", "posted_by": 4, "slug": "intimate-portrait", "published": 1, "pub_date": "2009-10-23 20:49:44", "header_image": "", "name": "An Intimate Portrait"}}, {"pk": 205, "model": "data.data", "fields": {"description": "<p>\"The Other Side of Your Face\" and \"You Still Know Me By Name\" are,\r\nmaybe, 60% recorded, along with \"Milk and Honey\" and \"All Around and\r\nAway We Go\". In case you couldn't hear on the recording, the name of\r\nthe new EP is \"Aquarellas\".</p>", "posted_by": 3, "slug": "other-side-your-face-daniel-you-still-know-me-name", "published": 1, "pub_date": "2009-10-17 14:15:39", "header_image": "", "name": "The Other Side of Your Face, Daniel, You Still Know Me By Name"}}, {"pk": 206, "model": "data.data", "fields": {"description": "<p>Here is Milk and Honey and Ginger from our set at Bruar Falls on\r\nOctober 15th. If I do this correctly, the rest of the set should be\r\nposted in two's just like this in newer entries.</p>", "posted_by": 3, "slug": "milk-and-honey-ginger", "published": 1, "pub_date": "2009-10-17 13:49:17", "header_image": "", "name": "Milk and Honey, Ginger"}}, {"pk": 209, "model": "data.data", "fields": {"description": "<a href=\"http://saidthegramophone.com\">Said the Gramophone</a>, one of my personal favorite music blogs, said some really nice things about our music on Monday.  You can read Sean's reactions to our music <a href=\"http://www.saidthegramophone.com/archives/twin_sister.php\">right here</a>.  The above image, is a screencap of our site traffic statistics the day after the writeup.  Pretty ridiculous.", "posted_by": 5, "slug": "write-said-gramophone", "published": 1, "pub_date": "2009-03-04 17:01:39", "header_image": "uploads/images/Screenshot-1.png", "name": "Write up at Said the Gramophone"}}, {"pk": 210, "model": "data.data", "fields": {"description": "<p>shot by MIKE LUCIANO</p>http://www.youtube.com/watch?v=LijbpDExI3A", "posted_by": 4, "slug": "milk-honey-dba-2209", "published": 1, "pub_date": "2009-02-21 22:50:55", "header_image": "", "name": "\"Milk & Honey\" @ DBA 2.2.09"}}, {"pk": 211, "model": "data.data", "fields": {"description": "<p>Dude over at <a href=\"http://cigarettediaries.com/\">Cigarette Diaries</a> said some nice things about our Death by Audio show, and took pictures.  <a href=\"http://cigarettediaries.blogspot.com/2009/02/to-twin-sister.html\">Go read it!</a></p>", "posted_by": 5, "slug": "write-and-photos-cigarette-diaries", "published": 1, "pub_date": "2009-02-06 14:36:21", "header_image": "uploads/images/guitar_02.jpg", "name": "Write up and Photos at Cigarette Diaries"}}, {"pk": 212, "model": "data.data", "fields": {"description": "<p>Our first EP.</p>", "posted_by": 5, "slug": "vampires-dreaming-kids", "published": 1, "pub_date": "2008-11-07 21:40:05", "header_image": "uploads/images/ep_cover.jpg", "name": "Vampires with Dreaming Kids"}}, {"pk": 213, "model": "data.data", "fields": {"description": "", "posted_by": 5, "slug": "vampires-dreaming-kids-gallery", "published": 1, "pub_date": "2008-11-07 21:58:01", "header_image": "", "name": "Vampires with Dreaming Kids"}}, {"pk": 214, "model": "data.data", "fields": {"description": "", "posted_by": 5, "slug": "show-flyers", "published": 1, "pub_date": "2009-07-07 22:01:28", "header_image": "", "name": "Show Flyers"}}, {"pk": 1, "model": "people.person", "fields": {"url": "", "name": "Andrea Estella", "email": ""}}, {"pk": 2, "model": "people.person", "fields": {"url": "", "name": "Bryan Ujueta", "email": ""}}, {"pk": 9, "model": "people.person", "fields": {"url": "", "name": "Casio CTK-150", "email": ""}}, {"pk": 7, "model": "people.person", "fields": {"url": "http://www.myspace.com/ponyguts", "name": "Dena Zilber", "email": ""}}, {"pk": 3, "model": "people.person", "fields": {"url": "", "name": "Eric Cardona", "email": ""}}, {"pk": 4, "model": "people.person", "fields": {"url": "", "name": "Gabel D'Amico", "email": ""}}, {"pk": 13, "model": "people.person", "fields": {"url": "", "name": "gohng", "email": ""}}, {"pk": 11, "model": "people.person", "fields": {"url": "", "name": "Luna", "email": ""}}, {"pk": 6, "model": "people.person", "fields": {"url": "http://cigarettediaries.com/", "name": "The Popular Guru", "email": ""}}, {"pk": 12, "model": "people.person", "fields": {"url": "", "name": "Traditional", "email": ""}}, {"pk": 5, "model": "people.person", "fields": {"url": "", "name": "Udbhav Gupta", "email": ""}}, {"pk": 30, "model": "people.band", "fields": {"url": "http://www.myspace.com/avalunaband", "name": "Ava Luna", "members": []}}, {"pk": 25, "model": "people.band", "fields": {"url": "http://myspace.com/battleaveteaclub", "name": "Battle Ave Tea Club", "members": []}}, {"pk": 22, "model": "people.band", "fields": {"url": "", "name": "Bodies", "members": []}}, {"pk": 3, "model": "people.band", "fields": {"url": "http://cameraheadshark.com/", "name": "Camera-Head Shark", "members": []}}, {"pk": 29, "model": "people.band", "fields": {"url": "http://www.myspace.com/cloudproductions", "name": "Cloud.", "members": []}}, {"pk": 28, "model": "people.band", "fields": {"url": "http://www.myspace.com/dangerousponies", "name": "Dangerous Ponies", "members": []}}, {"pk": 10, "model": "people.band", "fields": {"url": "http://www.myspace.com/datadogmusic", "name": "Data Dog", "members": []}}, {"pk": 19, "model": "people.band", "fields": {"url": "http://www.myspace.com/newyorkdrain", "name": "Drain You", "members": []}}, {"pk": 26, "model": "people.band", "fields": {"url": "http://www.myspace.com/johnksongs", "name": "gohng", "members": []}}, {"pk": 15, "model": "people.band", "fields": {"url": "http://www.myspace.com/hornyvamp", "name": "Horny Vampyre", "members": []}}, {"pk": 20, "model": "people.band", "fields": {"url": "", "name": "Jesse Cooper Levy", "members": []}}, {"pk": 31, "model": "people.band", "fields": {"url": "http://www.myspace.com/kcquilty", "name": "KC Quilty", "members": []}}, {"pk": 8, "model": "people.band", "fields": {"url": "http://www.myspace.com/mrkylegilbride", "name": "Kyle Gilbride", "members": []}}, {"pk": 11, "model": "people.band", "fields": {"url": "http://www.myspace.com/lerug", "name": "Le Rug", "members": []}}, {"pk": 7, "model": "people.band", "fields": {"url": "http://www.myspace.com/lightningpawmusic", "name": "Lightning Paw", "members": []}}, {"pk": 32, "model": "people.band", "fields": {"url": "http://www.myspace.com/lostboy", "name": "Lost Boy", "members": []}}, {"pk": 17, "model": "people.band", "fields": {"url": "", "name": "Michael Jordan", "members": []}}, {"pk": 16, "model": "people.band", "fields": {"url": "", "name": "Pat King and His Beastiality Complex", "members": []}}, {"pk": 27, "model": "people.band", "fields": {"url": "http://www.myspace.com/postpostmusic", "name": "Post Post", "members": []}}, {"pk": 24, "model": "people.band", "fields": {"url": "http://myspace.com/letsrockthebeach", "name": "Real Estate", "members": []}}, {"pk": 34, "model": "people.band", "fields": {"url": "http://www.myspace.com/samrosen", "name": "Sam Buck Rosen", "members": []}}, {"pk": 18, "model": "people.band", "fields": {"url": "http://www.myspace.com/screwedagainhc", "name": "Screwed Again!", "members": []}}, {"pk": 21, "model": "people.band", "fields": {"url": "http://www.myspace.com/slowestrunnerinalltheworld", "name": "Slowest Runner", "members": []}}, {"pk": 9, "model": "people.band", "fields": {"url": "http://www.myspace.com/genuineimitations", "name": "The Genuine Imitations", "members": []}}, {"pk": 13, "model": "people.band", "fields": {"url": "", "name": "The Jurks", "members": []}}, {"pk": 2, "model": "people.band", "fields": {"url": "http://thekitchencabinet.net/", "name": "The Kitchen Cabinet", "members": []}}, {"pk": 14, "model": "people.band", "fields": {"url": "", "name": "The Shakes", "members": []}}, {"pk": 4, "model": "people.band", "fields": {"url": "http://www.myspace.com/theterrorpigeondancerevolt", "name": "The Terror Pigeon Dance Revolt", "members": []}}, {"pk": 1, "model": "people.band", "fields": {"url": "http://twinsistermusic.com/", "name": "Twin Sister", "members": [1, 2, 3, 4, 5]}}, {"pk": 33, "model": "people.band", "fields": {"url": "http://www.whitehinterland.com/", "name": "White Hinterland", "members": []}}, {"pk": 23, "model": "people.band", "fields": {"url": "http://myspace.com/woodsfamilyband", "name": "Woods", "members": []}}, {"pk": 12, "model": "people.band", "fields": {"url": "http://www.myspace.com/zonamexicana", "name": "Zona Mexicana", "members": []}}, {"pk": 1, "model": "events.venue", "fields": {"name": "Superfine", "address": "126 Front Street, Brooklyn, NY"}}, {"pk": 3, "model": "events.venue", "fields": {"name": "Death By Audio", "address": "49 South 2nd Street, Brooklyn, NY"}}, {"pk": 7, "model": "events.venue", "fields": {"name": "Lit Lounge", "address": "93 2nd Ave. New York, NY"}}, {"pk": 8, "model": "events.venue", "fields": {"name": "Lulu's Village Pub", "address": "1509 Main Street, Port Jefferson, NY 11777"}}, {"pk": 9, "model": "events.venue", "fields": {"name": "SUNY Purchase", "address": "735 Anderson Hill Rd, Purchase, NY"}}, {"pk": 10, "model": "events.venue", "fields": {"name": "Bruar Falls", "address": "245 Grand St Brooklyn, NY 11211"}}, {"pk": 11, "model": "events.venue", "fields": {"name": "Silent Barn", "address": "9-15 Wyckoff Ave, Queens, NY"}}, {"pk": 12, "model": "events.venue", "fields": {"name": "The Clipper City Sailboat", "address": "Pier 17 Southstreet Seaport, New York, New York"}}, {"pk": 13, "model": "events.venue", "fields": {"name": "Once and For All", "address": "8 E. Main Street, Patchogue, New York 11772"}}, {"pk": 14, "model": "events.venue", "fields": {"name": "George's Backyard", "address": "29 Norton St, Patchogue, New York 11772"}}, {"pk": 15, "model": "events.venue", "fields": {"name": "Haverford College", "address": "794 College Ave, Haverford, PA"}}, {"pk": 181, "model": "events.show", "fields": {"bands": [], "show_date": "2009-01-14 19:00:00", "venue": 1, "cost": "Free"}}, {"pk": 182, "model": "events.show", "fields": {"bands": [10, 19, 15, 20, 8, 11, 7, 17, 16, 18, 9, 13, 14, 4, 12], "show_date": "2009-01-23 20:00:00", "venue": 9, "cost": "Free."}}, {"pk": 183, "model": "events.show", "fields": {"bands": [10, 8, 4], "show_date": "2009-02-02 20:00:00", "venue": 3, "cost": ""}}, {"pk": 185, "model": "events.show", "fields": {"bands": [25, 24, 23], "show_date": "2009-02-25 20:30:00", "venue": 9, "cost": "Free!"}}, {"pk": 184, "model": "events.show", "fields": {"bands": [22, 21], "show_date": "2009-03-07 20:00:00", "venue": 7, "cost": "$6"}}, {"pk": 186, "model": "events.show", "fields": {"bands": [10], "show_date": "2009-04-04 19:00:00", "venue": 9, "cost": "Free!"}}, {"pk": 187, "model": "events.show", "fields": {"bands": [3], "show_date": "2009-04-09 20:30:00", "venue": 7, "cost": "$6"}}, {"pk": 188, "model": "events.show", "fields": {"bands": [], "show_date": "2009-05-01 20:00:00", "venue": 8, "cost": ""}}, {"pk": 189, "model": "events.show", "fields": {"bands": [], "show_date": "2009-10-10 19:00:00", "venue": 9, "cost": ""}}, {"pk": 191, "model": "events.show", "fields": {"bands": [29], "show_date": "2009-10-15 20:00:00", "venue": 11, "cost": ""}}, {"pk": 195, "model": "events.show", "fields": {"bands": [34, 33], "show_date": "2009-10-15 20:00:00", "venue": 10, "cost": ""}}, {"pk": 194, "model": "events.show", "fields": {"bands": [3], "show_date": "2009-10-30 20:00:00", "venue": 13, "cost": ""}}, {"pk": 193, "model": "events.show", "fields": {"bands": [3, 32], "show_date": "2009-10-31 19:00:00", "venue": 14, "cost": ""}}, {"pk": 190, "model": "events.show", "fields": {"bands": [28, 27], "show_date": "2009-11-21 19:00:00", "venue": 15, "cost": ""}}, {"pk": 94, "model": "music.musicdata", "fields": {"official": 0, "artwork": null}}, {"pk": 95, "model": "music.musicdata", "fields": {"official": 0, "artwork": null}}, {"pk": 96, "model": "music.musicdata", "fields": {"official": 0, "artwork": null}}, {"pk": 97, "model": "music.musicdata", "fields": {"official": 0, "artwork": null}}, {"pk": 98, "model": "music.musicdata", "fields": {"official": 0, "artwork": null}}, {"pk": 99, "model": "music.musicdata", "fields": {"official": 0, "artwork": null}}, {"pk": 100, "model": "music.musicdata", "fields": {"official": 0, "artwork": null}}, {"pk": 101, "model": "music.musicdata", "fields": {"official": 0, "artwork": null}}, {"pk": 102, "model": "music.musicdata", "fields": {"official": 0, "artwork": null}}, {"pk": 103, "model": "music.musicdata", "fields": {"official": 0, "artwork": null}}, {"pk": 104, "model": "music.musicdata", "fields": {"official": 0, "artwork": null}}, {"pk": 105, "model": "music.musicdata", "fields": {"official": 0, "artwork": null}}, {"pk": 106, "model": "music.musicdata", "fields": {"official": 0, "artwork": null}}, {"pk": 107, "model": "music.musicdata", "fields": {"official": 0, "artwork": null}}, {"pk": 108, "model": "music.musicdata", "fields": {"official": 0, "artwork": null}}, {"pk": 109, "model": "music.musicdata", "fields": {"official": 0, "artwork": null}}, {"pk": 110, "model": "music.musicdata", "fields": {"official": 0, "artwork": null}}, {"pk": 111, "model": "music.musicdata", "fields": {"official": 0, "artwork": null}}, {"pk": 112, "model": "music.musicdata", "fields": {"official": 0, "artwork": null}}, {"pk": 113, "model": "music.musicdata", "fields": {"official": 0, "artwork": null}}, {"pk": 114, "model": "music.musicdata", "fields": {"official": 0, "artwork": null}}, {"pk": 115, "model": "music.musicdata", "fields": {"official": 0, "artwork": null}}, {"pk": 116, "model": "music.musicdata", "fields": {"official": 0, "artwork": null}}, {"pk": 117, "model": "music.musicdata", "fields": {"official": 0, "artwork": null}}, {"pk": 118, "model": "music.musicdata", "fields": {"official": 0, "artwork": null}}, {"pk": 119, "model": "music.musicdata", "fields": {"official": 0, "artwork": null}}, {"pk": 120, "model": "music.musicdata", "fields": {"official": 0, "artwork": null}}, {"pk": 121, "model": "music.musicdata", "fields": {"official": 0, "artwork": null}}, {"pk": 122, "model": "music.musicdata", "fields": {"official": 0, "artwork": null}}, {"pk": 123, "model": "music.musicdata", "fields": {"official": 0, "artwork": null}}, {"pk": 202, "model": "music.musicdata", "fields": {"official": 0, "artwork": null}}, {"pk": 124, "model": "music.musicdata", "fields": {"official": 0, "artwork": null}}, {"pk": 125, "model": "music.musicdata", "fields": {"official": 0, "artwork": null}}, {"pk": 126, "model": "music.musicdata", "fields": {"official": 0, "artwork": null}}, {"pk": 127, "model": "music.musicdata", "fields": {"official": 0, "artwork": null}}, {"pk": 128, "model": "music.musicdata", "fields": {"official": 0, "artwork": null}}, {"pk": 129, "model": "music.musicdata", "fields": {"official": 0, "artwork": null}}, {"pk": 130, "model": "music.musicdata", "fields": {"official": 0, "artwork": null}}, {"pk": 131, "model": "music.musicdata", "fields": {"official": 0, "artwork": null}}, {"pk": 132, "model": "music.musicdata", "fields": {"official": 0, "artwork": null}}, {"pk": 133, "model": "music.musicdata", "fields": {"official": 0, "artwork": null}}, {"pk": 134, "model": "music.musicdata", "fields": {"official": 0, "artwork": null}}, {"pk": 135, "model": "music.musicdata", "fields": {"official": 0, "artwork": null}}, {"pk": 136, "model": "music.musicdata", "fields": {"official": 0, "artwork": null}}, {"pk": 137, "model": "music.musicdata", "fields": {"official": 0, "artwork": null}}, {"pk": 138, "model": "music.musicdata", "fields": {"official": 0, "artwork": null}}, {"pk": 139, "model": "music.musicdata", "fields": {"official": 0, "artwork": null}}, {"pk": 140, "model": "music.musicdata", "fields": {"official": 0, "artwork": null}}, {"pk": 141, "model": "music.musicdata", "fields": {"official": 0, "artwork": null}}, {"pk": 142, "model": "music.musicdata", "fields": {"official": 0, "artwork": null}}, {"pk": 143, "model": "music.musicdata", "fields": {"official": 0, "artwork": null}}, {"pk": 144, "model": "music.musicdata", "fields": {"official": 0, "artwork": null}}, {"pk": 145, "model": "music.musicdata", "fields": {"official": 0, "artwork": null}}, {"pk": 146, "model": "music.musicdata", "fields": {"official": 0, "artwork": null}}, {"pk": 147, "model": "music.musicdata", "fields": {"official": 0, "artwork": null}}, {"pk": 148, "model": "music.musicdata", "fields": {"official": 0, "artwork": null}}, {"pk": 149, "model": "music.musicdata", "fields": {"official": 0, "artwork": null}}, {"pk": 150, "model": "music.musicdata", "fields": {"official": 0, "artwork": null}}, {"pk": 152, "model": "music.musicdata", "fields": {"official": 0, "artwork": null}}, {"pk": 153, "model": "music.musicdata", "fields": {"official": 0, "artwork": null}}, {"pk": 154, "model": "music.musicdata", "fields": {"official": 0, "artwork": null}}, {"pk": 155, "model": "music.musicdata", "fields": {"official": 0, "artwork": null}}, {"pk": 156, "model": "music.musicdata", "fields": {"official": 0, "artwork": null}}, {"pk": 157, "model": "music.musicdata", "fields": {"official": 0, "artwork": null}}, {"pk": 158, "model": "music.musicdata", "fields": {"official": 0, "artwork": null}}, {"pk": 159, "model": "music.musicdata", "fields": {"official": 0, "artwork": null}}, {"pk": 160, "model": "music.musicdata", "fields": {"official": 0, "artwork": null}}, {"pk": 161, "model": "music.musicdata", "fields": {"official": 0, "artwork": null}}, {"pk": 196, "model": "music.musicdata", "fields": {"official": 0, "artwork": null}}, {"pk": 197, "model": "music.musicdata", "fields": {"official": 0, "artwork": null}}, {"pk": 198, "model": "music.musicdata", "fields": {"official": 0, "artwork": null}}, {"pk": 199, "model": "music.musicdata", "fields": {"official": 0, "artwork": null}}, {"pk": 205, "model": "music.musicdata", "fields": {"official": 0, "artwork": null}}, {"pk": 206, "model": "music.musicdata", "fields": {"official": 0, "artwork": null}}, {"pk": 162, "model": "music.musicdata", "fields": {"official": 0, "artwork": null}}, {"pk": 163, "model": "music.musicdata", "fields": {"official": 0, "artwork": null}}, {"pk": 164, "model": "music.musicdata", "fields": {"official": 0, "artwork": null}}, {"pk": 212, "model": "music.musicdata", "fields": {"official": 1, "artwork": 213}}, {"pk": 106, "model": "music.song", "fields": {"composers": [], "track_number": null, "band": 1, "file": "uploads/music/6.mp3", "newer_version": null, "older_version": null}}, {"pk": 122, "model": "music.song", "fields": {"composers": [], "track_number": null, "band": 1, "file": "uploads/music/Alarm1.mp3", "newer_version": null, "older_version": null}}, {"pk": 117, "model": "music.song", "fields": {"composers": [], "track_number": null, "band": 1, "file": "uploads/music/all_around_and_away_we_go_demo2.mp3", "newer_version": null, "older_version": null}}, {"pk": 101, "model": "music.song", "fields": {"composers": [], "track_number": null, "band": 1, "file": "uploads/music/All_Around_and_Away_We_Go.mp3", "newer_version": null, "older_version": null}}, {"pk": 149, "model": "music.song", "fields": {"composers": [], "track_number": null, "band": 1, "file": "uploads/music/All_My_Trials.mp3", "newer_version": null, "older_version": null}}, {"pk": 153, "model": "music.song", "fields": {"composers": [], "track_number": null, "band": 1, "file": "uploads/music/Lit_Lounge.mp3", "newer_version": null, "older_version": null}}, {"pk": 100, "model": "music.song", "fields": {"composers": [], "track_number": 5, "band": 1, "file": "uploads/music/05_Aquarellas.mp3", "newer_version": null, "older_version": null}}, {"pk": 116, "model": "music.song", "fields": {"composers": [], "track_number": 6, "band": 1, "file": "uploads/music/06_Aquarellas.mp3", "newer_version": null, "older_version": null}}, {"pk": 142, "model": "music.song", "fields": {"composers": [], "track_number": null, "band": 1, "file": "uploads/music/Ave_Isobelle.mp3", "newer_version": null, "older_version": null}}, {"pk": 99, "model": "music.song", "fields": {"composers": [], "track_number": 7, "band": 1, "file": "uploads/music/07_Be_Kind_to_Your_Conscience.mp3", "newer_version": null, "older_version": null}}, {"pk": 112, "model": "music.song", "fields": {"composers": [], "track_number": null, "band": 1, "file": "uploads/music/body_feels_strong.mp3", "newer_version": null, "older_version": null}}, {"pk": 125, "model": "music.song", "fields": {"composers": [], "track_number": 1, "band": 1, "file": "uploads/music/idea_bubble1.mp3", "newer_version": null, "older_version": null}}, {"pk": 132, "model": "music.song", "fields": {"composers": [], "track_number": null, "band": 1, "file": "uploads/music/idea_bubble10.mp3", "newer_version": null, "older_version": null}}, {"pk": 133, "model": "music.song", "fields": {"composers": [], "track_number": null, "band": 1, "file": "uploads/music/idea_bubble13.mp3", "newer_version": null, "older_version": null}}, {"pk": 134, "model": "music.song", "fields": {"composers": [], "track_number": null, "band": 1, "file": "uploads/music/idea_bubble14.mp3", "newer_version": null, "older_version": null}}, {"pk": 135, "model": "music.song", "fields": {"composers": [], "track_number": null, "band": 1, "file": "uploads/music/idea_bubble15.mp3", "newer_version": null, "older_version": null}}, {"pk": 136, "model": "music.song", "fields": {"composers": [], "track_number": null, "band": 1, "file": "uploads/music/idea_bubble16new.mp3", "newer_version": null, "older_version": null}}, {"pk": 137, "model": "music.song", "fields": {"composers": [], "track_number": null, "band": 1, "file": "uploads/music/idea_bubble17.mp3", "newer_version": null, "older_version": null}}, {"pk": 138, "model": "music.song", "fields": {"composers": [], "track_number": null, "band": 1, "file": "uploads/music/idea_bubble18.mp3", "newer_version": null, "older_version": null}}, {"pk": 139, "model": "music.song", "fields": {"composers": [], "track_number": null, "band": 1, "file": "uploads/music/idea_bubble19.mp3", "newer_version": null, "older_version": null}}, {"pk": 140, "model": "music.song", "fields": {"composers": [], "track_number": null, "band": 1, "file": "uploads/music/idea_bubble_20.mp3", "newer_version": null, "older_version": null}}, {"pk": 141, "model": "music.song", "fields": {"composers": [], "track_number": null, "band": 1, "file": "uploads/music/Melonie_Belle.mp3", "newer_version": null, "older_version": null}}, {"pk": 126, "model": "music.song", "fields": {"composers": [], "track_number": 2, "band": 1, "file": "uploads/music/idea_bubble3.mp3", "newer_version": null, "older_version": null}}, {"pk": 127, "model": "music.song", "fields": {"composers": [], "track_number": 4, "band": 1, "file": "uploads/music/idea_bubble5.mp3", "newer_version": null, "older_version": null}}, {"pk": 128, "model": "music.song", "fields": {"composers": [], "track_number": 5, "band": 1, "file": "uploads/music/idea_bubble6.mp3", "newer_version": null, "older_version": null}}, {"pk": 129, "model": "music.song", "fields": {"composers": [], "track_number": 6, "band": 1, "file": "uploads/music/idea_bubble7.mp3", "newer_version": null, "older_version": null}}, {"pk": 130, "model": "music.song", "fields": {"composers": [], "track_number": null, "band": 1, "file": "uploads/music/idea_bubble8.mp3", "newer_version": null, "older_version": null}}, {"pk": 131, "model": "music.song", "fields": {"composers": [], "track_number": null, "band": 1, "file": "uploads/music/idea_bubble9.mp3", "newer_version": null, "older_version": null}}, {"pk": 158, "model": "music.song", "fields": {"composers": [], "track_number": null, "band": 1, "file": "uploads/music/Chewy_in_the_Stars2.mp3", "newer_version": null, "older_version": null}}, {"pk": 160, "model": "music.song", "fields": {"composers": [], "track_number": null, "band": 1, "file": "uploads/music/Compromise.mp3", "newer_version": null, "older_version": null}}, {"pk": 96, "model": "music.song", "fields": {"composers": [], "track_number": 3, "band": 1, "file": "uploads/music/03_Daniel.mp3", "newer_version": null, "older_version": null}}, {"pk": 143, "model": "music.song", "fields": {"composers": [], "track_number": null, "band": 1, "file": "uploads/music/Digital_Hate.mp3", "newer_version": null, "older_version": null}}, {"pk": 115, "model": "music.song", "fields": {"composers": [], "track_number": 5, "band": 1, "file": "uploads/music/05_Dry_Hump.mp3", "newer_version": null, "older_version": null}}, {"pk": 196, "model": "music.song", "fields": {"composers": [], "track_number": 1, "band": 1, "file": "uploads/music/dry_hump.mp3", "newer_version": null, "older_version": null}}, {"pk": 107, "model": "music.song", "fields": {"composers": [], "track_number": null, "band": 1, "file": "uploads/music/Dry_Hump_REMIXX_1.mp3", "newer_version": null, "older_version": null}}, {"pk": 123, "model": "music.song", "fields": {"composers": [], "track_number": null, "band": 1, "file": "uploads/music/filmi.mp3", "newer_version": null, "older_version": null}}, {"pk": 197, "model": "music.song", "fields": {"composers": [], "track_number": 2, "band": 1, "file": "uploads/music/ginger.mp3", "newer_version": null, "older_version": null}}, {"pk": 97, "model": "music.song", "fields": {"composers": [], "track_number": 4, "band": 1, "file": "uploads/music/04_Great_Girl.mp3", "newer_version": null, "older_version": null}}, {"pk": 110, "model": "music.song", "fields": {"composers": [], "track_number": 3, "band": 1, "file": "uploads/music/03_I_Want_a_House.mp3", "newer_version": null, "older_version": null}}, {"pk": 98, "model": "music.song", "fields": {"composers": [], "track_number": 6, "band": 1, "file": "uploads/music/06_I_Want_a_House.mp3", "newer_version": null, "older_version": null}}, {"pk": 199, "model": "music.song", "fields": {"composers": [], "track_number": 4, "band": 1, "file": "uploads/music/i_want_a_house.mp3", "newer_version": null, "older_version": null}}, {"pk": 159, "model": "music.song", "fields": {"composers": [], "track_number": null, "band": 1, "file": "uploads/music/In_The_Yard_In_The_Fall.mp3", "newer_version": null, "older_version": null}}, {"pk": 144, "model": "music.song", "fields": {"composers": [], "track_number": null, "band": 1, "file": "uploads/music/its_raining.mp3", "newer_version": null, "older_version": null}}, {"pk": 157, "model": "music.song", "fields": {"composers": [], "track_number": null, "band": 1, "file": "uploads/music/johnungle.mp3", "newer_version": null, "older_version": null}}, {"pk": 156, "model": "music.song", "fields": {"composers": [], "track_number": null, "band": 1, "file": "uploads/music/Kimmi_In_A_Ricefield.mp3", "newer_version": null, "older_version": null}}, {"pk": 104, "model": "music.song", "fields": {"composers": [], "track_number": null, "band": 1, "file": "uploads/music/la_la_ya.mp3", "newer_version": null, "older_version": null}}, {"pk": 102, "model": "music.song", "fields": {"composers": [], "track_number": 4, "band": 1, "file": "uploads/music/04_La_La_Ya.mp3", "newer_version": null, "older_version": null}}, {"pk": 155, "model": "music.song", "fields": {"composers": [], "track_number": null, "band": 1, "file": "uploads/music/Levon_and_Chocolate_Cake.mp3", "newer_version": null, "older_version": null}}, {"pk": 152, "model": "music.song", "fields": {"composers": [], "track_number": null, "band": 1, "file": "uploads/music/Untitled_Theme_.mp3", "newer_version": null, "older_version": null}}, {"pk": 206, "model": "music.song", "fields": {"composers": [], "track_number": null, "band": 1, "file": "uploads/music/Milk_and_Honey_and_Ginger.mp3", "newer_version": null, "older_version": null}}, {"pk": 94, "model": "music.song", "fields": {"composers": [], "track_number": 1, "band": 1, "file": "uploads/music/01_Nectarine.mp3", "newer_version": null, "older_version": null}}, {"pk": 198, "model": "music.song", "fields": {"composers": [], "track_number": 3, "band": 1, "file": "uploads/music/nectarine.mp3", "newer_version": null, "older_version": null}}, {"pk": 109, "model": "music.song", "fields": {"composers": [], "track_number": 2, "band": 1, "file": "uploads/music/02_New_Suit.mp3", "newer_version": null, "older_version": null}}, {"pk": 113, "model": "music.song", "fields": {"composers": [], "track_number": null, "band": 1, "file": "uploads/music/new_suit.mp3", "newer_version": null, "older_version": null}}, {"pk": 119, "model": "music.song", "fields": {"composers": [], "track_number": null, "band": 1, "file": "uploads/music/No_Sleep.mp3", "newer_version": null, "older_version": null}}, {"pk": 120, "model": "music.song", "fields": {"composers": [], "track_number": null, "band": 1, "file": "uploads/music/Nectarine_Andrea.mp3", "newer_version": null, "older_version": null}}, {"pk": 108, "model": "music.song", "fields": {"composers": [], "track_number": 1, "band": 1, "file": "uploads/music/01_Other_Side_of_Your_Face.mp3", "newer_version": null, "older_version": null}}, {"pk": 145, "model": "music.song", "fields": {"composers": [], "track_number": null, "band": 1, "file": "uploads/music/Poet.mp3", "newer_version": null, "older_version": null}}, {"pk": 124, "model": "music.song", "fields": {"composers": [], "track_number": null, "band": 1, "file": "uploads/music/Quiet_One_Done.mp3", "newer_version": null, "older_version": null}}, {"pk": 150, "model": "music.song", "fields": {"composers": [], "track_number": null, "band": 1, "file": "uploads/music/synthjamstructuredfinal_.mp3", "newer_version": null, "older_version": null}}, {"pk": 118, "model": "music.song", "fields": {"composers": [], "track_number": null, "band": 1, "file": "uploads/music/Smoke_2.mp3", "newer_version": null, "older_version": null}}, {"pk": 148, "model": "music.song", "fields": {"composers": [], "track_number": null, "band": 1, "file": "uploads/music/Space_Babe.mp3", "newer_version": null, "older_version": null}}, {"pk": 114, "model": "music.song", "fields": {"composers": [], "track_number": null, "band": 1, "file": "uploads/music/space_jam_dec22.mp3", "newer_version": null, "older_version": null}}, {"pk": 161, "model": "music.song", "fields": {"composers": [], "track_number": null, "band": 1, "file": "uploads/music/Stiff_Igloos.mp3", "newer_version": null, "older_version": null}}, {"pk": 154, "model": "music.song", "fields": {"composers": [], "track_number": null, "band": 1, "file": "uploads/music/Sunday.mp3", "newer_version": null, "older_version": null}}, {"pk": 103, "model": "music.song", "fields": {"composers": [], "track_number": null, "band": 1, "file": "uploads/music/synth_jammin.mp3", "newer_version": null, "older_version": null}}, {"pk": 202, "model": "music.song", "fields": {"composers": [3], "track_number": null, "band": 1, "file": "uploads/music/October_23rd_2009.mp3", "newer_version": null, "older_version": null}}, {"pk": 205, "model": "music.song", "fields": {"composers": [1, 2, 3, 4, 5], "track_number": null, "band": 1, "file": "uploads/music/Face_Daniel_Smoke.mp3", "newer_version": null, "older_version": null}}, {"pk": 146, "model": "music.song", "fields": {"composers": [], "track_number": null, "band": 1, "file": "uploads/music/01_Twin_Sisters.mp3", "newer_version": null, "older_version": null}}, {"pk": 121, "model": "music.song", "fields": {"composers": [], "track_number": null, "band": 1, "file": "uploads/music/01_Twin_Sisters.mp3", "newer_version": null, "older_version": null}}, {"pk": 147, "model": "music.song", "fields": {"composers": [], "track_number": null, "band": 1, "file": "uploads/music/Quiet_One_Done.mp3", "newer_version": null, "older_version": null}}, {"pk": 95, "model": "music.song", "fields": {"composers": [], "track_number": 2, "band": 1, "file": "uploads/music/02_We_Are_Four.mp3", "newer_version": null, "older_version": null}}, {"pk": 105, "model": "music.song", "fields": {"composers": [], "track_number": null, "band": 1, "file": "uploads/music/We_Are_Two.mp3", "newer_version": null, "older_version": null}}, {"pk": 111, "model": "music.song", "fields": {"composers": [], "track_number": null, "band": 1, "file": "uploads/music/White_Bread_3.mp3", "newer_version": null, "older_version": null}}, {"pk": 162, "model": "music.release", "fields": {"band": 1, "type": "LI", "songs": [116, 115, 98, 104, 109, 108]}}, {"pk": 163, "model": "music.release", "fields": {"band": 1, "type": "LI", "songs": [100, 99, 96, 97, 110, 94, 95]}}, {"pk": 164, "model": "music.release", "fields": {"band": 1, "type": "LP", "songs": [142, 125, 132, 133, 134, 135, 136, 137, 138, 139, 140, 141, 126, 127, 128, 129, 130, 131, 143, 144, 145, 146]}}, {"pk": 212, "model": "music.release", "fields": {"band": 1, "type": "EP", "songs": [196, 197, 199, 198]}}, {"pk": 2, "model": "music.archive", "fields": {"release": 212, "file_type": "320 kbps (zip)", "archive": "uploads/music/twin_sister_vampires_with_dreaming_kids.zip"}}, {"pk": 1, "model": "music.buylink", "fields": {"release": 212, "link": "http://bit.ly/4bJuDL", "service": "iTunes"}}, {"pk": 2, "model": "music.buylink", "fields": {"release": 212, "link": "http://www.emusic.com/album/Twin-Sister-Vampires-With-Dreaming-Kids-MP3-Download/11681259.html", "service": "eMusic"}}, {"pk": 3, "model": "music.buylink", "fields": {"release": 212, "link": "http://www.amazon.com/Vampires-With-Dreaming-Kids/dp/B002TUJ94C/", "service": "Amazon"}}, {"pk": 4, "model": "music.buylink", "fields": {"release": 212, "link": "http://www.lala.com/#artist/Twin_Sister", "service": "Lala"}}, {"pk": 5, "model": "music.buylink", "fields": {"release": 212, "link": "http://www.rhapsody.com/twinsister/vampires-with-dreaming-kids", "service": "Rhapsody"}}, {"pk": 1, "model": "images.image", "fields": {"caption": "", "photo": "uploads/images/ep_cover.jpg", "title": "EP Cover", "credit": [], "pub_date": "2009-10-06 17:02:43", "order": 1}}, {"pk": 3, "model": "images.image", "fields": {"caption": "", "photo": "uploads/images/url.jpg", "title": "Cocteau Twins", "credit": [], "pub_date": "2009-10-26 14:37:44", "order": 1}}, {"pk": 4, "model": "images.image", "fields": {"caption": "", "photo": "uploads/images/Screenshot-1.png", "title": "Google Stats", "credit": [], "pub_date": "2009-10-26 14:54:36", "order": 1}}, {"pk": 5, "model": "images.image", "fields": {"caption": "", "photo": "uploads/images/guitar_02.jpg", "title": "Death by Audio group", "credit": [6], "pub_date": "2009-10-26 14:58:49", "order": 1}}, {"pk": 6, "model": "images.image", "fields": {"caption": "", "photo": "uploads/images/twinsisterxf5.jpg", "title": "DBA Flyer", "credit": [7], "pub_date": "2009-10-26 15:01:36", "order": 1}}, {"pk": 7, "model": "images.image", "fields": {"caption": "", "photo": "uploads/images/superfine_flyer.jpg", "title": "Superfine Flyer", "credit": [], "pub_date": "2009-10-26 15:03:07", "order": 1}}, {"pk": 213, "model": "images.gallery", "fields": {"images": [1]}}, {"pk": 214, "model": "images.gallery", "fields": {"images": [6, 7]}}]
