[{"pk": 25, "model": "contenttypes.contenttype", "fields": {"model": "archive", "name": "archive", "app_label": "music"}}, {"pk": 10, "model": "contenttypes.contenttype", "fields": {"model": "band", "name": "band", "app_label": "people"}}, {"pk": 31, "model": "contenttypes.contenttype", "fields": {"model": "buylink", "name": "buy link", "app_label": "music"}}, {"pk": 19, "model": "contenttypes.contenttype", "fields": {"model": "comment", "name": "comment", "app_label": "comments"}}, {"pk": 20, "model": "contenttypes.contenttype", "fields": {"model": "commentflag", "name": "comment flag", "app_label": "comments"}}, {"pk": 5, "model": "contenttypes.contenttype", "fields": {"model": "contenttype", "name": "content type", "app_label": "contenttypes"}}, {"pk": 13, "model": "contenttypes.contenttype", "fields": {"model": "credit", "name": "credit", "app_label": "music"}}, {"pk": 15, "model": "contenttypes.contenttype", "fields": {"model": "entry", "name": "entry", "app_label": "entries"}}, {"pk": 29, "model": "contenttypes.contenttype", "fields": {"model": "data", "name": "Entry", "app_label": "data"}}, {"pk": 34, "model": "contenttypes.contenttype", "fields": {"model": "flickrphoto", "name": "flickr photo", "app_label": "images"}}, {"pk": 33, "model": "contenttypes.contenttype", "fields": {"model": "flickrtag", "name": "flickr tag", "app_label": "images"}}, {"pk": 32, "model": "contenttypes.contenttype", "fields": {"model": "flickruser", "name": "flickr user", "app_label": "images"}}, {"pk": 18, "model": "contenttypes.contenttype", "fields": {"model": "gallery", "name": "gallery", "app_label": "images"}}, {"pk": 2, "model": "contenttypes.contenttype", "fields": {"model": "group", "name": "group", "app_label": "auth"}}, {"pk": 23, "model": "contenttypes.contenttype", "fields": {"model": "image", "name": "image", "app_label": "images"}}, {"pk": 8, "model": "contenttypes.contenttype", "fields": {"model": "logentry", "name": "log entry", "app_label": "admin"}}, {"pk": 4, "model": "contenttypes.contenttype", "fields": {"model": "message", "name": "message", "app_label": "auth"}}, {"pk": 30, "model": "contenttypes.contenttype", "fields": {"model": "musicdata", "name": "music data", "app_label": "music"}}, {"pk": 1, "model": "contenttypes.contenttype", "fields": {"model": "permission", "name": "permission", "app_label": "auth"}}, {"pk": 9, "model": "contenttypes.contenttype", "fields": {"model": "person", "name": "person", "app_label": "people"}}, {"pk": 27, "model": "contenttypes.contenttype", "fields": {"model": "providerrule", "name": "provider rule", "app_label": "oembed"}}, {"pk": 14, "model": "contenttypes.contenttype", "fields": {"model": "release", "name": "release", "app_label": "music"}}, {"pk": 6, "model": "contenttypes.contenttype", "fields": {"model": "session", "name": "session", "app_label": "sessions"}}, {"pk": 11, "model": "contenttypes.contenttype", "fields": {"model": "show", "name": "show", "app_label": "events"}}, {"pk": 7, "model": "contenttypes.contenttype", "fields": {"model": "site", "name": "site", "app_label": "sites"}}, {"pk": 12, "model": "contenttypes.contenttype", "fields": {"model": "song", "name": "song", "app_label": "music"}}, {"pk": 26, "model": "contenttypes.contenttype", "fields": {"model": "stem", "name": "stem", "app_label": "music"}}, {"pk": 28, "model": "contenttypes.contenttype", "fields": {"model": "storedoembed", "name": "stored o embed", "app_label": "oembed"}}, {"pk": 24, "model": "contenttypes.contenttype", "fields": {"model": "subscriber", "name": "subscriber", "app_label": "mailing_list"}}, {"pk": 3, "model": "contenttypes.contenttype", "fields": {"model": "user", "name": "user", "app_label": "auth"}}, {"pk": 22, "model": "contenttypes.contenttype", "fields": {"model": "venue", "name": "venue", "app_label": "events"}}, {"pk": "f8d0f31dc277acd8579b76b7cf2dbff7", "model": "sessions.session", "fields": {"expire_date": "2009-01-06 00:31:51", "session_data": "gAJ9cQEoVRJfYXV0aF91c2VyX2JhY2tlbmRxAlUpZGphbmdvLmNvbnRyaWIuYXV0aC5iYWNrZW5k\ncy5Nb2RlbEJhY2tlbmRxA1UNX2F1dGhfdXNlcl9pZHEEigEBdS5lOGE3OTYwNzU3YjI4ZGNiZDg5\nMTcwOTQyZjA3MjQyMw==\n"}}, {"pk": "3a8d89bf9e26ce3beb5f59f3b0b3dacf", "model": "sessions.session", "fields": {"expire_date": "2008-12-20 12:52:40", "session_data": "gAJ9cQEuNGQ1NDRhYjY0MjA0MjczZGQ1YTAxOGY3ZTNkOTIxNDc=\n"}}, {"pk": "1ade3888fcf0f0c704ac156820cac1f8", "model": "sessions.session", "fields": {"expire_date": "2008-12-20 21:35:03", "session_data": "gAJ9cQEoVRJfYXV0aF91c2VyX2JhY2tlbmRxAlUpZGphbmdvLmNvbnRyaWIuYXV0aC5iYWNrZW5k\ncy5Nb2RlbEJhY2tlbmRxA1UNX2F1dGhfdXNlcl9pZHEEigEFdS4zYzRhMmU4OTU5MmVlODdhYjhk\nZDNiODE2NWI2YTE2Yw==\n"}}, {"pk": "054c9fc5ebd74c7e34565ac8288debed", "model": "sessions.session", "fields": {"expire_date": "2008-12-22 13:58:40", "session_data": "gAJ9cQEoVRJfYXV0aF91c2VyX2JhY2tlbmRxAlUpZGphbmdvLmNvbnRyaWIuYXV0aC5iYWNrZW5k\ncy5Nb2RlbEJhY2tlbmRxA1UNX2F1dGhfdXNlcl9pZHEEigECdS40YjkwMGIzNTI1OTk5NzgyZjJh\nMWU2MTI1ZGQ1NDdjMg==\n"}}, {"pk": "c04e2c845f6d5bd9858b27cd3869254a", "model": "sessions.session", "fields": {"expire_date": "2008-12-20 17:10:59", "session_data": "gAJ9cQEuNGQ1NDRhYjY0MjA0MjczZGQ1YTAxOGY3ZTNkOTIxNDc=\n"}}, {"pk": "5e96e9ee9952bb28cabf241b7209da0b", "model": "sessions.session", "fields": {"expire_date": "2008-12-19 19:38:47", "session_data": "gAJ9cQEoVRJfYXV0aF91c2VyX2JhY2tlbmRxAlUpZGphbmdvLmNvbnRyaWIuYXV0aC5iYWNrZW5k\ncy5Nb2RlbEJhY2tlbmRxA1UNX2F1dGhfdXNlcl9pZHEEigEFdS4zYzRhMmU4OTU5MmVlODdhYjhk\nZDNiODE2NWI2YTE2Yw==\n"}}, {"pk": "aa0569a5b8698df8a98dd30a939362e3", "model": "sessions.session", "fields": {"expire_date": "2008-12-21 17:38:50", "session_data": "gAJ9cQEoVRJfYXV0aF91c2VyX2JhY2tlbmRxAlUpZGphbmdvLmNvbnRyaWIuYXV0aC5iYWNrZW5k\ncy5Nb2RlbEJhY2tlbmRxA1UNX2F1dGhfdXNlcl9pZHEEigEBdS5lOGE3OTYwNzU3YjI4ZGNiZDg5\nMTcwOTQyZjA3MjQyMw==\n"}}, {"pk": "674c40a24491bf2e45334a2676867f07", "model": "sessions.session", "fields": {"expire_date": "2008-12-24 21:45:11", "session_data": "gAJ9cQEoVRJfYXV0aF91c2VyX2JhY2tlbmRxAlUpZGphbmdvLmNvbnRyaWIuYXV0aC5iYWNrZW5k\ncy5Nb2RlbEJhY2tlbmRxA1UNX2F1dGhfdXNlcl9pZHEEigEBdS5lOGE3OTYwNzU3YjI4ZGNiZDg5\nMTcwOTQyZjA3MjQyMw==\n"}}, {"pk": "478cc59ca230510d84066d0e145d624b", "model": "sessions.session", "fields": {"expire_date": "2008-12-25 16:04:38", "session_data": "gAJ9cQEoVRJfYXV0aF91c2VyX2JhY2tlbmRxAlUpZGphbmdvLmNvbnRyaWIuYXV0aC5iYWNrZW5k\ncy5Nb2RlbEJhY2tlbmRxA1UNX2F1dGhfdXNlcl9pZHEEigEBdS5lOGE3OTYwNzU3YjI4ZGNiZDg5\nMTcwOTQyZjA3MjQyMw==\n"}}, {"pk": "aa168144ade8e966eec349b1937ad5a0", "model": "sessions.session", "fields": {"expire_date": "2009-01-13 18:08:04", "session_data": "gAJ9cQEoVRJfYXV0aF91c2VyX2JhY2tlbmRxAlUpZGphbmdvLmNvbnRyaWIuYXV0aC5iYWNrZW5k\ncy5Nb2RlbEJhY2tlbmRxA1UNX2F1dGhfdXNlcl9pZHEEigECdS40YjkwMGIzNTI1OTk5NzgyZjJh\nMWU2MTI1ZGQ1NDdjMg==\n"}}, {"pk": "63a644192054424c08798cc38c2b3071", "model": "sessions.session", "fields": {"expire_date": "2009-01-06 01:29:40", "session_data": "gAJ9cQEoVRJfYXV0aF91c2VyX2JhY2tlbmRxAlUpZGphbmdvLmNvbnRyaWIuYXV0aC5iYWNrZW5k\ncy5Nb2RlbEJhY2tlbmRxA1UNX2F1dGhfdXNlcl9pZHEEigEBdS5lOGE3OTYwNzU3YjI4ZGNiZDg5\nMTcwOTQyZjA3MjQyMw==\n"}}, {"pk": "b20de138e4d8f825db7d8f046e2a3f14", "model": "sessions.session", "fields": {"expire_date": "2009-01-07 13:23:10", "session_data": "gAJ9cQEoVRJfYXV0aF91c2VyX2JhY2tlbmRxAlUpZGphbmdvLmNvbnRyaWIuYXV0aC5iYWNrZW5k\ncy5Nb2RlbEJhY2tlbmRxA1UNX2F1dGhfdXNlcl9pZHEEigEBdS5lOGE3OTYwNzU3YjI4ZGNiZDg5\nMTcwOTQyZjA3MjQyMw==\n"}}, {"pk": "5249b9059b61199392c2bf1a8257ba6f", "model": "sessions.session", "fields": {"expire_date": "2009-01-10 04:22:33", "session_data": "gAJ9cQEoVRJfYXV0aF91c2VyX2JhY2tlbmRxAlUpZGphbmdvLmNvbnRyaWIuYXV0aC5iYWNrZW5k\ncy5Nb2RlbEJhY2tlbmRxA1UNX2F1dGhfdXNlcl9pZHEEigEBdS5lOGE3OTYwNzU3YjI4ZGNiZDg5\nMTcwOTQyZjA3MjQyMw==\n"}}, {"pk": "059d4608df2c4543f990d6dd38c55836", "model": "sessions.session", "fields": {"expire_date": "2009-01-23 15:41:16", "session_data": "gAJ9cQEoVRJfYXV0aF91c2VyX2JhY2tlbmRxAlUpZGphbmdvLmNvbnRyaWIuYXV0aC5iYWNrZW5k\ncy5Nb2RlbEJhY2tlbmRxA1UNX2F1dGhfdXNlcl9pZHEEigEBdS5lOGE3OTYwNzU3YjI4ZGNiZDg5\nMTcwOTQyZjA3MjQyMw==\n"}}, {"pk": "0fe78470436c188acea24d2809efa7f8", "model": "sessions.session", "fields": {"expire_date": "2009-01-27 20:14:03", "session_data": "gAJ9cQEoVRJfYXV0aF91c2VyX2JhY2tlbmRxAlUpZGphbmdvLmNvbnRyaWIuYXV0aC5iYWNrZW5k\ncy5Nb2RlbEJhY2tlbmRxA1UNX2F1dGhfdXNlcl9pZHEEigEFdS4zYzRhMmU4OTU5MmVlODdhYjhk\nZDNiODE2NWI2YTE2Yw==\n"}}, {"pk": "8baa80d65c9e52222c5877dddbef5f0d", "model": "sessions.session", "fields": {"expire_date": "2009-02-04 23:49:50", "session_data": "gAJ9cQEoVRJfYXV0aF91c2VyX2JhY2tlbmRxAlUpZGphbmdvLmNvbnRyaWIuYXV0aC5iYWNrZW5k\ncy5Nb2RlbEJhY2tlbmRxA1UNX2F1dGhfdXNlcl9pZHEEigEBdS5lOGE3OTYwNzU3YjI4ZGNiZDg5\nMTcwOTQyZjA3MjQyMw==\n"}}, {"pk": "2c7c5c86cb2f2a1c438da929a9c6a835", "model": "sessions.session", "fields": {"expire_date": "2009-02-19 20:48:54", "session_data": "gAJ9cQEoVRJfYXV0aF91c2VyX2JhY2tlbmRxAlUpZGphbmdvLmNvbnRyaWIuYXV0aC5iYWNrZW5k\ncy5Nb2RlbEJhY2tlbmRxA1UNX2F1dGhfdXNlcl9pZHEEigEFdS4zYzRhMmU4OTU5MmVlODdhYjhk\nZDNiODE2NWI2YTE2Yw==\n"}}, {"pk": "d5c1c528b1f04c2e5932e46e223f5e16", "model": "sessions.session", "fields": {"expire_date": "2009-02-21 01:05:44", "session_data": "gAJ9cQEoVRJfYXV0aF91c2VyX2JhY2tlbmRxAlUpZGphbmdvLmNvbnRyaWIuYXV0aC5iYWNrZW5k\ncy5Nb2RlbEJhY2tlbmRxA1UNX2F1dGhfdXNlcl9pZHEEigEBdS5lOGE3OTYwNzU3YjI4ZGNiZDg5\nMTcwOTQyZjA3MjQyMw==\n"}}, {"pk": "4359c166401c345fb6c482bdae73228b", "model": "sessions.session", "fields": {"expire_date": "2009-02-20 20:36:29", "session_data": "gAJ9cQEoVRJfYXV0aF91c2VyX2JhY2tlbmRxAlUpZGphbmdvLmNvbnRyaWIuYXV0aC5iYWNrZW5k\ncy5Nb2RlbEJhY2tlbmRxA1UNX2F1dGhfdXNlcl9pZHEEigEBdS5lOGE3OTYwNzU3YjI4ZGNiZDg5\nMTcwOTQyZjA3MjQyMw==\n"}}, {"pk": "0f218028ca40be038f00721e6f9c36a2", "model": "sessions.session", "fields": {"expire_date": "2009-02-23 01:12:42", "session_data": "gAJ9cQEoVRJfYXV0aF91c2VyX2JhY2tlbmRxAlUpZGphbmdvLmNvbnRyaWIuYXV0aC5iYWNrZW5k\ncy5Nb2RlbEJhY2tlbmRxA1UNX2F1dGhfdXNlcl9pZHEEigEBdS5lOGE3OTYwNzU3YjI4ZGNiZDg5\nMTcwOTQyZjA3MjQyMw==\n"}}, {"pk": "7b3517f8c238c1ee5d3e596171ed3b3c", "model": "sessions.session", "fields": {"expire_date": "2009-03-07 22:50:38", "session_data": "gAJ9cQEoVRJfYXV0aF91c2VyX2JhY2tlbmRxAlUpZGphbmdvLmNvbnRyaWIuYXV0aC5iYWNrZW5k\ncy5Nb2RlbEJhY2tlbmRxA1UNX2F1dGhfdXNlcl9pZHEEigEFdS4zYzRhMmU4OTU5MmVlODdhYjhk\nZDNiODE2NWI2YTE2Yw==\n"}}, {"pk": "c7fcce4ec632caea3ddb29783c972368", "model": "sessions.session", "fields": {"expire_date": "2009-03-08 17:44:21", "session_data": "gAJ9cQEoVRJfYXV0aF91c2VyX2JhY2tlbmRxAlUpZGphbmdvLmNvbnRyaWIuYXV0aC5iYWNrZW5k\ncy5Nb2RlbEJhY2tlbmRxA1UNX2F1dGhfdXNlcl9pZHEEigEBdS5lOGE3OTYwNzU3YjI4ZGNiZDg5\nMTcwOTQyZjA3MjQyMw==\n"}}, {"pk": "137d6ab3e5da5e5a2ba4342c5415976e", "model": "sessions.session", "fields": {"expire_date": "2009-03-22 19:46:19", "session_data": "gAJ9cQEoVRJfYXV0aF91c2VyX2JhY2tlbmRxAlUpZGphbmdvLmNvbnRyaWIuYXV0aC5iYWNrZW5k\ncy5Nb2RlbEJhY2tlbmRxA1UNX2F1dGhfdXNlcl9pZHEEigECdS40YjkwMGIzNTI1OTk5NzgyZjJh\nMWU2MTI1ZGQ1NDdjMg==\n"}}, {"pk": "63e1825a7a2736c7da6553af6121dfaa", "model": "sessions.session", "fields": {"expire_date": "2009-03-23 19:40:48", "session_data": "gAJ9cQEoVRJfYXV0aF91c2VyX2JhY2tlbmRxAlUpZGphbmdvLmNvbnRyaWIuYXV0aC5iYWNrZW5k\ncy5Nb2RlbEJhY2tlbmRxA1UNX2F1dGhfdXNlcl9pZHEEigEBdS5lOGE3OTYwNzU3YjI4ZGNiZDg5\nMTcwOTQyZjA3MjQyMw==\n"}}, {"pk": "6bee22de3cf2f263f5c04bcd1471c6aa", "model": "sessions.session", "fields": {"expire_date": "2009-03-31 12:39:32", "session_data": "gAJ9cQEoVRJfYXV0aF91c2VyX2JhY2tlbmRxAlUpZGphbmdvLmNvbnRyaWIuYXV0aC5iYWNrZW5k\ncy5Nb2RlbEJhY2tlbmRxA1UNX2F1dGhfdXNlcl9pZHEEigECdS40YjkwMGIzNTI1OTk5NzgyZjJh\nMWU2MTI1ZGQ1NDdjMg==\n"}}, {"pk": "d05d742c9a60552cfc9b5191db511886", "model": "sessions.session", "fields": {"expire_date": "2009-04-15 21:12:16", "session_data": "gAJ9cQEoVRJfYXV0aF91c2VyX2JhY2tlbmRxAlUpZGphbmdvLmNvbnRyaWIuYXV0aC5iYWNrZW5k\ncy5Nb2RlbEJhY2tlbmRxA1UNX2F1dGhfdXNlcl9pZHEEigECdS40YjkwMGIzNTI1OTk5NzgyZjJh\nMWU2MTI1ZGQ1NDdjMg==\n"}}, {"pk": "f3ffbed9f6b245b9ef949382c07a8be9", "model": "sessions.session", "fields": {"expire_date": "2009-04-06 22:26:07", "session_data": "gAJ9cQEoVRJfYXV0aF91c2VyX2JhY2tlbmRxAlUpZGphbmdvLmNvbnRyaWIuYXV0aC5iYWNrZW5k\ncy5Nb2RlbEJhY2tlbmRxA1UNX2F1dGhfdXNlcl9pZHEEigEBdS5lOGE3OTYwNzU3YjI4ZGNiZDg5\nMTcwOTQyZjA3MjQyMw==\n"}}, {"pk": "278af5ae4ae6f3407c1b92b7446b7090", "model": "sessions.session", "fields": {"expire_date": "2009-04-13 12:45:45", "session_data": "gAJ9cQFVCnRlc3Rjb29raWVxAlUGd29ya2VkcQNzLmJjZGIyZDU3ZTIwNDJkNDg4YzQzYjM0ZmZj\nZjkwMTBh\n"}}, {"pk": "dbc9a215af7bb435b4fb8abdab30e1ca", "model": "sessions.session", "fields": {"expire_date": "2009-04-13 20:59:29", "session_data": "gAJ9cQEoVRJfYXV0aF91c2VyX2JhY2tlbmRxAlUpZGphbmdvLmNvbnRyaWIuYXV0aC5iYWNrZW5k\ncy5Nb2RlbEJhY2tlbmRxA1UNX2F1dGhfdXNlcl9pZHEEigEBdS5lOGE3OTYwNzU3YjI4ZGNiZDg5\nMTcwOTQyZjA3MjQyMw==\n"}}, {"pk": "a3e94308e1fcbcffe6d839e52c6d8dca", "model": "sessions.session", "fields": {"expire_date": "2009-04-23 09:39:42", "session_data": "gAJ9cQEoVRJfYXV0aF91c2VyX2JhY2tlbmRxAlUpZGphbmdvLmNvbnRyaWIuYXV0aC5iYWNrZW5k\ncy5Nb2RlbEJhY2tlbmRxA1UNX2F1dGhfdXNlcl9pZHEEigEBdS5lOGE3OTYwNzU3YjI4ZGNiZDg5\nMTcwOTQyZjA3MjQyMw==\n"}}, {"pk": "721c174f6648f406fcbe45dcaa3fb3b2", "model": "sessions.session", "fields": {"expire_date": "2009-05-05 15:31:40", "session_data": "gAJ9cQEoVRJfYXV0aF91c2VyX2JhY2tlbmRxAlUpZGphbmdvLmNvbnRyaWIuYXV0aC5iYWNrZW5k\ncy5Nb2RlbEJhY2tlbmRxA1UNX2F1dGhfdXNlcl9pZHEEigEBdS5lOGE3OTYwNzU3YjI4ZGNiZDg5\nMTcwOTQyZjA3MjQyMw==\n"}}, {"pk": "dc0060e83de258cd0ac93337d17c0da2", "model": "sessions.session", "fields": {"expire_date": "2009-05-05 17:32:45", "session_data": "gAJ9cQEoVRJfYXV0aF91c2VyX2JhY2tlbmRxAlUpZGphbmdvLmNvbnRyaWIuYXV0aC5iYWNrZW5k\ncy5Nb2RlbEJhY2tlbmRxA1UNX2F1dGhfdXNlcl9pZHEEigECdS40YjkwMGIzNTI1OTk5NzgyZjJh\nMWU2MTI1ZGQ1NDdjMg==\n"}}, {"pk": "cdce6baa508ed87afc96ed1445a108e4", "model": "sessions.session", "fields": {"expire_date": "2009-05-17 16:46:15", "session_data": "gAJ9cQEoVRJfYXV0aF91c2VyX2JhY2tlbmRxAlUpZGphbmdvLmNvbnRyaWIuYXV0aC5iYWNrZW5k\ncy5Nb2RlbEJhY2tlbmRxA1UNX2F1dGhfdXNlcl9pZHEEigEFdS4zYzRhMmU4OTU5MmVlODdhYjhk\nZDNiODE2NWI2YTE2Yw==\n"}}, {"pk": "78e5a8828ea49daabba56d95abdb4c91", "model": "sessions.session", "fields": {"expire_date": "2009-05-31 23:25:34", "session_data": "gAJ9cQEoVRJfYXV0aF91c2VyX2JhY2tlbmRxAlUpZGphbmdvLmNvbnRyaWIuYXV0aC5iYWNrZW5k\ncy5Nb2RlbEJhY2tlbmRxA1UNX2F1dGhfdXNlcl9pZHEEigECdS40YjkwMGIzNTI1OTk5NzgyZjJh\nMWU2MTI1ZGQ1NDdjMg==\n"}}, {"pk": "406b32611f898819a37edc13e6b0b1e0", "model": "sessions.session", "fields": {"expire_date": "2009-06-01 00:42:01", "session_data": "gAJ9cQEoVRJfYXV0aF91c2VyX2JhY2tlbmRxAlUpZGphbmdvLmNvbnRyaWIuYXV0aC5iYWNrZW5k\ncy5Nb2RlbEJhY2tlbmRxA1UNX2F1dGhfdXNlcl9pZHEEigEBdS5lOGE3OTYwNzU3YjI4ZGNiZDg5\nMTcwOTQyZjA3MjQyMw==\n"}}, {"pk": "137b8fd6bcb5bcc9c0c457f47d8339d5", "model": "sessions.session", "fields": {"expire_date": "2009-06-01 20:58:32", "session_data": "gAJ9cQEoVRJfYXV0aF91c2VyX2JhY2tlbmRxAlUpZGphbmdvLmNvbnRyaWIuYXV0aC5iYWNrZW5k\ncy5Nb2RlbEJhY2tlbmRxA1UNX2F1dGhfdXNlcl9pZHEEigEBdS5lOGE3OTYwNzU3YjI4ZGNiZDg5\nMTcwOTQyZjA3MjQyMw==\n"}}, {"pk": "62b1ce20f16929b2dd12c9e0c48e8d43", "model": "sessions.session", "fields": {"expire_date": "2009-06-02 16:11:57", "session_data": "gAJ9cQEoVRJfYXV0aF91c2VyX2JhY2tlbmRxAlUpZGphbmdvLmNvbnRyaWIuYXV0aC5iYWNrZW5k\ncy5Nb2RlbEJhY2tlbmRxA1UNX2F1dGhfdXNlcl9pZHEEigEFdS4zYzRhMmU4OTU5MmVlODdhYjhk\nZDNiODE2NWI2YTE2Yw==\n"}}, {"pk": "5394fb1f0eab9b2ef0a696afdac172a1", "model": "sessions.session", "fields": {"expire_date": "2009-07-02 22:19:23", "session_data": "gAJ9cQEoVRJfYXV0aF91c2VyX2JhY2tlbmRxAlUpZGphbmdvLmNvbnRyaWIuYXV0aC5iYWNrZW5k\ncy5Nb2RlbEJhY2tlbmRxA1UNX2F1dGhfdXNlcl9pZHEEigECdS40YjkwMGIzNTI1OTk5NzgyZjJh\nMWU2MTI1ZGQ1NDdjMg==\n"}}, {"pk": "7fa4b8ef1b90b67042ee9977a87f9253", "model": "sessions.session", "fields": {"expire_date": "2009-08-27 17:16:34", "session_data": "gAJ9cQEoVRJfYXV0aF91c2VyX2JhY2tlbmRxAlUpZGphbmdvLmNvbnRyaWIuYXV0aC5iYWNrZW5k\ncy5Nb2RlbEJhY2tlbmRxA1UNX2F1dGhfdXNlcl9pZHEEigEFdS4zYzRhMmU4OTU5MmVlODdhYjhk\nZDNiODE2NWI2YTE2Yw==\n"}}, {"pk": "1453047328215a98279d55e3d70bd26b", "model": "sessions.session", "fields": {"expire_date": "2009-09-06 09:17:55", "session_data": "gAJ9cQEoVRJfYXV0aF91c2VyX2JhY2tlbmRxAlUpZGphbmdvLmNvbnRyaWIuYXV0aC5iYWNrZW5k\ncy5Nb2RlbEJhY2tlbmRxA1UNX2F1dGhfdXNlcl9pZHEEigECdS40YjkwMGIzNTI1OTk5NzgyZjJh\nMWU2MTI1ZGQ1NDdjMg==\n"}}, {"pk": "ff79be2cbd04108b5e4f0e37a80e0734", "model": "sessions.session", "fields": {"expire_date": "2009-09-15 16:59:53", "session_data": "gAJ9cQEoVRJfYXV0aF91c2VyX2JhY2tlbmRxAlUpZGphbmdvLmNvbnRyaWIuYXV0aC5iYWNrZW5k\ncy5Nb2RlbEJhY2tlbmRxA1UNX2F1dGhfdXNlcl9pZHEEigEFdS4zYzRhMmU4OTU5MmVlODdhYjhk\nZDNiODE2NWI2YTE2Yw==\n"}}, {"pk": "a7bf0ecf2f6dd474d691676e3d7eb06f", "model": "sessions.session", "fields": {"expire_date": "2009-09-18 10:09:28", "session_data": "gAJ9cQEoVRJfYXV0aF91c2VyX2JhY2tlbmRxAlUpZGphbmdvLmNvbnRyaWIuYXV0aC5iYWNrZW5k\ncy5Nb2RlbEJhY2tlbmRxA1UNX2F1dGhfdXNlcl9pZHEEigEBdS5lOGE3OTYwNzU3YjI4ZGNiZDg5\nMTcwOTQyZjA3MjQyMw==\n"}}, {"pk": "cbe57405fe30ccd5c65818bc330b08b6", "model": "sessions.session", "fields": {"expire_date": "2009-09-26 10:07:27", "session_data": "gAJ9cQEoVRJfYXV0aF91c2VyX2JhY2tlbmRxAlUpZGphbmdvLmNvbnRyaWIuYXV0aC5iYWNrZW5k\ncy5Nb2RlbEJhY2tlbmRxA1UNX2F1dGhfdXNlcl9pZHEEigECdS40YjkwMGIzNTI1OTk5NzgyZjJh\nMWU2MTI1ZGQ1NDdjMg==\n"}}, {"pk": "87962c4b40c5c0ab81787e7663c88d8a", "model": "sessions.session", "fields": {"expire_date": "2009-10-05 13:30:12", "session_data": "gAJ9cQEoVRJfYXV0aF91c2VyX2JhY2tlbmRxAlUpZGphbmdvLmNvbnRyaWIuYXV0aC5iYWNrZW5k\ncy5Nb2RlbEJhY2tlbmRxA1UNX2F1dGhfdXNlcl9pZHEEigEFdS4zYzRhMmU4OTU5MmVlODdhYjhk\nZDNiODE2NWI2YTE2Yw==\n"}}, {"pk": "5bbc617dc1a6fd0e33701123ecf577d5", "model": "sessions.session", "fields": {"expire_date": "2009-10-08 17:33:46", "session_data": "gAJ9cQEoVRJfYXV0aF91c2VyX2JhY2tlbmRxAlUpZGphbmdvLmNvbnRyaWIuYXV0aC5iYWNrZW5k\ncy5Nb2RlbEJhY2tlbmRxA1UNX2F1dGhfdXNlcl9pZHEEigEBdS5lOGE3OTYwNzU3YjI4ZGNiZDg5\nMTcwOTQyZjA3MjQyMw==\n"}}, {"pk": "f7aa12b82eda14e8a14b02c0d5284a0e", "model": "sessions.session", "fields": {"expire_date": "2009-10-19 15:43:06", "session_data": "gAJ9cQEuNGQ1NDRhYjY0MjA0MjczZGQ1YTAxOGY3ZTNkOTIxNDc=\n"}}, {"pk": "78b1dba4321726533f86c46ba663adeb", "model": "sessions.session", "fields": {"expire_date": "2009-10-13 14:18:36", "session_data": "gAJ9cQEoVRJfYXV0aF91c2VyX2JhY2tlbmRxAlUpZGphbmdvLmNvbnRyaWIuYXV0aC5iYWNrZW5k\ncy5Nb2RlbEJhY2tlbmRxA1UNX2F1dGhfdXNlcl9pZHEEigEBdS5lOGE3OTYwNzU3YjI4ZGNiZDg5\nMTcwOTQyZjA3MjQyMw==\n"}}, {"pk": "8d126664569ce91edfb07e825f23fb76", "model": "sessions.session", "fields": {"expire_date": "2009-10-13 16:50:26", "session_data": "gAJ9cQEoVRJfYXV0aF91c2VyX2JhY2tlbmRxAlUpZGphbmdvLmNvbnRyaWIuYXV0aC5iYWNrZW5k\ncy5Nb2RlbEJhY2tlbmRxA1UNX2F1dGhfdXNlcl9pZHEEigEBdS5lOGE3OTYwNzU3YjI4ZGNiZDg5\nMTcwOTQyZjA3MjQyMw==\n"}}, {"pk": "0ecb23e422fe1b6e9f04115cb06c6298", "model": "sessions.session", "fields": {"expire_date": "2009-10-23 12:26:47", "session_data": "gAJ9cQEuNGQ1NDRhYjY0MjA0MjczZGQ1YTAxOGY3ZTNkOTIxNDc=\n"}}, {"pk": "fa0151ba6974db4afdb1b01fe9b07d27", "model": "sessions.session", "fields": {"expire_date": "2009-10-20 16:17:24", "session_data": "gAJ9cQEoVRJfYXV0aF91c2VyX2JhY2tlbmRxAlUpZGphbmdvLmNvbnRyaWIuYXV0aC5iYWNrZW5k\ncy5Nb2RlbEJhY2tlbmRxA1UNX2F1dGhfdXNlcl9pZHEEigEBdS5lOGE3OTYwNzU3YjI4ZGNiZDg5\nMTcwOTQyZjA3MjQyMw==\n"}}, {"pk": "98a25c3075c5e952b19bc659ef4396fe", "model": "sessions.session", "fields": {"expire_date": "2009-11-02 11:22:51", "session_data": "gAJ9cQEuNGQ1NDRhYjY0MjA0MjczZGQ1YTAxOGY3ZTNkOTIxNDc=\n"}}, {"pk": "7959f5e78530426f808c1bd023540dbb", "model": "sessions.session", "fields": {"expire_date": "2009-11-05 10:51:34", "session_data": "gAJ9cQEuNGQ1NDRhYjY0MjA0MjczZGQ1YTAxOGY3ZTNkOTIxNDc=\n"}}, {"pk": "a3385678b8e6270e35913497b179b311", "model": "sessions.session", "fields": {"expire_date": "2009-11-05 17:46:59", "session_data": "gAJ9cQEoVRJfYXV0aF91c2VyX2JhY2tlbmRxAlUpZGphbmdvLmNvbnRyaWIuYXV0aC5iYWNrZW5k\ncy5Nb2RlbEJhY2tlbmRxA1UNX2F1dGhfdXNlcl9pZHEEigEBdS5lOGE3OTYwNzU3YjI4ZGNiZDg5\nMTcwOTQyZjA3MjQyMw==\n"}}, {"pk": "8ef1571c9f51b1845901a61129f15e92", "model": "sessions.session", "fields": {"expire_date": "2009-11-09 10:23:37", "session_data": "gAJ9cQEoVRJfYXV0aF91c2VyX2JhY2tlbmRxAlUpZGphbmdvLmNvbnRyaWIuYXV0aC5iYWNrZW5k\ncy5Nb2RlbEJhY2tlbmRxA1UNX2F1dGhfdXNlcl9pZHEEigEBdS5lOGE3OTYwNzU3YjI4ZGNiZDg5\nMTcwOTQyZjA3MjQyMw==\n"}}, {"pk": "21e7737e027cc2f280e75bed7a5541b2", "model": "sessions.session", "fields": {"expire_date": "2009-11-09 20:32:07", "session_data": "gAJ9cQEoVRJfYXV0aF91c2VyX2JhY2tlbmRxAlUpZGphbmdvLmNvbnRyaWIuYXV0aC5iYWNrZW5k\ncy5Nb2RlbEJhY2tlbmRxA1UNX2F1dGhfdXNlcl9pZHEEigEBdS5lOGE3OTYwNzU3YjI4ZGNiZDg5\nMTcwOTQyZjA3MjQyMw==\n"}}, {"pk": 1, "model": "sites.site", "fields": {"domain": "twinsistermusic.com", "name": "twinsistermusic.com"}}, {"pk": 507, "model": "admin.logentry", "fields": {"action_flag": 2, "action_time": "2009-11-07 22:06:24", "object_repr": "Show Flyers", "object_id": "214", "change_message": "Changed pub_date.", "user": 1, "content_type": 18}}, {"pk": 506, "model": "admin.logentry", "fields": {"action_flag": 2, "action_time": "2009-11-07 22:06:07", "object_repr": "Vampires with Dreaming Kids", "object_id": "213", "change_message": "Changed pub_date.", "user": 1, "content_type": 18}}, {"pk": 505, "model": "admin.logentry", "fields": {"action_flag": 1, "action_time": "2009-11-07 22:04:56", "object_repr": "BuyLink object", "object_id": "5", "change_message": "", "user": 1, "content_type": 31}}, {"pk": 504, "model": "admin.logentry", "fields": {"action_flag": 1, "action_time": "2009-11-07 22:04:37", "object_repr": "BuyLink object", "object_id": "4", "change_message": "", "user": 1, "content_type": 31}}, {"pk": 503, "model": "admin.logentry", "fields": {"action_flag": 1, "action_time": "2009-11-07 22:04:21", "object_repr": "BuyLink object", "object_id": "3", "change_message": "", "user": 1, "content_type": 31}}, {"pk": 502, "model": "admin.logentry", "fields": {"action_flag": 1, "action_time": "2009-11-07 22:04:02", "object_repr": "BuyLink object", "object_id": "2", "change_message": "", "user": 1, "content_type": 31}}, {"pk": 501, "model": "admin.logentry", "fields": {"action_flag": 1, "action_time": "2009-11-07 22:03:45", "object_repr": "BuyLink object", "object_id": "1", "change_message": "", "user": 1, "content_type": 31}}, {"pk": 500, "model": "admin.logentry", "fields": {"action_flag": 2, "action_time": "2009-11-07 22:02:40", "object_repr": "Vampires with Dreaming Kids", "object_id": "212", "change_message": "Changed artwork.", "user": 1, "content_type": 14}}, {"pk": 499, "model": "admin.logentry", "fields": {"action_flag": 1, "action_time": "2009-11-07 22:01:55", "object_repr": "Show Flyers", "object_id": "214", "change_message": "", "user": 1, "content_type": 18}}, {"pk": 498, "model": "admin.logentry", "fields": {"action_flag": 1, "action_time": "2009-11-07 22:01:15", "object_repr": "Vampires with Dreaming Kids", "object_id": "213", "change_message": "", "user": 1, "content_type": 18}}, {"pk": 497, "model": "admin.logentry", "fields": {"action_flag": 1, "action_time": "2009-11-07 21:59:56", "object_repr": "Vampires with Dreaming Kids - 320 kbps (zip)", "object_id": "2", "change_message": "", "user": 1, "content_type": 25}}, {"pk": 496, "model": "admin.logentry", "fields": {"action_flag": 1, "action_time": "2009-11-07 21:56:41", "object_repr": "Vampires with Dreaming Kids", "object_id": "212", "change_message": "", "user": 1, "content_type": 14}}, {"pk": 495, "model": "admin.logentry", "fields": {"action_flag": 2, "action_time": "2009-11-07 21:49:19", "object_repr": "Superfine", "object_id": "181", "change_message": "Changed header_image.", "user": 1, "content_type": 29}}, {"pk": 494, "model": "admin.logentry", "fields": {"action_flag": 2, "action_time": "2009-11-07 21:47:47", "object_repr": "Death By Audio", "object_id": "183", "change_message": "Changed header_image.", "user": 1, "content_type": 29}}, {"pk": 493, "model": "admin.logentry", "fields": {"action_flag": 2, "action_time": "2009-11-07 21:45:27", "object_repr": "Write up and Photos at Cigarette Diaries", "object_id": "211", "change_message": "Changed header_image.", "user": 1, "content_type": 29}}, {"pk": 492, "model": "admin.logentry", "fields": {"action_flag": 2, "action_time": "2009-11-07 21:44:27", "object_repr": "\"Milk & Honey\" @ DBA 2.2.09", "object_id": "210", "change_message": "Changed description.", "user": 1, "content_type": 29}}, {"pk": 491, "model": "admin.logentry", "fields": {"action_flag": 2, "action_time": "2009-11-07 21:43:06", "object_repr": "Write up at Said the Gramophone", "object_id": "209", "change_message": "Changed header_image.", "user": 1, "content_type": 29}}, {"pk": 490, "model": "admin.logentry", "fields": {"action_flag": 2, "action_time": "2009-11-07 21:37:04", "object_repr": "Live Video + Photos from the Lit Lounge", "object_id": "208", "change_message": "Changed description.", "user": 1, "content_type": 29}}, {"pk": 489, "model": "admin.logentry", "fields": {"action_flag": 2, "action_time": "2009-11-07 21:30:39", "object_repr": "Space Babe: The Video", "object_id": "207", "change_message": "Changed description.", "user": 1, "content_type": 29}}, {"pk": 488, "model": "admin.logentry", "fields": {"action_flag": 2, "action_time": "2009-11-07 21:25:28", "object_repr": "An Intimate Portrait", "object_id": "204", "change_message": "Changed description.", "user": 1, "content_type": 29}}, {"pk": 487, "model": "admin.logentry", "fields": {"action_flag": 2, "action_time": "2009-11-07 21:24:30", "object_repr": "An Intimate Portrait", "object_id": "204", "change_message": "Changed description.", "user": 1, "content_type": 29}}, {"pk": 486, "model": "admin.logentry", "fields": {"action_flag": 2, "action_time": "2009-11-07 21:22:37", "object_repr": "A Mix For October", "object_id": "203", "change_message": "Changed header_image.", "user": 1, "content_type": 29}}, {"pk": 485, "model": "admin.logentry", "fields": {"action_flag": 2, "action_time": "2009-11-07 18:19:34", "object_repr": "EP Promo #3", "object_id": "201", "change_message": "Changed description.", "user": 1, "content_type": 29}}, {"pk": 484, "model": "admin.logentry", "fields": {"action_flag": 2, "action_time": "2009-11-07 18:17:05", "object_repr": "EP Promo #3", "object_id": "201", "change_message": "Changed description.", "user": 1, "content_type": 29}}, {"pk": 483, "model": "admin.logentry", "fields": {"action_flag": 3, "action_time": "2009-10-26 23:00:02", "object_repr": "Vampires with Dreaming Kids", "object_id": "1", "change_message": "", "user": 1, "content_type": 18}}, {"pk": 482, "model": "admin.logentry", "fields": {"action_flag": 3, "action_time": "2009-10-26 22:59:51", "object_repr": "Sample Gallery", "object_id": "8", "change_message": "", "user": 1, "content_type": 18}}, {"pk": 480, "model": "admin.logentry", "fields": {"action_flag": 3, "action_time": "2009-10-26 22:59:37", "object_repr": "Another Picture", "object_id": "9", "change_message": "", "user": 1, "content_type": 23}}, {"pk": 481, "model": "admin.logentry", "fields": {"action_flag": 3, "action_time": "2009-10-26 22:59:37", "object_repr": "Picture", "object_id": "8", "change_message": "", "user": 1, "content_type": 23}}, {"pk": 479, "model": "admin.logentry", "fields": {"action_flag": 2, "action_time": "2009-10-26 22:57:36", "object_repr": "Vampires with Dreaming Kids", "object_id": "200", "change_message": "Changed artwork.", "user": 1, "content_type": 14}}, {"pk": 478, "model": "admin.logentry", "fields": {"action_flag": 2, "action_time": "2009-10-26 22:51:31", "object_repr": "Vampires with Dreaming Kids", "object_id": "200", "change_message": "Changed description and header_image.", "user": 1, "content_type": 14}}, {"pk": 477, "model": "admin.logentry", "fields": {"action_flag": 2, "action_time": "2009-10-26 22:50:53", "object_repr": "Vampires with Dreaming Kids", "object_id": "200", "change_message": "Changed artwork.", "user": 1, "content_type": 14}}, {"pk": 476, "model": "admin.logentry", "fields": {"action_flag": 2, "action_time": "2009-10-26 22:50:03", "object_repr": "Sample Gallery", "object_id": "8", "change_message": "Changed images.", "user": 1, "content_type": 18}}, {"pk": 475, "model": "admin.logentry", "fields": {"action_flag": 1, "action_time": "2009-10-26 22:49:52", "object_repr": "Another Picture", "object_id": "9", "change_message": "", "user": 1, "content_type": 23}}, {"pk": 474, "model": "admin.logentry", "fields": {"action_flag": 1, "action_time": "2009-10-26 22:49:25", "object_repr": "Picture", "object_id": "8", "change_message": "", "user": 1, "content_type": 23}}, {"pk": 473, "model": "admin.logentry", "fields": {"action_flag": 1, "action_time": "2009-10-26 20:45:46", "object_repr": "Sample Gallery", "object_id": "8", "change_message": "", "user": 1, "content_type": 18}}, {"pk": 472, "model": "admin.logentry", "fields": {"action_flag": 3, "action_time": "2009-10-26 20:40:06", "object_repr": "Mix For October", "object_id": "3", "change_message": "", "user": 1, "content_type": 18}}, {"pk": 471, "model": "admin.logentry", "fields": {"action_flag": 3, "action_time": "2009-10-26 20:38:07", "object_repr": "Google Stats", "object_id": "4", "change_message": "", "user": 1, "content_type": 18}}, {"pk": 470, "model": "admin.logentry", "fields": {"action_flag": 3, "action_time": "2009-10-26 20:38:02", "object_repr": "DBA Pictures", "object_id": "5", "change_message": "", "user": 1, "content_type": 18}}, {"pk": 469, "model": "admin.logentry", "fields": {"action_flag": 3, "action_time": "2009-10-26 20:37:57", "object_repr": "DBA Flyer", "object_id": "6", "change_message": "", "user": 1, "content_type": 18}}, {"pk": 468, "model": "admin.logentry", "fields": {"action_flag": 3, "action_time": "2009-10-26 20:37:52", "object_repr": "Superfine Flyer", "object_id": "7", "change_message": "", "user": 1, "content_type": 18}}, {"pk": 467, "model": "admin.logentry", "fields": {"action_flag": 2, "action_time": "2009-10-26 20:37:35", "object_repr": "Vampires with Dreaming Kids", "object_id": "200", "change_message": "No fields changed.", "user": 1, "content_type": 14}}, {"pk": 459, "model": "admin.logentry", "fields": {"action_flag": 1, "action_time": "2009-10-26 15:03:18", "object_repr": "Superfine Flyer", "object_id": "7", "change_message": "", "user": 1, "content_type": 18}}, {"pk": 458, "model": "admin.logentry", "fields": {"action_flag": 1, "action_time": "2009-10-26 15:03:16", "object_repr": "Superfine Flyer", "object_id": "7", "change_message": "", "user": 1, "content_type": 23}}, {"pk": 456, "model": "admin.logentry", "fields": {"action_flag": 1, "action_time": "2009-10-26 15:01:51", "object_repr": "DBA Flyer", "object_id": "6", "change_message": "", "user": 1, "content_type": 18}}, {"pk": 455, "model": "admin.logentry", "fields": {"action_flag": 1, "action_time": "2009-10-26 15:01:47", "object_repr": "DBA Flyer", "object_id": "6", "change_message": "", "user": 1, "content_type": 23}}, {"pk": 453, "model": "admin.logentry", "fields": {"action_flag": 1, "action_time": "2009-10-26 14:59:25", "object_repr": "DBA Pictures", "object_id": "5", "change_message": "", "user": 1, "content_type": 18}}, {"pk": 452, "model": "admin.logentry", "fields": {"action_flag": 1, "action_time": "2009-10-26 14:59:20", "object_repr": "Death by Audio group", "object_id": "5", "change_message": "", "user": 1, "content_type": 23}}, {"pk": 449, "model": "admin.logentry", "fields": {"action_flag": 1, "action_time": "2009-10-26 14:55:19", "object_repr": "Google Stats", "object_id": "4", "change_message": "", "user": 1, "content_type": 18}}, {"pk": 448, "model": "admin.logentry", "fields": {"action_flag": 1, "action_time": "2009-10-26 14:55:12", "object_repr": "Google Stats", "object_id": "4", "change_message": "", "user": 1, "content_type": 23}}, {"pk": 446, "model": "admin.logentry", "fields": {"action_flag": 2, "action_time": "2009-10-26 14:49:37", "object_repr": "Space Babe/Rainforest Gr\u00fcve", "object_id": "148", "change_message": "Changed name and slug.", "user": 1, "content_type": 12}}, {"pk": 445, "model": "admin.logentry", "fields": {"action_flag": 3, "action_time": "2009-10-26 14:48:44", "object_repr": "I Like Twin Peaks", "object_id": "151", "change_message": "", "user": 1, "content_type": 12}}, {"pk": 440, "model": "admin.logentry", "fields": {"action_flag": 1, "action_time": "2009-10-26 14:38:03", "object_repr": "Mix For October", "object_id": "3", "change_message": "", "user": 1, "content_type": 18}}, {"pk": 439, "model": "admin.logentry", "fields": {"action_flag": 1, "action_time": "2009-10-26 14:37:59", "object_repr": "Cocteau Twins", "object_id": "3", "change_message": "", "user": 1, "content_type": 23}}, {"pk": 438, "model": "admin.logentry", "fields": {"action_flag": 2, "action_time": "2009-10-26 14:33:31", "object_repr": "EP Cover", "object_id": "1", "change_message": "Changed order.", "user": 1, "content_type": 23}}, {"pk": 437, "model": "admin.logentry", "fields": {"action_flag": 1, "action_time": "2009-10-26 14:23:57", "object_repr": "Milk and Honey, Ginger", "object_id": "206", "change_message": "", "user": 1, "content_type": 12}}, {"pk": 436, "model": "admin.logentry", "fields": {"action_flag": 1, "action_time": "2009-10-26 14:21:07", "object_repr": "The Other Side of Your Face, Daniel, You Still Know Me By Name", "object_id": "205", "change_message": "", "user": 1, "content_type": 12}}, {"pk": 434, "model": "admin.logentry", "fields": {"action_flag": 3, "action_time": "2009-10-26 14:16:04", "object_repr": "October Mix", "object_id": "2", "change_message": "", "user": 1, "content_type": 23}}, {"pk": 433, "model": "admin.logentry", "fields": {"action_flag": 3, "action_time": "2009-10-26 14:15:56", "object_repr": "October Mix", "object_id": "2", "change_message": "", "user": 1, "content_type": 18}}, {"pk": 429, "model": "admin.logentry", "fields": {"action_flag": 1, "action_time": "2009-10-26 13:52:45", "object_repr": "October Mix", "object_id": "2", "change_message": "", "user": 1, "content_type": 18}}, {"pk": 428, "model": "admin.logentry", "fields": {"action_flag": 1, "action_time": "2009-10-26 13:52:31", "object_repr": "October Mix", "object_id": "2", "change_message": "", "user": 1, "content_type": 23}}, {"pk": 427, "model": "admin.logentry", "fields": {"action_flag": 1, "action_time": "2009-10-26 13:49:03", "object_repr": "Teen Quickie", "object_id": "202", "change_message": "", "user": 1, "content_type": 12}}, {"pk": 423, "model": "admin.logentry", "fields": {"action_flag": 2, "action_time": "2009-10-26 12:48:24", "object_repr": "Once and For All", "object_id": "194", "change_message": "Changed pub_date.", "user": 1, "content_type": 11}}, {"pk": 422, "model": "admin.logentry", "fields": {"action_flag": 2, "action_time": "2009-10-26 12:48:09", "object_repr": "Silent Barn", "object_id": "191", "change_message": "Changed pub_date.", "user": 1, "content_type": 11}}, {"pk": 421, "model": "admin.logentry", "fields": {"action_flag": 2, "action_time": "2009-10-26 12:48:00", "object_repr": "Bruar Falls", "object_id": "195", "change_message": "Changed pub_date.", "user": 1, "content_type": 11}}, {"pk": 420, "model": "admin.logentry", "fields": {"action_flag": 2, "action_time": "2009-10-26 12:47:16", "object_repr": "George and Andrea's Halloween Party", "object_id": "193", "change_message": "Changed pub_date.", "user": 1, "content_type": 11}}, {"pk": 419, "model": "admin.logentry", "fields": {"action_flag": 2, "action_time": "2009-10-26 12:47:07", "object_repr": "Haverford College", "object_id": "190", "change_message": "Changed pub_date.", "user": 1, "content_type": 11}}, {"pk": 418, "model": "admin.logentry", "fields": {"action_flag": 3, "action_time": "2009-10-26 10:58:12", "object_repr": "The Clipper City Sailboat", "object_id": "192", "change_message": "", "user": 1, "content_type": 11}}, {"pk": 417, "model": "admin.logentry", "fields": {"action_flag": 2, "action_time": "2009-10-26 10:56:01", "object_repr": "#6 (demo)", "object_id": "106", "change_message": "Changed description.", "user": 1, "content_type": 12}}, {"pk": 416, "model": "admin.logentry", "fields": {"action_flag": 2, "action_time": "2009-10-06 17:32:50", "object_repr": "Vampires with Dreaming Kids", "object_id": "200", "change_message": "No fields changed.", "user": 1, "content_type": 14}}, {"pk": 415, "model": "admin.logentry", "fields": {"action_flag": 1, "action_time": "2009-10-06 17:07:20", "object_repr": "Vampires with Dreaming Kids - 320 kbps (zip)", "object_id": "1", "change_message": "", "user": 1, "content_type": 25}}, {"pk": 414, "model": "admin.logentry", "fields": {"action_flag": 1, "action_time": "2009-10-06 17:03:01", "object_repr": "Vampires with Dreaming Kids", "object_id": "200", "change_message": "", "user": 1, "content_type": 14}}, {"pk": 413, "model": "admin.logentry", "fields": {"action_flag": 1, "action_time": "2009-10-06 17:02:56", "object_repr": "Vampires with Dreaming Kids", "object_id": "1", "change_message": "", "user": 1, "content_type": 18}}, {"pk": 412, "model": "admin.logentry", "fields": {"action_flag": 1, "action_time": "2009-10-06 17:02:54", "object_repr": "EP Cover", "object_id": "1", "change_message": "", "user": 1, "content_type": 23}}, {"pk": 411, "model": "admin.logentry", "fields": {"action_flag": 1, "action_time": "2009-10-06 17:02:18", "object_repr": "I Want A House", "object_id": "199", "change_message": "", "user": 1, "content_type": 12}}, {"pk": 410, "model": "admin.logentry", "fields": {"action_flag": 1, "action_time": "2009-10-06 17:01:50", "object_repr": "Nectarine", "object_id": "198", "change_message": "", "user": 1, "content_type": 12}}, {"pk": 409, "model": "admin.logentry", "fields": {"action_flag": 1, "action_time": "2009-10-06 17:01:23", "object_repr": "Ginger", "object_id": "197", "change_message": "", "user": 1, "content_type": 12}}, {"pk": 408, "model": "admin.logentry", "fields": {"action_flag": 1, "action_time": "2009-10-06 17:00:53", "object_repr": "Dry Hump", "object_id": "196", "change_message": "", "user": 1, "content_type": 12}}, {"pk": 407, "model": "admin.logentry", "fields": {"action_flag": 2, "action_time": "2009-10-06 16:47:15", "object_repr": "SUNY Purchase (01/23/09)", "object_id": "162", "change_message": "Changed official.", "user": 1, "content_type": 14}}, {"pk": 406, "model": "admin.logentry", "fields": {"action_flag": 2, "action_time": "2009-10-06 16:44:45", "object_repr": "SUNY Purchase (01/23/09)", "object_id": "162", "change_message": "Changed official.", "user": 1, "content_type": 14}}, {"pk": 405, "model": "admin.logentry", "fields": {"action_flag": 2, "action_time": "2009-10-06 16:17:36", "object_repr": "Twin Sisters", "object_id": "121", "change_message": "Changed name.", "user": 1, "content_type": 12}}, {"pk": 404, "model": "admin.logentry", "fields": {"action_flag": 2, "action_time": "2009-09-29 17:13:31", "object_repr": "Haverford College", "object_id": "190", "change_message": "Changed bands.", "user": 1, "content_type": 11}}, {"pk": 403, "model": "admin.logentry", "fields": {"action_flag": 2, "action_time": "2009-09-29 17:13:11", "object_repr": "George and Andrea's Halloween Party", "object_id": "193", "change_message": "Changed bands.", "user": 1, "content_type": 11}}, {"pk": 402, "model": "admin.logentry", "fields": {"action_flag": 2, "action_time": "2009-09-29 17:12:59", "object_repr": "Once and For All", "object_id": "194", "change_message": "Changed bands.", "user": 1, "content_type": 11}}, {"pk": 401, "model": "admin.logentry", "fields": {"action_flag": 2, "action_time": "2009-09-29 17:12:43", "object_repr": "The Clipper City Sailboat", "object_id": "192", "change_message": "Changed bands.", "user": 1, "content_type": 11}}, {"pk": 400, "model": "admin.logentry", "fields": {"action_flag": 2, "action_time": "2009-09-29 17:12:21", "object_repr": "Bruar Falls", "object_id": "195", "change_message": "Changed bands.", "user": 1, "content_type": 11}}, {"pk": 399, "model": "admin.logentry", "fields": {"action_flag": 2, "action_time": "2009-09-29 17:12:04", "object_repr": "Silent Barn", "object_id": "191", "change_message": "Changed bands.", "user": 1, "content_type": 11}}, {"pk": 398, "model": "admin.logentry", "fields": {"action_flag": 2, "action_time": "2009-09-29 17:11:28", "object_repr": "Lit Lounge", "object_id": "187", "change_message": "Changed bands.", "user": 1, "content_type": 11}}, {"pk": 397, "model": "admin.logentry", "fields": {"action_flag": 2, "action_time": "2009-09-29 17:11:15", "object_repr": "Data Dog Record Release Show!", "object_id": "186", "change_message": "Changed bands.", "user": 1, "content_type": 11}}, {"pk": 396, "model": "admin.logentry", "fields": {"action_flag": 2, "action_time": "2009-09-29 17:11:01", "object_repr": "Lit Lounge", "object_id": "184", "change_message": "Changed bands.", "user": 1, "content_type": 11}}, {"pk": 395, "model": "admin.logentry", "fields": {"action_flag": 2, "action_time": "2009-09-29 17:10:44", "object_repr": "The Stood (SUNY Purchase)", "object_id": "185", "change_message": "Changed bands.", "user": 1, "content_type": 11}}, {"pk": 394, "model": "admin.logentry", "fields": {"action_flag": 2, "action_time": "2009-09-29 17:10:26", "object_repr": "Death By Audio", "object_id": "183", "change_message": "Changed bands.", "user": 1, "content_type": 11}}, {"pk": 393, "model": "admin.logentry", "fields": {"action_flag": 2, "action_time": "2009-09-29 17:10:09", "object_repr": "The Stood at SUNY Purchase", "object_id": "182", "change_message": "Changed bands.", "user": 1, "content_type": 11}}, {"pk": 392, "model": "admin.logentry", "fields": {"action_flag": 2, "action_time": "2009-09-29 17:06:41", "object_repr": "George's Backyard", "object_id": "14", "change_message": "Changed name.", "user": 1, "content_type": 22}}, {"pk": 391, "model": "admin.logentry", "fields": {"action_flag": 2, "action_time": "2009-09-29 17:06:30", "object_repr": "Haverford College", "object_id": "190", "change_message": "Changed venue.", "user": 1, "content_type": 11}}, {"pk": 390, "model": "admin.logentry", "fields": {"action_flag": 2, "action_time": "2009-09-29 17:06:24", "object_repr": "George and Andrea's Halloween Party", "object_id": "193", "change_message": "Changed venue.", "user": 1, "content_type": 11}}, {"pk": 389, "model": "admin.logentry", "fields": {"action_flag": 2, "action_time": "2009-09-29 17:06:16", "object_repr": "Once and For All", "object_id": "194", "change_message": "Changed venue.", "user": 1, "content_type": 11}}, {"pk": 388, "model": "admin.logentry", "fields": {"action_flag": 2, "action_time": "2009-09-29 17:06:09", "object_repr": "The Clipper City Sailboat", "object_id": "192", "change_message": "Changed venue.", "user": 1, "content_type": 11}}, {"pk": 387, "model": "admin.logentry", "fields": {"action_flag": 2, "action_time": "2009-09-29 17:05:57", "object_repr": "Silent Barn", "object_id": "191", "change_message": "Changed venue.", "user": 1, "content_type": 11}}, {"pk": 386, "model": "admin.logentry", "fields": {"action_flag": 2, "action_time": "2009-09-29 17:05:50", "object_repr": "Bruar Falls", "object_id": "195", "change_message": "Changed venue.", "user": 1, "content_type": 11}}, {"pk": 385, "model": "admin.logentry", "fields": {"action_flag": 2, "action_time": "2009-09-29 17:05:44", "object_repr": "SUNY Purchase", "object_id": "189", "change_message": "Changed venue.", "user": 1, "content_type": 11}}, {"pk": 384, "model": "admin.logentry", "fields": {"action_flag": 2, "action_time": "2009-09-29 17:05:31", "object_repr": "Lulu's Village Pub", "object_id": "188", "change_message": "Changed venue.", "user": 1, "content_type": 11}}, {"pk": 383, "model": "admin.logentry", "fields": {"action_flag": 2, "action_time": "2009-09-29 17:05:23", "object_repr": "Lit Lounge", "object_id": "187", "change_message": "Changed venue.", "user": 1, "content_type": 11}}, {"pk": 382, "model": "admin.logentry", "fields": {"action_flag": 2, "action_time": "2009-09-29 17:05:15", "object_repr": "Data Dog Record Release Show!", "object_id": "186", "change_message": "Changed name, slug, description and venue.", "user": 1, "content_type": 11}}, {"pk": 381, "model": "admin.logentry", "fields": {"action_flag": 2, "action_time": "2009-09-29 17:04:41", "object_repr": "Lit Lounge", "object_id": "184", "change_message": "Changed venue.", "user": 1, "content_type": 11}}, {"pk": 380, "model": "admin.logentry", "fields": {"action_flag": 2, "action_time": "2009-09-29 17:04:30", "object_repr": "The Stood (SUNY Purchase)", "object_id": "185", "change_message": "Changed venue.", "user": 1, "content_type": 11}}, {"pk": 379, "model": "admin.logentry", "fields": {"action_flag": 2, "action_time": "2009-09-29 17:04:21", "object_repr": "Death By Audio", "object_id": "183", "change_message": "Changed venue.", "user": 1, "content_type": 11}}, {"pk": 378, "model": "admin.logentry", "fields": {"action_flag": 2, "action_time": "2009-09-29 17:04:13", "object_repr": "The Stood at SUNY Purchase", "object_id": "182", "change_message": "Changed venue.", "user": 1, "content_type": 11}}, {"pk": 377, "model": "admin.logentry", "fields": {"action_flag": 2, "action_time": "2009-09-29 17:04:05", "object_repr": "Superfine", "object_id": "181", "change_message": "Changed venue.", "user": 1, "content_type": 11}}, {"pk": 376, "model": "admin.logentry", "fields": {"action_flag": 2, "action_time": "2009-09-29 17:03:09", "object_repr": "Death By Audio", "object_id": "3", "change_message": "Changed name.", "user": 1, "content_type": 22}}, {"pk": 374, "model": "admin.logentry", "fields": {"action_flag": 3, "action_time": "2009-09-29 17:02:55", "object_repr": "The Stood (SUNY Purchase)", "object_id": "4", "change_message": "", "user": 1, "content_type": 22}}, {"pk": 373, "model": "admin.logentry", "fields": {"action_flag": 3, "action_time": "2009-09-29 17:02:55", "object_repr": "Lit Lounge", "object_id": "5", "change_message": "", "user": 1, "content_type": 22}}, {"pk": 372, "model": "admin.logentry", "fields": {"action_flag": 3, "action_time": "2009-09-29 17:02:55", "object_repr": "The Stood @ SUNY Purchase", "object_id": "6", "change_message": "", "user": 1, "content_type": 22}}, {"pk": 375, "model": "admin.logentry", "fields": {"action_flag": 3, "action_time": "2009-09-29 17:02:55", "object_repr": "The Stood at SUNY Purchase", "object_id": "2", "change_message": "", "user": 1, "content_type": 22}}, {"pk": 371, "model": "admin.logentry", "fields": {"action_flag": 2, "action_time": "2009-09-29 17:02:15", "object_repr": "George's House", "object_id": "14", "change_message": "Changed name.", "user": 1, "content_type": 22}}, {"pk": 370, "model": "admin.logentry", "fields": {"action_flag": 2, "action_time": "2009-09-29 16:59:46", "object_repr": "Death By Audio", "object_id": "183", "change_message": "Changed name and slug.", "user": 1, "content_type": 11}}, {"pk": 369, "model": "admin.logentry", "fields": {"action_flag": 2, "action_time": "2009-09-29 16:58:39", "object_repr": "SUNY Purchase", "object_id": "189", "change_message": "Changed pub_date and venue_name.", "user": 1, "content_type": 11}}, {"pk": 368, "model": "admin.logentry", "fields": {"action_flag": 2, "action_time": "2009-09-29 16:50:50", "object_repr": "SUNY Purchase (01/23/09)", "object_id": "162", "change_message": "No fields changed.", "user": 1, "content_type": 14}}, {"pk": 367, "model": "admin.logentry", "fields": {"action_flag": 2, "action_time": "2009-09-29 16:50:46", "object_repr": "Live at the Silent Barn (07/21/08)", "object_id": "163", "change_message": "No fields changed.", "user": 1, "content_type": 14}}, {"pk": 366, "model": "admin.logentry", "fields": {"action_flag": 2, "action_time": "2009-09-29 16:50:41", "object_repr": "Idea Bubbles 2005-2007", "object_id": "164", "change_message": "No fields changed.", "user": 1, "content_type": 14}}, {"pk": 365, "model": "admin.logentry", "fields": {"action_flag": 1, "action_time": "2009-09-29 14:59:51", "object_repr": "Idea Bubbles 2005-2007", "object_id": "164", "change_message": "", "user": 1, "content_type": 14}}, {"pk": 364, "model": "admin.logentry", "fields": {"action_flag": 2, "action_time": "2009-09-29 14:57:35", "object_repr": "Live at the Silent Barn (07/21/08)", "object_id": "163", "change_message": "Changed description.", "user": 1, "content_type": 14}}, {"pk": 363, "model": "admin.logentry", "fields": {"action_flag": 1, "action_time": "2009-09-29 14:57:17", "object_repr": "Live at the Silent Barn (07/21/08)", "object_id": "163", "change_message": "", "user": 1, "content_type": 14}}, {"pk": 362, "model": "admin.logentry", "fields": {"action_flag": 2, "action_time": "2009-09-29 14:54:38", "object_repr": "SUNY Purchase (01/23/09)", "object_id": "162", "change_message": "Changed description.", "user": 1, "content_type": 14}}, {"pk": 361, "model": "admin.logentry", "fields": {"action_flag": 1, "action_time": "2009-09-29 14:53:54", "object_repr": "SUNY Purchase (01/23/09)", "object_id": "162", "change_message": "", "user": 1, "content_type": 14}}, {"pk": 360, "model": "admin.logentry", "fields": {"action_flag": 2, "action_time": "2009-09-25 09:11:42", "object_repr": "Cloud.", "object_id": "29", "change_message": "Changed name.", "user": 1, "content_type": 10}}, {"pk": 359, "model": "admin.logentry", "fields": {"action_flag": 1, "action_time": "2009-09-25 09:02:09", "object_repr": "Bruar Falls", "object_id": "16", "change_message": "", "user": 1, "content_type": 11}}, {"pk": 358, "model": "admin.logentry", "fields": {"action_flag": 1, "action_time": "2009-09-25 09:01:39", "object_repr": "Sam Buck Rosen", "object_id": "34", "change_message": "", "user": 1, "content_type": 10}}, {"pk": 357, "model": "admin.logentry", "fields": {"action_flag": 1, "action_time": "2009-09-25 09:01:10", "object_repr": "White Hinterland", "object_id": "33", "change_message": "", "user": 1, "content_type": 10}}, {"pk": 356, "model": "admin.logentry", "fields": {"action_flag": 1, "action_time": "2009-09-24 17:38:26", "object_repr": "Once and For All", "object_id": "15", "change_message": "", "user": 1, "content_type": 11}}, {"pk": 355, "model": "admin.logentry", "fields": {"action_flag": 2, "action_time": "2009-09-21 13:30:47", "object_repr": "The Clipper City Sailboat", "object_id": "13", "change_message": "Changed bands.", "user": 5, "content_type": 11}}, {"pk": 354, "model": "admin.logentry", "fields": {"action_flag": 2, "action_time": "2009-09-14 16:13:29", "object_repr": "The Clipper City Sailboat", "object_id": "13", "change_message": "Changed show_date.", "user": 1, "content_type": 11}}, {"pk": 353, "model": "admin.logentry", "fields": {"action_flag": 2, "action_time": "2009-09-14 16:12:38", "object_repr": "The Stood @ SUNY Purchase", "object_id": "7", "change_message": "Changed venue_name.", "user": 1, "content_type": 11}}, {"pk": 352, "model": "admin.logentry", "fields": {"action_flag": 1, "action_time": "2009-09-14 16:10:20", "object_repr": "George and Andrea's Halloween Party", "object_id": "14", "change_message": "", "user": 1, "content_type": 11}}, {"pk": 351, "model": "admin.logentry", "fields": {"action_flag": 1, "action_time": "2009-09-14 16:10:06", "object_repr": "Lost Boy", "object_id": "32", "change_message": "", "user": 1, "content_type": 10}}, {"pk": 350, "model": "admin.logentry", "fields": {"action_flag": 2, "action_time": "2009-09-14 16:07:47", "object_repr": "The Clipper City Sailboat", "object_id": "13", "change_message": "Changed venue_address.", "user": 1, "content_type": 11}}, {"pk": 349, "model": "admin.logentry", "fields": {"action_flag": 1, "action_time": "2009-09-14 16:07:09", "object_repr": "The Clipper City Sailboat", "object_id": "13", "change_message": "", "user": 1, "content_type": 11}}, {"pk": 348, "model": "admin.logentry", "fields": {"action_flag": 1, "action_time": "2009-09-14 16:06:56", "object_repr": "KC Quilty", "object_id": "31", "change_message": "", "user": 1, "content_type": 10}}, {"pk": 347, "model": "admin.logentry", "fields": {"action_flag": 1, "action_time": "2009-09-14 16:06:29", "object_repr": "Ava Luna", "object_id": "30", "change_message": "", "user": 1, "content_type": 10}}, {"pk": 346, "model": "admin.logentry", "fields": {"action_flag": 1, "action_time": "2009-09-14 16:04:00", "object_repr": "Silent Barn", "object_id": "12", "change_message": "", "user": 1, "content_type": 11}}, {"pk": 345, "model": "admin.logentry", "fields": {"action_flag": 1, "action_time": "2009-09-14 16:03:50", "object_repr": "Cloud", "object_id": "29", "change_message": "", "user": 1, "content_type": 10}}, {"pk": 344, "model": "admin.logentry", "fields": {"action_flag": 1, "action_time": "2009-09-04 10:15:40", "object_repr": "Haverford College", "object_id": "11", "change_message": "", "user": 1, "content_type": 11}}, {"pk": 343, "model": "admin.logentry", "fields": {"action_flag": 1, "action_time": "2009-09-04 10:14:12", "object_repr": "Dangerous Ponies", "object_id": "28", "change_message": "", "user": 1, "content_type": 10}}, {"pk": 342, "model": "admin.logentry", "fields": {"action_flag": 1, "action_time": "2009-09-04 10:13:26", "object_repr": "Post Post", "object_id": "27", "change_message": "", "user": 1, "content_type": 10}}, {"pk": 341, "model": "admin.logentry", "fields": {"action_flag": 1, "action_time": "2009-09-04 10:10:38", "object_repr": "SUNY Purchase", "object_id": "10", "change_message": "", "user": 1, "content_type": 11}}, {"pk": 340, "model": "admin.logentry", "fields": {"action_flag": 1, "action_time": "2009-08-23 19:51:10", "object_repr": "Stiff Igloos", "object_id": "75", "change_message": "", "user": 2, "content_type": 12}}, {"pk": 339, "model": "admin.logentry", "fields": {"action_flag": 1, "action_time": "2009-08-23 19:49:28", "object_repr": "Stiff Igloos", "object_id": "50", "change_message": "", "user": 2, "content_type": 15}}, {"pk": 338, "model": "admin.logentry", "fields": {"action_flag": 1, "action_time": "2009-08-23 19:46:50", "object_repr": "Compromise With A Gypsy", "object_id": "74", "change_message": "", "user": 2, "content_type": 12}}, {"pk": 337, "model": "admin.logentry", "fields": {"action_flag": 1, "action_time": "2009-08-23 19:45:47", "object_repr": "Compromise With A Gypsy", "object_id": "49", "change_message": "", "user": 2, "content_type": 15}}, {"pk": 336, "model": "admin.logentry", "fields": {"action_flag": 1, "action_time": "2009-08-23 13:59:18", "object_repr": "In The Leaves In The Yard", "object_id": "73", "change_message": "", "user": 5, "content_type": 12}}, {"pk": 335, "model": "admin.logentry", "fields": {"action_flag": 1, "action_time": "2009-08-23 11:53:34", "object_repr": "In The Leaves In The Yard", "object_id": "48", "change_message": "", "user": 2, "content_type": 15}}, {"pk": 334, "model": "admin.logentry", "fields": {"action_flag": 2, "action_time": "2009-08-13 18:09:08", "object_repr": "Chewy in the Stars / \"I Let You In\" ", "object_id": "72", "change_message": "Changed entry.", "user": 5, "content_type": 12}}, {"pk": 333, "model": "admin.logentry", "fields": {"action_flag": 2, "action_time": "2009-08-13 18:07:49", "object_repr": " \"I Let U In\" / Chewy in the Stars", "object_id": "47", "change_message": "Changed body.", "user": 5, "content_type": 15}}, {"pk": 332, "model": "admin.logentry", "fields": {"action_flag": 2, "action_time": "2009-08-13 18:06:45", "object_repr": " \"I Let U In\" / Chewy in the Stars", "object_id": "47", "change_message": "Changed body.", "user": 5, "content_type": 15}}, {"pk": 331, "model": "admin.logentry", "fields": {"action_flag": 1, "action_time": "2009-08-13 18:04:17", "object_repr": " \"I Let U In\" / Chewy in the Stars", "object_id": "47", "change_message": "", "user": 5, "content_type": 15}}, {"pk": 330, "model": "admin.logentry", "fields": {"action_flag": 1, "action_time": "2009-08-13 17:35:59", "object_repr": "Chewy in the Stars / \"I Let You In\" ", "object_id": "72", "change_message": "", "user": 5, "content_type": 12}}, {"pk": 329, "model": "admin.logentry", "fields": {"action_flag": 1, "action_time": "2009-08-13 17:32:38", "object_repr": "Johnungle", "object_id": "71", "change_message": "", "user": 5, "content_type": 12}}, {"pk": 328, "model": "admin.logentry", "fields": {"action_flag": 1, "action_time": "2009-08-13 17:32:07", "object_repr": "gohng", "object_id": "26", "change_message": "", "user": 5, "content_type": 10}}, {"pk": 327, "model": "admin.logentry", "fields": {"action_flag": 1, "action_time": "2009-08-13 17:30:23", "object_repr": "Johnungle", "object_id": "46", "change_message": "", "user": 5, "content_type": 15}}, {"pk": 326, "model": "admin.logentry", "fields": {"action_flag": 1, "action_time": "2009-08-13 17:26:45", "object_repr": "gohng", "object_id": "13", "change_message": "", "user": 5, "content_type": 9}}, {"pk": 325, "model": "admin.logentry", "fields": {"action_flag": 1, "action_time": "2009-06-26 00:23:45", "object_repr": "Kimmi In A Rice Field", "object_id": "70", "change_message": "", "user": 2, "content_type": 12}}, {"pk": 324, "model": "admin.logentry", "fields": {"action_flag": 1, "action_time": "2009-06-26 00:23:07", "object_repr": "Kimmi In A Rice Field (R.I.P. Michael)", "object_id": "45", "change_message": "", "user": 2, "content_type": 15}}, {"pk": 323, "model": "admin.logentry", "fields": {"action_flag": 1, "action_time": "2009-06-18 22:25:53", "object_repr": "Levon and Chocolate Cake", "object_id": "69", "change_message": "", "user": 2, "content_type": 12}}, {"pk": 322, "model": "admin.logentry", "fields": {"action_flag": 1, "action_time": "2009-06-18 22:24:32", "object_repr": "Levon and Chocolate Cake", "object_id": "44", "change_message": "", "user": 2, "content_type": 15}}, {"pk": 321, "model": "admin.logentry", "fields": {"action_flag": 1, "action_time": "2009-05-19 16:14:41", "object_repr": "Space Babe: The Video", "object_id": "43", "change_message": "", "user": 5, "content_type": 15}}, {"pk": 320, "model": "admin.logentry", "fields": {"action_flag": 2, "action_time": "2009-05-18 21:03:11", "object_repr": "All My Trials", "object_id": "66", "change_message": "Changed composers.", "user": 2, "content_type": 12}}, {"pk": 319, "model": "admin.logentry", "fields": {"action_flag": 1, "action_time": "2009-05-18 21:03:00", "object_repr": "Traditional", "object_id": "12", "change_message": "", "user": 2, "content_type": 9}}, {"pk": 318, "model": "admin.logentry", "fields": {"action_flag": 2, "action_time": "2009-05-18 20:59:11", "object_repr": "April 9th @ Lit Lounge", "object_id": "68", "change_message": "Changed composers.", "user": 1, "content_type": 12}}, {"pk": 317, "model": "admin.logentry", "fields": {"action_flag": 1, "action_time": "2009-05-18 12:41:47", "object_repr": "April 9th @ Lit Lounge", "object_id": "68", "change_message": "", "user": 2, "content_type": 12}}, {"pk": 316, "model": "admin.logentry", "fields": {"action_flag": 1, "action_time": "2009-05-18 12:39:01", "object_repr": "April 9th @ The Lit Lounge", "object_id": "42", "change_message": "", "user": 2, "content_type": 15}}, {"pk": 315, "model": "admin.logentry", "fields": {"action_flag": 3, "action_time": "2009-05-18 00:53:16", "object_repr": "Eric, Luna", "object_id": "None", "change_message": "", "user": 1, "content_type": 9}}, {"pk": 314, "model": "admin.logentry", "fields": {"action_flag": 2, "action_time": "2009-05-18 00:52:58", "object_repr": "All My Trials", "object_id": "66", "change_message": "Changed composers.", "user": 1, "content_type": 12}}, {"pk": 313, "model": "admin.logentry", "fields": {"action_flag": 1, "action_time": "2009-05-18 00:52:52", "object_repr": "Luna", "object_id": "11", "change_message": "", "user": 1, "content_type": 9}}, {"pk": 312, "model": "admin.logentry", "fields": {"action_flag": 1, "action_time": "2009-05-18 00:44:31", "object_repr": "Sunday", "object_id": "67", "change_message": "", "user": 1, "content_type": 12}}, {"pk": 311, "model": "admin.logentry", "fields": {"action_flag": 1, "action_time": "2009-05-18 00:44:20", "object_repr": "Sunday", "object_id": "41", "change_message": "", "user": 1, "content_type": 15}}, {"pk": 310, "model": "admin.logentry", "fields": {"action_flag": 1, "action_time": "2009-05-17 23:35:01", "object_repr": "All My Trials", "object_id": "66", "change_message": "", "user": 2, "content_type": 12}}, {"pk": 309, "model": "admin.logentry", "fields": {"action_flag": 1, "action_time": "2009-05-17 23:34:32", "object_repr": "Eric, Luna", "object_id": "10", "change_message": "", "user": 2, "content_type": 9}}, {"pk": 308, "model": "admin.logentry", "fields": {"action_flag": 1, "action_time": "2009-05-17 23:33:41", "object_repr": "All My Trials", "object_id": "40", "change_message": "", "user": 2, "content_type": 15}}, {"pk": 307, "model": "admin.logentry", "fields": {"action_flag": 3, "action_time": "2009-05-04 00:13:17", "object_repr": "Sister Smoke", "object_id": "None", "change_message": "", "user": 5, "content_type": 12}}, {"pk": 306, "model": "admin.logentry", "fields": {"action_flag": 3, "action_time": "2009-05-04 00:12:58", "object_repr": "Untitled Theme Music", "object_id": "None", "change_message": "", "user": 5, "content_type": 12}}, {"pk": 305, "model": "admin.logentry", "fields": {"action_flag": 3, "action_time": "2009-05-04 00:12:50", "object_repr": "Untitled Theme Music", "object_id": "None", "change_message": "", "user": 5, "content_type": 12}}, {"pk": 304, "model": "admin.logentry", "fields": {"action_flag": 3, "action_time": "2009-05-04 00:12:26", "object_repr": "Casio Fun", "object_id": "None", "change_message": "", "user": 5, "content_type": 15}}, {"pk": 303, "model": "admin.logentry", "fields": {"action_flag": 2, "action_time": "2009-05-04 00:12:13", "object_repr": "Sister Smoke", "object_id": "61", "change_message": "Changed entry.", "user": 5, "content_type": 12}}, {"pk": 302, "model": "admin.logentry", "fields": {"action_flag": 2, "action_time": "2009-05-04 00:11:57", "object_repr": "Space Babe/Rainforest Gr\u00c3\u00bcve ", "object_id": "59", "change_message": "Changed entry.", "user": 5, "content_type": 12}}, {"pk": 301, "model": "admin.logentry", "fields": {"action_flag": 2, "action_time": "2009-05-04 00:11:39", "object_repr": "Luna's Theme Music", "object_id": "63", "change_message": "Changed entry.", "user": 5, "content_type": 12}}, {"pk": 300, "model": "admin.logentry", "fields": {"action_flag": 2, "action_time": "2009-05-04 00:09:45", "object_repr": "Sister Smoke", "object_id": "61", "change_message": "Changed entry.", "user": 5, "content_type": 12}}, {"pk": 299, "model": "admin.logentry", "fields": {"action_flag": 2, "action_time": "2009-05-04 00:09:26", "object_repr": "Space Babe/Rainforest Gr\u00c3\u00bcve ", "object_id": "59", "change_message": "Changed entry.", "user": 5, "content_type": 12}}, {"pk": 298, "model": "admin.logentry", "fields": {"action_flag": 2, "action_time": "2009-05-04 00:09:11", "object_repr": "Luna's Theme Music", "object_id": "63", "change_message": "Changed title and entry.", "user": 5, "content_type": 12}}, {"pk": 297, "model": "admin.logentry", "fields": {"action_flag": 1, "action_time": "2009-05-04 00:08:30", "object_repr": "Casio Fun", "object_id": "39", "change_message": "", "user": 5, "content_type": 15}}, {"pk": 296, "model": "admin.logentry", "fields": {"action_flag": 2, "action_time": "2009-05-03 23:58:36", "object_repr": "Luna's Theme Music", "object_id": "38", "change_message": "Changed title and body.", "user": 5, "content_type": 15}}, {"pk": 295, "model": "admin.logentry", "fields": {"action_flag": 2, "action_time": "2009-05-03 23:55:52", "object_repr": "Untitled Theme Music", "object_id": "65", "change_message": "Changed entry.", "user": 5, "content_type": 12}}, {"pk": 294, "model": "admin.logentry", "fields": {"action_flag": 1, "action_time": "2009-05-03 23:55:29", "object_repr": "Untitled Theme Music", "object_id": "38", "change_message": "", "user": 5, "content_type": 15}}, {"pk": 293, "model": "admin.logentry", "fields": {"action_flag": 1, "action_time": "2009-05-03 23:53:08", "object_repr": "Untitled Theme Music", "object_id": "65", "change_message": "", "user": 5, "content_type": 12}}, {"pk": 292, "model": "admin.logentry", "fields": {"action_flag": 1, "action_time": "2009-05-03 23:41:14", "object_repr": "Untitled Theme Music", "object_id": "64", "change_message": "", "user": 5, "content_type": 12}}, {"pk": 291, "model": "admin.logentry", "fields": {"action_flag": 1, "action_time": "2009-05-03 23:37:47", "object_repr": "Untitled Theme Music", "object_id": "63", "change_message": "", "user": 5, "content_type": 12}}, {"pk": 290, "model": "admin.logentry", "fields": {"action_flag": 1, "action_time": "2009-05-03 23:32:35", "object_repr": "I Like Twin Peaks", "object_id": "62", "change_message": "", "user": 5, "content_type": 12}}, {"pk": 289, "model": "admin.logentry", "fields": {"action_flag": 2, "action_time": "2009-05-03 17:41:36", "object_repr": "Space Babe/Rainforest Gr\u00c3\u00bcve ", "object_id": "59", "change_message": "Changed composers.", "user": 5, "content_type": 12}}, {"pk": 288, "model": "admin.logentry", "fields": {"action_flag": 2, "action_time": "2009-05-03 17:37:32", "object_repr": "Sister Smoke", "object_id": "61", "change_message": "Changed entry.", "user": 5, "content_type": 12}}, {"pk": 287, "model": "admin.logentry", "fields": {"action_flag": 1, "action_time": "2009-05-03 17:34:11", "object_repr": "Sister Smoke", "object_id": "61", "change_message": "", "user": 5, "content_type": 12}}, {"pk": 286, "model": "admin.logentry", "fields": {"action_flag": 2, "action_time": "2009-05-03 17:30:37", "object_repr": "Sister Smoke", "object_id": "37", "change_message": "Changed body.", "user": 5, "content_type": 15}}, {"pk": 285, "model": "admin.logentry", "fields": {"action_flag": 1, "action_time": "2009-05-03 17:25:33", "object_repr": "Sister Smoke", "object_id": "60", "change_message": "", "user": 5, "content_type": 12}}, {"pk": 284, "model": "admin.logentry", "fields": {"action_flag": 1, "action_time": "2009-05-03 17:20:18", "object_repr": "Sister Smoke", "object_id": "37", "change_message": "", "user": 5, "content_type": 15}}, {"pk": 283, "model": "admin.logentry", "fields": {"action_flag": 2, "action_time": "2009-05-03 17:08:08", "object_repr": "Space Babe/Rainforest Gr\u00c3\u00bcve", "object_id": "36", "change_message": "Changed author.", "user": 5, "content_type": 15}}, {"pk": 282, "model": "admin.logentry", "fields": {"action_flag": 2, "action_time": "2009-05-03 17:07:09", "object_repr": "Space Babe/Rainforest Gr\u00c3\u00bcve ", "object_id": "59", "change_message": "Changed title, description, entry and composers.", "user": 5, "content_type": 12}}, {"pk": 281, "model": "admin.logentry", "fields": {"action_flag": 2, "action_time": "2009-05-03 17:04:39", "object_repr": "Space Babe/Rainforest Gr\u00c3\u00bcve", "object_id": "36", "change_message": "Changed body.", "user": 5, "content_type": 15}}, {"pk": 280, "model": "admin.logentry", "fields": {"action_flag": 2, "action_time": "2009-05-03 17:02:54", "object_repr": "Space Babe/Rainforest Gr\u00c3\u00bcve", "object_id": "36", "change_message": "Changed art.", "user": 5, "content_type": 15}}, {"pk": 279, "model": "admin.logentry", "fields": {"action_flag": 1, "action_time": "2009-05-03 17:02:06", "object_repr": "Space Babe/Rainforest Gr\u00c3\u00bcve", "object_id": "36", "change_message": "", "user": 5, "content_type": 15}}, {"pk": 278, "model": "admin.logentry", "fields": {"action_flag": 3, "action_time": "2009-05-03 16:57:44", "object_repr": "Space Babe/Jungle Gr\u00c3\u00bcve", "object_id": "None", "change_message": "", "user": 5, "content_type": 15}}, {"pk": 277, "model": "admin.logentry", "fields": {"action_flag": 1, "action_time": "2009-05-03 16:57:02", "object_repr": "Space Babe/Jungle Gr\u00c3\u00bcve", "object_id": "35", "change_message": "", "user": 5, "content_type": 15}}, {"pk": 276, "model": "admin.logentry", "fields": {"action_flag": 1, "action_time": "2009-05-03 16:56:11", "object_repr": "Casio CTK-150", "object_id": "9", "change_message": "", "user": 5, "content_type": 9}}, {"pk": 275, "model": "admin.logentry", "fields": {"action_flag": 1, "action_time": "2009-05-03 16:54:31", "object_repr": "Space Babe/Jungle Gr\u00c3\u00bcve ", "object_id": "59", "change_message": "", "user": 5, "content_type": 12}}, {"pk": 274, "model": "admin.logentry", "fields": {"action_flag": 1, "action_time": "2009-04-21 17:41:00", "object_repr": "Untitled", "object_id": "58", "change_message": "", "user": 2, "content_type": 12}}, {"pk": 273, "model": "admin.logentry", "fields": {"action_flag": 1, "action_time": "2009-04-21 17:38:36", "object_repr": "This Here Is Untitled", "object_id": "34", "change_message": "", "user": 2, "content_type": 15}}, {"pk": 272, "model": "admin.logentry", "fields": {"action_flag": 2, "action_time": "2009-04-10 14:46:33", "object_repr": "Video Flyer ", "object_id": "31", "change_message": "Changed author.", "user": 1, "content_type": 15}}, {"pk": 271, "model": "admin.logentry", "fields": {"action_flag": 3, "action_time": "2009-04-09 09:47:31", "object_repr": "Andrea, Bryan, Eric", "object_id": "None", "change_message": "", "user": 1, "content_type": 9}}, {"pk": 270, "model": "admin.logentry", "fields": {"action_flag": 2, "action_time": "2009-04-09 09:47:22", "object_repr": "Idea Bubbles 2005-2007", "object_id": "33", "change_message": "Changed author.", "user": 1, "content_type": 15}}, {"pk": 269, "model": "admin.logentry", "fields": {"action_flag": 2, "action_time": "2009-04-09 09:46:52", "object_repr": "Twin Sister (the song!)", "object_id": "57", "change_message": "Changed entry and composers.", "user": 1, "content_type": 12}}, {"pk": 268, "model": "admin.logentry", "fields": {"action_flag": 2, "action_time": "2009-04-09 09:46:27", "object_repr": "Poet", "object_id": "56", "change_message": "Changed entry and composers.", "user": 1, "content_type": 12}}, {"pk": 267, "model": "admin.logentry", "fields": {"action_flag": 2, "action_time": "2009-04-09 09:46:10", "object_repr": "it's raining!", "object_id": "55", "change_message": "Changed entry and composers.", "user": 1, "content_type": 12}}, {"pk": 266, "model": "admin.logentry", "fields": {"action_flag": 2, "action_time": "2009-04-09 09:45:53", "object_repr": "Digital Hate", "object_id": "54", "change_message": "Changed entry and composers.", "user": 1, "content_type": 12}}, {"pk": 265, "model": "admin.logentry", "fields": {"action_flag": 2, "action_time": "2009-04-09 09:45:39", "object_repr": "Ave Isobelle", "object_id": "53", "change_message": "Changed entry and composers.", "user": 1, "content_type": 12}}, {"pk": 264, "model": "admin.logentry", "fields": {"action_flag": 2, "action_time": "2009-04-09 09:45:14", "object_repr": "Bubble #9", "object_id": "42", "change_message": "Changed entry and composers.", "user": 1, "content_type": 12}}, {"pk": 263, "model": "admin.logentry", "fields": {"action_flag": 2, "action_time": "2009-04-09 09:44:58", "object_repr": "Bubble #8", "object_id": "41", "change_message": "Changed entry and composers.", "user": 1, "content_type": 12}}, {"pk": 262, "model": "admin.logentry", "fields": {"action_flag": 2, "action_time": "2009-04-09 09:44:44", "object_repr": "Bubble #7", "object_id": "40", "change_message": "Changed entry and composers.", "user": 1, "content_type": 12}}, {"pk": 261, "model": "admin.logentry", "fields": {"action_flag": 2, "action_time": "2009-04-09 09:44:24", "object_repr": "Bubble #6", "object_id": "39", "change_message": "Changed entry and composers.", "user": 1, "content_type": 12}}, {"pk": 260, "model": "admin.logentry", "fields": {"action_flag": 2, "action_time": "2009-04-09 09:44:10", "object_repr": "Bubble #5", "object_id": "38", "change_message": "Changed entry and composers.", "user": 1, "content_type": 12}}, {"pk": 259, "model": "admin.logentry", "fields": {"action_flag": 2, "action_time": "2009-04-09 09:43:58", "object_repr": "Bubble #3", "object_id": "37", "change_message": "Changed entry and composers.", "user": 1, "content_type": 12}}, {"pk": 258, "model": "admin.logentry", "fields": {"action_flag": 2, "action_time": "2009-04-09 09:43:47", "object_repr": "Bubble #21", "object_id": "52", "change_message": "Changed entry and composers.", "user": 1, "content_type": 12}}, {"pk": 257, "model": "admin.logentry", "fields": {"action_flag": 2, "action_time": "2009-04-09 09:43:34", "object_repr": "Bubble #20", "object_id": "51", "change_message": "Changed entry and composers.", "user": 1, "content_type": 12}}, {"pk": 256, "model": "admin.logentry", "fields": {"action_flag": 2, "action_time": "2009-04-09 09:43:23", "object_repr": "Bubble #19", "object_id": "50", "change_message": "Changed entry and composers.", "user": 1, "content_type": 12}}, {"pk": 255, "model": "admin.logentry", "fields": {"action_flag": 2, "action_time": "2009-04-09 09:43:10", "object_repr": "Bubble #18", "object_id": "49", "change_message": "No fields changed.", "user": 1, "content_type": 12}}, {"pk": 254, "model": "admin.logentry", "fields": {"action_flag": 2, "action_time": "2009-04-09 09:42:59", "object_repr": "Bubble #18", "object_id": "49", "change_message": "Changed entry and composers.", "user": 1, "content_type": 12}}, {"pk": 253, "model": "admin.logentry", "fields": {"action_flag": 2, "action_time": "2009-04-09 09:42:46", "object_repr": "Bubble #17", "object_id": "48", "change_message": "Changed entry and composers.", "user": 1, "content_type": 12}}, {"pk": 252, "model": "admin.logentry", "fields": {"action_flag": 2, "action_time": "2009-04-09 09:42:29", "object_repr": "Bubble #16", "object_id": "47", "change_message": "Changed entry and composers.", "user": 1, "content_type": 12}}, {"pk": 251, "model": "admin.logentry", "fields": {"action_flag": 2, "action_time": "2009-04-09 09:42:17", "object_repr": "Bubble #15", "object_id": "46", "change_message": "Changed entry and composers.", "user": 1, "content_type": 12}}, {"pk": 250, "model": "admin.logentry", "fields": {"action_flag": 2, "action_time": "2009-04-09 09:41:56", "object_repr": "Bubble #14", "object_id": "45", "change_message": "Changed entry and composers.", "user": 1, "content_type": 12}}, {"pk": 249, "model": "admin.logentry", "fields": {"action_flag": 2, "action_time": "2009-04-09 09:41:37", "object_repr": "Bubble #13", "object_id": "44", "change_message": "Changed entry and composers.", "user": 1, "content_type": 12}}, {"pk": 248, "model": "admin.logentry", "fields": {"action_flag": 2, "action_time": "2009-04-09 09:41:17", "object_repr": "Bubble #1", "object_id": "36", "change_message": "Changed composers.", "user": 1, "content_type": 12}}, {"pk": 247, "model": "admin.logentry", "fields": {"action_flag": 2, "action_time": "2009-04-09 09:41:07", "object_repr": "Bubble #10", "object_id": "43", "change_message": "Changed entry and composers.", "user": 1, "content_type": 12}}, {"pk": 246, "model": "admin.logentry", "fields": {"action_flag": 2, "action_time": "2009-04-09 09:40:47", "object_repr": "Bubble #1", "object_id": "36", "change_message": "Changed entry.", "user": 1, "content_type": 12}}, {"pk": 245, "model": "admin.logentry", "fields": {"action_flag": 3, "action_time": "2009-04-09 09:39:58", "object_repr": "Seedling of Dry Hump", "object_id": "None", "change_message": "", "user": 1, "content_type": 15}}, {"pk": 244, "model": "admin.logentry", "fields": {"action_flag": 1, "action_time": "2009-04-09 09:11:17", "object_repr": "Idea Bubbles 2005-2007", "object_id": "3", "change_message": "", "user": 2, "content_type": 14}}, {"pk": 243, "model": "admin.logentry", "fields": {"action_flag": 1, "action_time": "2009-04-09 09:06:59", "object_repr": "Twin Sister (the song!)", "object_id": "57", "change_message": "", "user": 2, "content_type": 12}}, {"pk": 242, "model": "admin.logentry", "fields": {"action_flag": 1, "action_time": "2009-04-09 09:05:21", "object_repr": "Poet", "object_id": "56", "change_message": "", "user": 2, "content_type": 12}}, {"pk": 241, "model": "admin.logentry", "fields": {"action_flag": 1, "action_time": "2009-04-09 09:04:37", "object_repr": "it's raining!", "object_id": "55", "change_message": "", "user": 2, "content_type": 12}}, {"pk": 240, "model": "admin.logentry", "fields": {"action_flag": 1, "action_time": "2009-04-09 09:03:47", "object_repr": "Digital Hate", "object_id": "54", "change_message": "", "user": 2, "content_type": 12}}, {"pk": 239, "model": "admin.logentry", "fields": {"action_flag": 1, "action_time": "2009-04-09 09:03:08", "object_repr": "Ave Isobelle", "object_id": "53", "change_message": "", "user": 2, "content_type": 12}}, {"pk": 238, "model": "admin.logentry", "fields": {"action_flag": 1, "action_time": "2009-04-09 09:02:13", "object_repr": "Bubble #21", "object_id": "52", "change_message": "", "user": 2, "content_type": 12}}, {"pk": 237, "model": "admin.logentry", "fields": {"action_flag": 1, "action_time": "2009-04-09 09:01:36", "object_repr": "Bubble #20", "object_id": "51", "change_message": "", "user": 2, "content_type": 12}}, {"pk": 236, "model": "admin.logentry", "fields": {"action_flag": 1, "action_time": "2009-04-09 09:00:40", "object_repr": "Bubble #19", "object_id": "50", "change_message": "", "user": 2, "content_type": 12}}, {"pk": 235, "model": "admin.logentry", "fields": {"action_flag": 1, "action_time": "2009-04-09 09:00:13", "object_repr": "Bubble #18", "object_id": "49", "change_message": "", "user": 2, "content_type": 12}}, {"pk": 234, "model": "admin.logentry", "fields": {"action_flag": 1, "action_time": "2009-04-09 08:59:25", "object_repr": "Bubble #17", "object_id": "48", "change_message": "", "user": 2, "content_type": 12}}, {"pk": 233, "model": "admin.logentry", "fields": {"action_flag": 1, "action_time": "2009-04-09 08:58:55", "object_repr": "Bubble #16", "object_id": "47", "change_message": "", "user": 2, "content_type": 12}}, {"pk": 232, "model": "admin.logentry", "fields": {"action_flag": 1, "action_time": "2009-04-09 08:58:22", "object_repr": "Bubble #15", "object_id": "46", "change_message": "", "user": 2, "content_type": 12}}, {"pk": 231, "model": "admin.logentry", "fields": {"action_flag": 1, "action_time": "2009-04-09 08:57:43", "object_repr": "Bubble #14", "object_id": "45", "change_message": "", "user": 2, "content_type": 12}}, {"pk": 230, "model": "admin.logentry", "fields": {"action_flag": 1, "action_time": "2009-04-09 08:57:10", "object_repr": "Bubble #13", "object_id": "44", "change_message": "", "user": 2, "content_type": 12}}, {"pk": 229, "model": "admin.logentry", "fields": {"action_flag": 1, "action_time": "2009-04-09 08:56:30", "object_repr": "Bubble #10", "object_id": "43", "change_message": "", "user": 2, "content_type": 12}}, {"pk": 228, "model": "admin.logentry", "fields": {"action_flag": 1, "action_time": "2009-04-09 08:55:49", "object_repr": "Bubble #9", "object_id": "42", "change_message": "", "user": 2, "content_type": 12}}, {"pk": 227, "model": "admin.logentry", "fields": {"action_flag": 1, "action_time": "2009-04-09 08:55:18", "object_repr": "Bubble #8", "object_id": "41", "change_message": "", "user": 2, "content_type": 12}}, {"pk": 226, "model": "admin.logentry", "fields": {"action_flag": 1, "action_time": "2009-04-09 08:54:29", "object_repr": "Bubble #7", "object_id": "40", "change_message": "", "user": 2, "content_type": 12}}, {"pk": 225, "model": "admin.logentry", "fields": {"action_flag": 1, "action_time": "2009-04-09 08:53:45", "object_repr": "Bubble #6", "object_id": "39", "change_message": "", "user": 2, "content_type": 12}}, {"pk": 224, "model": "admin.logentry", "fields": {"action_flag": 1, "action_time": "2009-04-09 08:52:58", "object_repr": "Bubble #5", "object_id": "38", "change_message": "", "user": 2, "content_type": 12}}, {"pk": 223, "model": "admin.logentry", "fields": {"action_flag": 1, "action_time": "2009-04-09 08:50:26", "object_repr": "Bubble #3", "object_id": "37", "change_message": "", "user": 2, "content_type": 12}}, {"pk": 222, "model": "admin.logentry", "fields": {"action_flag": 1, "action_time": "2009-04-09 08:35:49", "object_repr": "Bubble #1", "object_id": "36", "change_message": "", "user": 2, "content_type": 12}}, {"pk": 221, "model": "admin.logentry", "fields": {"action_flag": 1, "action_time": "2009-04-09 08:34:41", "object_repr": "Idea Bubbles 2005-2007", "object_id": "33", "change_message": "", "user": 2, "content_type": 15}}, {"pk": 220, "model": "admin.logentry", "fields": {"action_flag": 1, "action_time": "2009-04-09 08:32:37", "object_repr": "Andrea, Bryan, Eric", "object_id": "8", "change_message": "", "user": 2, "content_type": 9}}, {"pk": 219, "model": "admin.logentry", "fields": {"action_flag": 1, "action_time": "2009-04-09 08:27:11", "object_repr": "Seedling of Dry Hump", "object_id": "32", "change_message": "", "user": 2, "content_type": 15}}, {"pk": 218, "model": "admin.logentry", "fields": {"action_flag": 2, "action_time": "2009-04-01 21:13:50", "object_repr": "Video Flyer ", "object_id": "31", "change_message": "Changed body.", "user": 2, "content_type": 15}}, {"pk": 217, "model": "admin.logentry", "fields": {"action_flag": 1, "action_time": "2009-04-01 21:13:35", "object_repr": "Video Flyer ", "object_id": "31", "change_message": "", "user": 2, "content_type": 15}}, {"pk": 216, "model": "admin.logentry", "fields": {"action_flag": 1, "action_time": "2009-03-31 22:47:34", "object_repr": "Quiet One", "object_id": "35", "change_message": "", "user": 2, "content_type": 12}}, {"pk": 215, "model": "admin.logentry", "fields": {"action_flag": 1, "action_time": "2009-03-30 21:09:27", "object_repr": "Lulu's Village Pub", "object_id": "9", "change_message": "", "user": 1, "content_type": 11}}, {"pk": 214, "model": "admin.logentry", "fields": {"action_flag": 2, "action_time": "2009-03-30 21:02:14", "object_repr": "Idea: Filmi", "object_id": "30", "change_message": "Changed body.", "user": 1, "content_type": 15}}, {"pk": 213, "model": "admin.logentry", "fields": {"action_flag": 1, "action_time": "2009-03-30 21:00:39", "object_repr": "Filmi", "object_id": "34", "change_message": "", "user": 1, "content_type": 12}}, {"pk": 212, "model": "admin.logentry", "fields": {"action_flag": 1, "action_time": "2009-03-30 21:00:19", "object_repr": "Idea: Filmi", "object_id": "30", "change_message": "", "user": 1, "content_type": 15}}, {"pk": 211, "model": "admin.logentry", "fields": {"action_flag": 1, "action_time": "2009-03-24 23:45:49", "object_repr": "Alarm 1", "object_id": "33", "change_message": "", "user": 2, "content_type": 12}}, {"pk": 210, "model": "admin.logentry", "fields": {"action_flag": 1, "action_time": "2009-03-24 23:41:14", "object_repr": "\"Twin Sisters\"", "object_id": "32", "change_message": "", "user": 2, "content_type": 12}}, {"pk": 209, "model": "admin.logentry", "fields": {"action_flag": 1, "action_time": "2009-03-24 23:34:52", "object_repr": "Old Nectarine", "object_id": "31", "change_message": "", "user": 2, "content_type": 12}}, {"pk": 208, "model": "admin.logentry", "fields": {"action_flag": 2, "action_time": "2009-03-23 22:41:05", "object_repr": "Live Video + Photos from the Lit Lounge", "object_id": "29", "change_message": "Changed title and body.", "user": 1, "content_type": 15}}, {"pk": 207, "model": "admin.logentry", "fields": {"action_flag": 2, "action_time": "2009-03-23 22:30:10", "object_repr": "Live Video from the Lit Lounge", "object_id": "29", "change_message": "Changed body.", "user": 1, "content_type": 15}}, {"pk": 206, "model": "admin.logentry", "fields": {"action_flag": 1, "action_time": "2009-03-23 22:28:41", "object_repr": "Live Video from the Lit Lounge", "object_id": "29", "change_message": "", "user": 1, "content_type": 15}}, {"pk": 205, "model": "admin.logentry", "fields": {"action_flag": 2, "action_time": "2009-03-17 17:58:28", "object_repr": "Camera-Head Shark", "object_id": "3", "change_message": "Changed url.", "user": 1, "content_type": 10}}, {"pk": 204, "model": "admin.logentry", "fields": {"action_flag": 1, "action_time": "2009-03-17 17:57:43", "object_repr": "Lit Lounge", "object_id": "8", "change_message": "", "user": 1, "content_type": 11}}, {"pk": 203, "model": "admin.logentry", "fields": {"action_flag": 1, "action_time": "2009-03-17 17:53:39", "object_repr": "No Sleep", "object_id": "30", "change_message": "", "user": 1, "content_type": 12}}, {"pk": 202, "model": "admin.logentry", "fields": {"action_flag": 1, "action_time": "2009-03-17 17:52:07", "object_repr": "No Sleep", "object_id": "28", "change_message": "", "user": 1, "content_type": 15}}, {"pk": 201, "model": "admin.logentry", "fields": {"action_flag": 1, "action_time": "2009-03-09 19:44:51", "object_repr": "Smoke", "object_id": "29", "change_message": "", "user": 1, "content_type": 12}}, {"pk": 200, "model": "admin.logentry", "fields": {"action_flag": 1, "action_time": "2009-03-09 19:43:44", "object_repr": "Smoke", "object_id": "27", "change_message": "", "user": 1, "content_type": 15}}, {"pk": 199, "model": "admin.logentry", "fields": {"action_flag": 2, "action_time": "2009-03-05 00:53:57", "object_repr": "Write up at Said the Gramophone", "object_id": "26", "change_message": "Changed title.", "user": 1, "content_type": 15}}, {"pk": 198, "model": "admin.logentry", "fields": {"action_flag": 2, "action_time": "2009-03-04 17:06:34", "object_repr": "Writeup at Said the Gramophone", "object_id": "26", "change_message": "Changed title.", "user": 1, "content_type": 15}}, {"pk": 197, "model": "admin.logentry", "fields": {"action_flag": 1, "action_time": "2009-03-04 17:05:14", "object_repr": "Writeup at Said the Gramaphone", "object_id": "26", "change_message": "", "user": 1, "content_type": 15}}, {"pk": 195, "model": "admin.logentry", "fields": {"action_flag": 2, "action_time": "2009-02-23 13:43:42", "object_repr": "\"Milk & Honey\" @ DBA 2.2.09", "object_id": "25", "change_message": "Changed body.", "user": 5, "content_type": 15}}, {"pk": 194, "model": "admin.logentry", "fields": {"action_flag": 2, "action_time": "2009-02-23 13:43:04", "object_repr": "\"Milk & Honey\" @ DBA 2.2.09", "object_id": "25", "change_message": "Changed body.", "user": 5, "content_type": 15}}, {"pk": 193, "model": "admin.logentry", "fields": {"action_flag": 2, "action_time": "2009-02-23 13:42:43", "object_repr": "\"Milk & Honey\" @ DBA 2.2.09", "object_id": "25", "change_message": "Changed body.", "user": 5, "content_type": 15}}, {"pk": 192, "model": "admin.logentry", "fields": {"action_flag": 2, "action_time": "2009-02-22 17:45:00", "object_repr": "\"Milk & Honey\" @ DBA 2.2.09", "object_id": "25", "change_message": "Changed title.", "user": 1, "content_type": 15}}, {"pk": 191, "model": "admin.logentry", "fields": {"action_flag": 2, "action_time": "2009-02-21 22:52:18", "object_repr": "\"New Suit\" @ DBA 2.2.09", "object_id": "25", "change_message": "Changed title.", "user": 5, "content_type": 15}}, {"pk": 190, "model": "admin.logentry", "fields": {"action_flag": 1, "action_time": "2009-02-21 22:51:36", "object_repr": "\"New Suit\" @ DBA 2.3.09", "object_id": "25", "change_message": "", "user": 5, "content_type": 15}}, {"pk": 189, "model": "admin.logentry", "fields": {"action_flag": 1, "action_time": "2009-02-14 11:22:04", "object_repr": "(The Stood @ SUNY Purchase", "object_id": "7", "change_message": "", "user": 1, "content_type": 11}}, {"pk": 188, "model": "admin.logentry", "fields": {"action_flag": 2, "action_time": "2009-02-13 19:03:55", "object_repr": "The Stood (SUNY Purchase)", "object_id": "6", "change_message": "Changed show_date.", "user": 5, "content_type": 11}}, {"pk": 187, "model": "admin.logentry", "fields": {"action_flag": 1, "action_time": "2009-02-09 20:58:21", "object_repr": "The Stood (SUNY Purchase)", "object_id": "6", "change_message": "", "user": 1, "content_type": 11}}, {"pk": 186, "model": "admin.logentry", "fields": {"action_flag": 1, "action_time": "2009-02-09 20:58:13", "object_repr": "Battle Ave Tea Club", "object_id": "25", "change_message": "", "user": 1, "content_type": 10}}, {"pk": 185, "model": "admin.logentry", "fields": {"action_flag": 1, "action_time": "2009-02-09 20:57:47", "object_repr": "Real Estate", "object_id": "24", "change_message": "", "user": 1, "content_type": 10}}, {"pk": 184, "model": "admin.logentry", "fields": {"action_flag": 1, "action_time": "2009-02-09 20:57:22", "object_repr": "Woods", "object_id": "23", "change_message": "", "user": 1, "content_type": 10}}, {"pk": 183, "model": "admin.logentry", "fields": {"action_flag": 1, "action_time": "2009-02-09 16:34:07", "object_repr": "Lit Lounge", "object_id": "5", "change_message": "", "user": 1, "content_type": 11}}, {"pk": 182, "model": "admin.logentry", "fields": {"action_flag": 1, "action_time": "2009-02-09 16:34:02", "object_repr": "Bodies", "object_id": "22", "change_message": "", "user": 1, "content_type": 10}}, {"pk": 181, "model": "admin.logentry", "fields": {"action_flag": 1, "action_time": "2009-02-09 16:33:54", "object_repr": "Slowest Runner", "object_id": "21", "change_message": "", "user": 1, "content_type": 10}}, {"pk": 180, "model": "admin.logentry", "fields": {"action_flag": 2, "action_time": "2009-02-09 00:52:37", "object_repr": "All Around and Away We Go (2nd Demo)", "object_id": "28", "change_message": "Changed entry.", "user": 1, "content_type": 12}}, {"pk": 179, "model": "admin.logentry", "fields": {"action_flag": 1, "action_time": "2009-02-09 00:52:34", "object_repr": "All Around and Away We Go REDUX", "object_id": "24", "change_message": "", "user": 1, "content_type": 15}}, {"pk": 178, "model": "admin.logentry", "fields": {"action_flag": 1, "action_time": "2009-02-09 00:51:51", "object_repr": "All Around and Away We Go (2nd Demo)", "object_id": "28", "change_message": "", "user": 1, "content_type": 12}}, {"pk": 177, "model": "admin.logentry", "fields": {"action_flag": 2, "action_time": "2009-02-07 11:55:09", "object_repr": "Andrea Estella", "object_id": "1", "change_message": "Changed name.", "user": 1, "content_type": 9}}, {"pk": 176, "model": "admin.logentry", "fields": {"action_flag": 2, "action_time": "2009-02-07 01:54:36", "object_repr": "Write up and Photos at Cigarette Diaries", "object_id": "23", "change_message": "Changed title.", "user": 1, "content_type": 15}}, {"pk": 175, "model": "admin.logentry", "fields": {"action_flag": 2, "action_time": "2009-02-07 01:24:57", "object_repr": "Udbhav Gupta: Apologies.  I haven't been getting much sleep late...", "object_id": "4", "change_message": "Changed comment.", "user": 1, "content_type": 19}}, {"pk": 174, "model": "admin.logentry", "fields": {"action_flag": 2, "action_time": "2009-02-07 01:06:15", "object_repr": "The Popular Guru", "object_id": "6", "change_message": "Changed name.", "user": 1, "content_type": 9}}, {"pk": 173, "model": "admin.logentry", "fields": {"action_flag": 2, "action_time": "2009-02-06 21:13:43", "object_repr": "twinsistermusic.com", "object_id": "1", "change_message": "Changed domain and name.", "user": 1, "content_type": 7}}, {"pk": 172, "model": "admin.logentry", "fields": {"action_flag": 3, "action_time": "2009-02-06 20:37:03", "object_repr": "Udbhav Gupta: Check out my awesome comment!...", "object_id": "None", "change_message": "", "user": 1, "content_type": 19}}, {"pk": 171, "model": "admin.logentry", "fields": {"action_flag": 3, "action_time": "2009-02-06 20:36:48", "object_repr": "Udbhav Gupta: Check out my awesome comment!...", "object_id": "None", "change_message": "", "user": 1, "content_type": 19}}, {"pk": 168, "model": "admin.logentry", "fields": {"action_flag": 1, "action_time": "2009-02-06 13:41:58", "object_repr": "Dena Zilber", "object_id": "7", "change_message": "", "user": 1, "content_type": 9}}, {"pk": 167, "model": "admin.logentry", "fields": {"action_flag": 2, "action_time": "2009-02-06 13:22:24", "object_repr": "Death By Audio DATE CHANGE", "object_id": "20", "change_message": "Changed photo.", "user": 1, "content_type": 15}}, {"pk": 166, "model": "admin.logentry", "fields": {"action_flag": 2, "action_time": "2009-02-06 13:15:24", "object_repr": "Writeup and Photos at Cigarette Diaries", "object_id": "23", "change_message": "No fields changed.", "user": 1, "content_type": 15}}, {"pk": 165, "model": "admin.logentry", "fields": {"action_flag": 2, "action_time": "2009-02-06 13:04:45", "object_repr": "Writeup and Photos at Cigarette Diaries", "object_id": "23", "change_message": "Changed body.", "user": 1, "content_type": 15}}, {"pk": 164, "model": "admin.logentry", "fields": {"action_flag": 2, "action_time": "2009-02-06 13:04:03", "object_repr": "Writeup and Photos at Cigarette Diaries", "object_id": "23", "change_message": "Changed title and photo.", "user": 1, "content_type": 15}}, {"pk": 162, "model": "admin.logentry", "fields": {"action_flag": 1, "action_time": "2009-02-06 13:02:35", "object_repr": "The Project Guru", "object_id": "6", "change_message": "", "user": 1, "content_type": 9}}, {"pk": 161, "model": "admin.logentry", "fields": {"action_flag": 1, "action_time": "2009-02-06 12:59:24", "object_repr": "Writeup and Photos at Cigarettediaries", "object_id": "23", "change_message": "", "user": 1, "content_type": 15}}, {"pk": 160, "model": "admin.logentry", "fields": {"action_flag": 3, "action_time": "2009-02-05 20:58:58", "object_repr": "Photos!", "object_id": "None", "change_message": "", "user": 5, "content_type": 15}}, {"pk": 159, "model": "admin.logentry", "fields": {"action_flag": 2, "action_time": "2009-02-05 20:58:17", "object_repr": "Photos!", "object_id": "22", "change_message": "Changed body.", "user": 5, "content_type": 15}}, {"pk": 158, "model": "admin.logentry", "fields": {"action_flag": 1, "action_time": "2009-02-05 20:55:02", "object_repr": "Photos!", "object_id": "22", "change_message": "", "user": 5, "content_type": 15}}, {"pk": 155, "model": "admin.logentry", "fields": {"action_flag": 1, "action_time": "2009-01-26 10:31:48", "object_repr": "SUNY Purchase (1/23/09)", "object_id": "2", "change_message": "", "user": 1, "content_type": 14}}, {"pk": 154, "model": "admin.logentry", "fields": {"action_flag": 1, "action_time": "2009-01-26 10:31:46", "object_repr": "SUNY Purchase (1/23/09)", "object_id": "21", "change_message": "", "user": 1, "content_type": 15}}, {"pk": 153, "model": "admin.logentry", "fields": {"action_flag": 1, "action_time": "2009-01-26 10:30:44", "object_repr": "Aquarellas", "object_id": "27", "change_message": "", "user": 1, "content_type": 12}}, {"pk": 152, "model": "admin.logentry", "fields": {"action_flag": 1, "action_time": "2009-01-26 10:30:10", "object_repr": "Dry Hump", "object_id": "26", "change_message": "", "user": 1, "content_type": 12}}, {"pk": 151, "model": "admin.logentry", "fields": {"action_flag": 1, "action_time": "2009-01-26 10:29:29", "object_repr": "La La Ya", "object_id": "25", "change_message": "", "user": 1, "content_type": 12}}, {"pk": 150, "model": "admin.logentry", "fields": {"action_flag": 1, "action_time": "2009-01-26 10:28:56", "object_repr": "I Want a House", "object_id": "24", "change_message": "", "user": 1, "content_type": 12}}, {"pk": 149, "model": "admin.logentry", "fields": {"action_flag": 1, "action_time": "2009-01-26 10:28:19", "object_repr": "New Suit", "object_id": "23", "change_message": "", "user": 1, "content_type": 12}}, {"pk": 148, "model": "admin.logentry", "fields": {"action_flag": 1, "action_time": "2009-01-26 10:27:37", "object_repr": "Other Side of Your Face", "object_id": "22", "change_message": "", "user": 1, "content_type": 12}}, {"pk": 147, "model": "admin.logentry", "fields": {"action_flag": 2, "action_time": "2009-01-25 18:05:05", "object_repr": "Death By Audio DATE CHANGE", "object_id": "20", "change_message": "Changed body.", "user": 5, "content_type": 15}}, {"pk": 146, "model": "admin.logentry", "fields": {"action_flag": 1, "action_time": "2009-01-25 18:00:31", "object_repr": "Death By Audio DATE CHANGE", "object_id": "20", "change_message": "", "user": 5, "content_type": 15}}, {"pk": 145, "model": "admin.logentry", "fields": {"action_flag": 2, "action_time": "2009-01-25 17:54:29", "object_repr": "Death By Audio NEW DATE", "object_id": "4", "change_message": "Changed venue_name and show_date.", "user": 5, "content_type": 11}}, {"pk": 144, "model": "admin.logentry", "fields": {"action_flag": 2, "action_time": "2009-01-23 01:44:11", "object_repr": "Death By Audio", "object_id": "19", "change_message": "Changed body.", "user": 1, "content_type": 15}}, {"pk": 143, "model": "admin.logentry", "fields": {"action_flag": 2, "action_time": "2009-01-23 00:50:15", "object_repr": "Death By Audio", "object_id": "19", "change_message": "Changed body.", "user": 1, "content_type": 15}}, {"pk": 142, "model": "admin.logentry", "fields": {"action_flag": 2, "action_time": "2009-01-23 00:45:08", "object_repr": "Death By Audio", "object_id": "4", "change_message": "Changed entry.", "user": 1, "content_type": 11}}, {"pk": 141, "model": "admin.logentry", "fields": {"action_flag": 1, "action_time": "2009-01-23 00:45:02", "object_repr": "Death By Audio", "object_id": "19", "change_message": "", "user": 1, "content_type": 15}}, {"pk": 139, "model": "admin.logentry", "fields": {"action_flag": 2, "action_time": "2009-01-23 00:42:35", "object_repr": "Death By Audio", "object_id": "4", "change_message": "No fields changed.", "user": 1, "content_type": 11}}, {"pk": 137, "model": "admin.logentry", "fields": {"action_flag": 2, "action_time": "2009-01-23 00:37:38", "object_repr": "Death By Audio", "object_id": "4", "change_message": "Changed bands.", "user": 1, "content_type": 11}}, {"pk": 136, "model": "admin.logentry", "fields": {"action_flag": 2, "action_time": "2009-01-23 00:34:09", "object_repr": "Death By Audio", "object_id": "4", "change_message": "Changed bands.", "user": 1, "content_type": 11}}, {"pk": 135, "model": "admin.logentry", "fields": {"action_flag": 2, "action_time": "2009-01-21 23:59:40", "object_repr": "The Stood at SUNY Purchase", "object_id": "3", "change_message": "Changed bands.", "user": 1, "content_type": 11}}, {"pk": 134, "model": "admin.logentry", "fields": {"action_flag": 1, "action_time": "2009-01-21 23:59:32", "object_repr": "Jesse Cooper Levy", "object_id": "20", "change_message": "", "user": 1, "content_type": 10}}, {"pk": 133, "model": "admin.logentry", "fields": {"action_flag": 1, "action_time": "2009-01-21 23:59:17", "object_repr": "Drain You", "object_id": "19", "change_message": "", "user": 1, "content_type": 10}}, {"pk": 132, "model": "admin.logentry", "fields": {"action_flag": 1, "action_time": "2009-01-21 23:58:44", "object_repr": "Screwed Again!", "object_id": "18", "change_message": "", "user": 1, "content_type": 10}}, {"pk": 131, "model": "admin.logentry", "fields": {"action_flag": 1, "action_time": "2009-01-21 23:57:49", "object_repr": "Michael Jordan", "object_id": "17", "change_message": "", "user": 1, "content_type": 10}}, {"pk": 130, "model": "admin.logentry", "fields": {"action_flag": 1, "action_time": "2009-01-21 23:57:27", "object_repr": "Pat King and His Beastiality Complex", "object_id": "16", "change_message": "", "user": 1, "content_type": 10}}, {"pk": 129, "model": "admin.logentry", "fields": {"action_flag": 1, "action_time": "2009-01-21 23:56:51", "object_repr": "Horny Vampyre", "object_id": "15", "change_message": "", "user": 1, "content_type": 10}}, {"pk": 128, "model": "admin.logentry", "fields": {"action_flag": 1, "action_time": "2009-01-21 23:56:09", "object_repr": "The Shakes", "object_id": "14", "change_message": "", "user": 1, "content_type": 10}}, {"pk": 127, "model": "admin.logentry", "fields": {"action_flag": 1, "action_time": "2009-01-21 23:55:18", "object_repr": "The Jurks", "object_id": "13", "change_message": "", "user": 1, "content_type": 10}}, {"pk": 126, "model": "admin.logentry", "fields": {"action_flag": 1, "action_time": "2009-01-21 23:54:36", "object_repr": "Zona Mexicana", "object_id": "12", "change_message": "", "user": 1, "content_type": 10}}, {"pk": 125, "model": "admin.logentry", "fields": {"action_flag": 1, "action_time": "2009-01-21 23:53:50", "object_repr": "Le Rug", "object_id": "11", "change_message": "", "user": 1, "content_type": 10}}, {"pk": 124, "model": "admin.logentry", "fields": {"action_flag": 1, "action_time": "2009-01-21 23:53:06", "object_repr": "Data Dog", "object_id": "10", "change_message": "", "user": 1, "content_type": 10}}, {"pk": 123, "model": "admin.logentry", "fields": {"action_flag": 1, "action_time": "2009-01-21 23:52:27", "object_repr": "The Genuine Imitations", "object_id": "9", "change_message": "", "user": 1, "content_type": 10}}, {"pk": 122, "model": "admin.logentry", "fields": {"action_flag": 1, "action_time": "2009-01-21 23:51:32", "object_repr": "Kyle Gilbride", "object_id": "8", "change_message": "", "user": 1, "content_type": 10}}, {"pk": 121, "model": "admin.logentry", "fields": {"action_flag": 1, "action_time": "2009-01-21 23:50:07", "object_repr": "Lightning Paw", "object_id": "7", "change_message": "", "user": 1, "content_type": 10}}, {"pk": 120, "model": "admin.logentry", "fields": {"action_flag": 3, "action_time": "2009-01-14 10:38:41", "object_repr": "Dance Revolt", "object_id": "None", "change_message": "", "user": 1, "content_type": 10}}, {"pk": 119, "model": "admin.logentry", "fields": {"action_flag": 3, "action_time": "2009-01-14 10:38:37", "object_repr": "The Terror Pigeon", "object_id": "None", "change_message": "", "user": 1, "content_type": 10}}, {"pk": 118, "model": "admin.logentry", "fields": {"action_flag": 2, "action_time": "2009-01-14 10:38:14", "object_repr": "Death By Audio", "object_id": "4", "change_message": "Changed bands.", "user": 1, "content_type": 11}}, {"pk": 117, "model": "admin.logentry", "fields": {"action_flag": 2, "action_time": "2009-01-14 10:35:33", "object_repr": "Death By Audio", "object_id": "4", "change_message": "Changed misc and bands.", "user": 1, "content_type": 11}}, {"pk": 116, "model": "admin.logentry", "fields": {"action_flag": 1, "action_time": "2009-01-14 10:35:04", "object_repr": "Dance Revolt", "object_id": "6", "change_message": "", "user": 1, "content_type": 10}}, {"pk": 115, "model": "admin.logentry", "fields": {"action_flag": 1, "action_time": "2009-01-14 10:34:57", "object_repr": "The Terror Pigeon", "object_id": "5", "change_message": "", "user": 1, "content_type": 10}}, {"pk": 114, "model": "admin.logentry", "fields": {"action_flag": 2, "action_time": "2009-01-13 20:33:18", "object_repr": "Death By Audio", "object_id": "4", "change_message": "Changed venue_name, venue_address and misc.", "user": 5, "content_type": 11}}, {"pk": 113, "model": "admin.logentry", "fields": {"action_flag": 1, "action_time": "2009-01-13 20:30:19", "object_repr": "Death by Audio", "object_id": "4", "change_message": "", "user": 5, "content_type": 11}}, {"pk": 112, "model": "admin.logentry", "fields": {"action_flag": 2, "action_time": "2009-01-13 20:24:12", "object_repr": "The Stood at SUNY Purchase", "object_id": "3", "change_message": "Changed cost.", "user": 5, "content_type": 11}}, {"pk": 111, "model": "admin.logentry", "fields": {"action_flag": 2, "action_time": "2009-01-13 20:23:42", "object_repr": "The Stood at SUNY Purchase", "object_id": "3", "change_message": "Changed venue_address.", "user": 5, "content_type": 11}}, {"pk": 110, "model": "admin.logentry", "fields": {"action_flag": 2, "action_time": "2009-01-13 20:22:54", "object_repr": "The Stood at SUNY Purchase", "object_id": "3", "change_message": "Changed venue_name, show_date, cost, misc and bands.", "user": 5, "content_type": 11}}, {"pk": 109, "model": "admin.logentry", "fields": {"action_flag": 1, "action_time": "2009-01-13 20:19:39", "object_repr": "The Terror Pigeon Dance Revolt", "object_id": "4", "change_message": "", "user": 5, "content_type": 10}}, {"pk": 108, "model": "admin.logentry", "fields": {"action_flag": 2, "action_time": "2009-01-09 16:53:26", "object_repr": "SUNY Purchase", "object_id": "3", "change_message": "Changed venue_address.", "user": 1, "content_type": 11}}, {"pk": 107, "model": "admin.logentry", "fields": {"action_flag": 2, "action_time": "2009-01-09 16:52:49", "object_repr": "SUNY Purchase", "object_id": "3", "change_message": "Changed venue_address.", "user": 1, "content_type": 11}}, {"pk": 106, "model": "admin.logentry", "fields": {"action_flag": 2, "action_time": "2009-01-09 16:42:37", "object_repr": "SUNY Purchase", "object_id": "3", "change_message": "No fields changed.", "user": 1, "content_type": 11}}, {"pk": 105, "model": "admin.logentry", "fields": {"action_flag": 1, "action_time": "2009-01-09 16:41:15", "object_repr": "SUNY Purchase", "object_id": "3", "change_message": "", "user": 1, "content_type": 11}}, {"pk": 104, "model": "admin.logentry", "fields": {"action_flag": 2, "action_time": "2009-01-09 16:32:57", "object_repr": "Superfine", "object_id": "2", "change_message": "Changed misc.", "user": 1, "content_type": 11}}, {"pk": 103, "model": "admin.logentry", "fields": {"action_flag": 2, "action_time": "2009-01-09 16:06:02", "object_repr": "Superfine", "object_id": "2", "change_message": "Changed misc.", "user": 1, "content_type": 11}}, {"pk": 102, "model": "admin.logentry", "fields": {"action_flag": 2, "action_time": "2009-01-09 15:43:23", "object_repr": "Jan 14th Show at Superfine!", "object_id": "18", "change_message": "Changed art.", "user": 1, "content_type": 15}}, {"pk": 100, "model": "admin.logentry", "fields": {"action_flag": 1, "action_time": "2009-01-09 14:55:37", "object_repr": "Superfine", "object_id": "2", "change_message": "", "user": 1, "content_type": 11}}, {"pk": 99, "model": "admin.logentry", "fields": {"action_flag": 1, "action_time": "2009-01-09 14:55:33", "object_repr": "Jan 14th Show at Superfine!", "object_id": "18", "change_message": "", "user": 1, "content_type": 15}}, {"pk": 98, "model": "admin.logentry", "fields": {"action_flag": 2, "action_time": "2008-12-31 22:07:47", "object_repr": "La la ya", "object_id": "21", "change_message": "Changed description and entry.", "user": 1, "content_type": 12}}, {"pk": 97, "model": "admin.logentry", "fields": {"action_flag": 1, "action_time": "2008-12-31 22:07:20", "object_repr": "La La Ya", "object_id": "17", "change_message": "", "user": 1, "content_type": 15}}, {"pk": 96, "model": "admin.logentry", "fields": {"action_flag": 1, "action_time": "2008-12-30 18:16:07", "object_repr": "La la ya", "object_id": "21", "change_message": "", "user": 2, "content_type": 12}}, {"pk": 95, "model": "admin.logentry", "fields": {"action_flag": 2, "action_time": "2008-12-27 04:37:38", "object_repr": "Synth Jam", "object_id": "16", "change_message": "Changed body.", "user": 1, "content_type": 15}}, {"pk": 94, "model": "admin.logentry", "fields": {"action_flag": 1, "action_time": "2008-12-27 04:36:29", "object_repr": "Synth Jam", "object_id": "20", "change_message": "", "user": 1, "content_type": 12}}, {"pk": 93, "model": "admin.logentry", "fields": {"action_flag": 1, "action_time": "2008-12-27 04:33:20", "object_repr": "Synth Jam", "object_id": "16", "change_message": "", "user": 1, "content_type": 15}}, {"pk": 92, "model": "admin.logentry", "fields": {"action_flag": 1, "action_time": "2008-12-27 04:26:19", "object_repr": "New Suit", "object_id": "19", "change_message": "", "user": 1, "content_type": 12}}, {"pk": 91, "model": "admin.logentry", "fields": {"action_flag": 1, "action_time": "2008-12-27 04:25:49", "object_repr": "New Suit", "object_id": "15", "change_message": "", "user": 1, "content_type": 15}}, {"pk": 90, "model": "admin.logentry", "fields": {"action_flag": 2, "action_time": "2008-12-24 13:27:33", "object_repr": "Space Jam (12/22/08)", "object_id": "18", "change_message": "Changed composers. Added credit \"Credit object\". Added credit \"Credit object\". Added credit \"Credit object\". Added credit \"Credit object\".", "user": 1, "content_type": 12}}, {"pk": 89, "model": "admin.logentry", "fields": {"action_flag": 3, "action_time": "2008-12-24 13:26:56", "object_repr": "Floodlight, on Wheels", "object_id": "None", "change_message": "", "user": 1, "content_type": 12}}, {"pk": 88, "model": "admin.logentry", "fields": {"action_flag": 2, "action_time": "2008-12-24 13:24:09", "object_repr": "Dry Hump (Extended Version)", "object_id": "16", "change_message": "Changed description and entry.", "user": 1, "content_type": 12}}, {"pk": 87, "model": "admin.logentry", "fields": {"action_flag": 1, "action_time": "2008-12-24 13:24:07", "object_repr": "Dry Hump (Extended Version)", "object_id": "14", "change_message": "", "user": 1, "content_type": 15}}, {"pk": 86, "model": "admin.logentry", "fields": {"action_flag": 2, "action_time": "2008-12-23 11:15:34", "object_repr": "Space Jam (12/22/08)", "object_id": "13", "change_message": "Changed body.", "user": 1, "content_type": 15}}, {"pk": 85, "model": "admin.logentry", "fields": {"action_flag": 2, "action_time": "2008-12-23 02:14:55", "object_repr": "Space Jam (12/22/08)", "object_id": "13", "change_message": "Changed body.", "user": 1, "content_type": 15}}, {"pk": 84, "model": "admin.logentry", "fields": {"action_flag": 1, "action_time": "2008-12-23 01:32:38", "object_repr": "Space Jam (12/22/08)", "object_id": "18", "change_message": "", "user": 1, "content_type": 12}}, {"pk": 83, "model": "admin.logentry", "fields": {"action_flag": 1, "action_time": "2008-12-23 01:31:54", "object_repr": "Space Jam (12/22/08)", "object_id": "13", "change_message": "", "user": 1, "content_type": 15}}, {"pk": 82, "model": "admin.logentry", "fields": {"action_flag": 3, "action_time": "2008-12-23 01:29:54", "object_repr": "Space Jam (12/22/08)", "object_id": "None", "change_message": "", "user": 1, "content_type": 15}}, {"pk": 81, "model": "admin.logentry", "fields": {"action_flag": 1, "action_time": "2008-12-23 00:35:15", "object_repr": "Space Jam (12/22/08)", "object_id": "12", "change_message": "", "user": 1, "content_type": 15}}, {"pk": 80, "model": "admin.logentry", "fields": {"action_flag": 1, "action_time": "2008-12-22 22:24:33", "object_repr": "Floodlight, on Wheels", "object_id": "17", "change_message": "", "user": 2, "content_type": 12}}, {"pk": 79, "model": "admin.logentry", "fields": {"action_flag": 1, "action_time": "2008-12-19 21:27:36", "object_repr": "Dry Hump (Extended Version)", "object_id": "16", "change_message": "", "user": 2, "content_type": 12}}, {"pk": 78, "model": "admin.logentry", "fields": {"action_flag": 1, "action_time": "2008-12-10 21:52:10", "object_repr": "Body Feels Strong", "object_id": "15", "change_message": "", "user": 1, "content_type": 12}}, {"pk": 77, "model": "admin.logentry", "fields": {"action_flag": 1, "action_time": "2008-12-10 21:51:16", "object_repr": "Body Feels Strong", "object_id": "11", "change_message": "", "user": 1, "content_type": 15}}, {"pk": 76, "model": "admin.logentry", "fields": {"action_flag": 2, "action_time": "2008-12-10 21:46:41", "object_repr": "White Bread", "object_id": "14", "change_message": "Changed description and entry.", "user": 1, "content_type": 12}}, {"pk": 75, "model": "admin.logentry", "fields": {"action_flag": 1, "action_time": "2008-12-10 21:46:40", "object_repr": "White Bread", "object_id": "10", "change_message": "", "user": 1, "content_type": 15}}, {"pk": 74, "model": "admin.logentry", "fields": {"action_flag": 2, "action_time": "2008-12-10 21:46:13", "object_repr": "#6 (demo)", "object_id": "12", "change_message": "Changed description and entry.", "user": 1, "content_type": 12}}, {"pk": 73, "model": "admin.logentry", "fields": {"action_flag": 1, "action_time": "2008-12-10 21:46:07", "object_repr": "#6", "object_id": "9", "change_message": "", "user": 1, "content_type": 15}}, {"pk": 72, "model": "admin.logentry", "fields": {"action_flag": 1, "action_time": "2008-12-08 23:32:59", "object_repr": "White Bread", "object_id": "14", "change_message": "", "user": 2, "content_type": 12}}, {"pk": 71, "model": "admin.logentry", "fields": {"action_flag": 3, "action_time": "2008-12-08 23:05:50", "object_repr": "All Around and Away We Go ?", "object_id": "None", "change_message": "", "user": 2, "content_type": 12}}, {"pk": 70, "model": "admin.logentry", "fields": {"action_flag": 1, "action_time": "2008-12-08 19:18:31", "object_repr": "All Around and Away We Go ?", "object_id": "13", "change_message": "", "user": 2, "content_type": 12}}, {"pk": 69, "model": "admin.logentry", "fields": {"action_flag": 1, "action_time": "2008-12-08 14:15:48", "object_repr": "#6 (demo)", "object_id": "12", "change_message": "", "user": 2, "content_type": 12}}, {"pk": 68, "model": "admin.logentry", "fields": {"action_flag": 2, "action_time": "2008-12-08 13:09:20", "object_repr": "We Are Two", "object_id": "11", "change_message": "Changed official_release.", "user": 1, "content_type": 12}}, {"pk": 67, "model": "admin.logentry", "fields": {"action_flag": 2, "action_time": "2008-12-08 00:43:59", "object_repr": "We Are Two", "object_id": "11", "change_message": "Changed official_release, description and entry.", "user": 1, "content_type": 12}}, {"pk": 66, "model": "admin.logentry", "fields": {"action_flag": 1, "action_time": "2008-12-08 00:42:54", "object_repr": "We Are Two", "object_id": "8", "change_message": "", "user": 1, "content_type": 15}}, {"pk": 65, "model": "admin.logentry", "fields": {"action_flag": 2, "action_time": "2008-12-07 17:40:56", "object_repr": "All Around And Away We Go (demo)", "object_id": "10", "change_message": "Changed description, entry and composers.", "user": 1, "content_type": 12}}, {"pk": 64, "model": "admin.logentry", "fields": {"action_flag": 1, "action_time": "2008-12-07 17:40:07", "object_repr": "All Around and Away We Go", "object_id": "7", "change_message": "", "user": 1, "content_type": 15}}, {"pk": 63, "model": "admin.logentry", "fields": {"action_flag": 1, "action_time": "2008-12-07 14:36:10", "object_repr": "We Are Two", "object_id": "11", "change_message": "", "user": 3, "content_type": 12}}, {"pk": 62, "model": "admin.logentry", "fields": {"action_flag": 1, "action_time": "2008-12-06 17:08:10", "object_repr": "All Around And Away We Go (demo)", "object_id": "10", "change_message": "", "user": 2, "content_type": 12}}, {"pk": 61, "model": "admin.logentry", "fields": {"action_flag": 2, "action_time": "2008-12-05 19:38:37", "object_repr": "gabe", "object_id": "5", "change_message": "Changed is_staff.", "user": 1, "content_type": 3}}, {"pk": 60, "model": "admin.logentry", "fields": {"action_flag": 2, "action_time": "2008-12-05 19:38:34", "object_repr": "bryan", "object_id": "3", "change_message": "Changed is_staff.", "user": 1, "content_type": 3}}, {"pk": 59, "model": "admin.logentry", "fields": {"action_flag": 2, "action_time": "2008-12-05 19:38:27", "object_repr": "andrea", "object_id": "4", "change_message": "Changed is_staff.", "user": 1, "content_type": 3}}, {"pk": 58, "model": "admin.logentry", "fields": {"action_flag": 2, "action_time": "2008-12-05 19:25:27", "object_repr": "andrea", "object_id": "4", "change_message": "Changed email.", "user": 1, "content_type": 3}}, {"pk": 57, "model": "admin.logentry", "fields": {"action_flag": 2, "action_time": "2008-12-05 19:25:10", "object_repr": "udbhav", "object_id": "1", "change_message": "Changed first_name and last_name.", "user": 1, "content_type": 3}}, {"pk": 56, "model": "admin.logentry", "fields": {"action_flag": 2, "action_time": "2008-12-05 19:25:00", "object_repr": "gabe", "object_id": "5", "change_message": "Changed first_name, last_name and email.", "user": 1, "content_type": 3}}, {"pk": 55, "model": "admin.logentry", "fields": {"action_flag": 2, "action_time": "2008-12-05 19:24:36", "object_repr": "bryan", "object_id": "3", "change_message": "Changed first_name, last_name and email.", "user": 1, "content_type": 3}}, {"pk": 54, "model": "admin.logentry", "fields": {"action_flag": 2, "action_time": "2008-12-05 19:24:16", "object_repr": "andrea", "object_id": "4", "change_message": "Changed first_name and last_name.", "user": 1, "content_type": 3}}, {"pk": 53, "model": "admin.logentry", "fields": {"action_flag": 2, "action_time": "2008-12-05 19:21:24", "object_repr": "gabe", "object_id": "5", "change_message": "Changed user_permissions.", "user": 1, "content_type": 3}}, {"pk": 52, "model": "admin.logentry", "fields": {"action_flag": 1, "action_time": "2008-12-05 19:20:23", "object_repr": "gabe", "object_id": "5", "change_message": "", "user": 1, "content_type": 3}}, {"pk": 51, "model": "admin.logentry", "fields": {"action_flag": 2, "action_time": "2008-12-05 19:20:08", "object_repr": "andrea", "object_id": "4", "change_message": "Changed user_permissions.", "user": 1, "content_type": 3}}, {"pk": 50, "model": "admin.logentry", "fields": {"action_flag": 1, "action_time": "2008-12-05 19:19:49", "object_repr": "andrea", "object_id": "4", "change_message": "", "user": 1, "content_type": 3}}, {"pk": 49, "model": "admin.logentry", "fields": {"action_flag": 2, "action_time": "2008-12-05 19:19:30", "object_repr": "bryan", "object_id": "3", "change_message": "Changed user_permissions.", "user": 1, "content_type": 3}}, {"pk": 48, "model": "admin.logentry", "fields": {"action_flag": 1, "action_time": "2008-12-05 19:19:07", "object_repr": "bryan", "object_id": "3", "change_message": "", "user": 1, "content_type": 3}}, {"pk": 47, "model": "admin.logentry", "fields": {"action_flag": 2, "action_time": "2008-12-05 18:49:09", "object_repr": "Live at the Silent Barn (7/21/08)", "object_id": "1", "change_message": "Changed songs.", "user": 1, "content_type": 14}}, {"pk": 46, "model": "admin.logentry", "fields": {"action_flag": 1, "action_time": "2008-12-05 18:47:58", "object_repr": "Aquarellas", "object_id": "9", "change_message": "", "user": 1, "content_type": 12}}, {"pk": 45, "model": "admin.logentry", "fields": {"action_flag": 3, "action_time": "2008-12-05 18:44:18", "object_repr": "Aquarellas", "object_id": "None", "change_message": "", "user": 1, "content_type": 15}}, {"pk": 44, "model": "admin.logentry", "fields": {"action_flag": 3, "action_time": "2008-12-05 18:41:13", "object_repr": "Show at the Music Hall!", "object_id": "None", "change_message": "", "user": 1, "content_type": 15}}, {"pk": 43, "model": "admin.logentry", "fields": {"action_flag": 3, "action_time": "2008-12-05 18:41:08", "object_repr": "Test photo entry", "object_id": "None", "change_message": "", "user": 1, "content_type": 15}}, {"pk": 42, "model": "admin.logentry", "fields": {"action_flag": 3, "action_time": "2008-12-05 18:41:02", "object_repr": "test art post", "object_id": "None", "change_message": "", "user": 1, "content_type": 15}}, {"pk": 41, "model": "admin.logentry", "fields": {"action_flag": 3, "action_time": "2008-12-05 18:40:47", "object_repr": "Test Gallery Post", "object_id": "None", "change_message": "", "user": 1, "content_type": 15}}, {"pk": 40, "model": "admin.logentry", "fields": {"action_flag": 3, "action_time": "2008-12-05 18:40:28", "object_repr": "Gallery 1", "object_id": "None", "change_message": "", "user": 1, "content_type": 18}}, {"pk": 39, "model": "admin.logentry", "fields": {"action_flag": 1, "action_time": "2008-12-05 18:38:22", "object_repr": "Gallery 1", "object_id": "1", "change_message": "", "user": 1, "content_type": 18}}, {"pk": 38, "model": "admin.logentry", "fields": {"action_flag": 1, "action_time": "2008-12-05 18:31:45", "object_repr": "Test Gallery Post", "object_id": "6", "change_message": "", "user": 1, "content_type": 15}}, {"pk": 35, "model": "admin.logentry", "fields": {"action_flag": 1, "action_time": "2008-12-05 18:19:53", "object_repr": "test art post", "object_id": "5", "change_message": "", "user": 1, "content_type": 15}}, {"pk": 33, "model": "admin.logentry", "fields": {"action_flag": 1, "action_time": "2008-12-05 18:06:40", "object_repr": "Test photo entry", "object_id": "4", "change_message": "", "user": 1, "content_type": 15}}, {"pk": 32, "model": "admin.logentry", "fields": {"action_flag": 2, "action_time": "2008-12-05 18:02:26", "object_repr": "Aquarellas", "object_id": "6", "change_message": "No fields changed.", "user": 1, "content_type": 12}}, {"pk": 31, "model": "admin.logentry", "fields": {"action_flag": 1, "action_time": "2008-12-05 14:31:00", "object_repr": "Music Hall of Williamsburg", "object_id": "1", "change_message": "", "user": 1, "content_type": 11}}, {"pk": 30, "model": "admin.logentry", "fields": {"action_flag": 1, "action_time": "2008-12-05 14:30:47", "object_repr": "Show at the Music Hall!", "object_id": "3", "change_message": "", "user": 1, "content_type": 15}}, {"pk": 29, "model": "admin.logentry", "fields": {"action_flag": 1, "action_time": "2008-12-05 14:29:12", "object_repr": "Camera-Head Shark", "object_id": "3", "change_message": "", "user": 1, "content_type": 10}}, {"pk": 28, "model": "admin.logentry", "fields": {"action_flag": 1, "action_time": "2008-12-05 14:29:02", "object_repr": "The Kitchen Cabinet", "object_id": "2", "change_message": "", "user": 1, "content_type": 10}}, {"pk": 27, "model": "admin.logentry", "fields": {"action_flag": 2, "action_time": "2008-12-05 14:21:18", "object_repr": "Aquarellas", "object_id": "6", "change_message": "Changed entry.", "user": 1, "content_type": 12}}, {"pk": 26, "model": "admin.logentry", "fields": {"action_flag": 1, "action_time": "2008-12-05 14:21:12", "object_repr": "Aquarellas", "object_id": "2", "change_message": "", "user": 1, "content_type": 15}}, {"pk": 25, "model": "admin.logentry", "fields": {"action_flag": 2, "action_time": "2008-12-05 13:28:41", "object_repr": "Live at the Silent Barn (7/21/08)", "object_id": "1", "change_message": "Changed songs.", "user": 1, "content_type": 14}}, {"pk": 24, "model": "admin.logentry", "fields": {"action_flag": 2, "action_time": "2008-12-05 13:27:29", "object_repr": "Live at the Silent Barn (7/21/08)", "object_id": "1", "change_message": "Changed songs.", "user": 1, "content_type": 14}}, {"pk": 23, "model": "admin.logentry", "fields": {"action_flag": 2, "action_time": "2008-12-05 13:25:07", "object_repr": "Be Kind to Your Conscience", "object_id": "8", "change_message": "Changed track_number.", "user": 1, "content_type": 12}}, {"pk": 22, "model": "admin.logentry", "fields": {"action_flag": 1, "action_time": "2008-12-05 12:03:44", "object_repr": "Live at the Silent Barn (7/21/08)", "object_id": "1", "change_message": "", "user": 1, "content_type": 14}}, {"pk": 21, "model": "admin.logentry", "fields": {"action_flag": 1, "action_time": "2008-12-05 12:03:23", "object_repr": "Silent Barn!", "object_id": "1", "change_message": "", "user": 1, "content_type": 15}}, {"pk": 20, "model": "admin.logentry", "fields": {"action_flag": 1, "action_time": "2008-12-05 12:01:54", "object_repr": "Be Kind to Your Conscience", "object_id": "8", "change_message": "", "user": 1, "content_type": 12}}, {"pk": 19, "model": "admin.logentry", "fields": {"action_flag": 1, "action_time": "2008-12-05 12:00:31", "object_repr": "I Want a House", "object_id": "7", "change_message": "", "user": 1, "content_type": 12}}, {"pk": 18, "model": "admin.logentry", "fields": {"action_flag": 1, "action_time": "2008-12-05 11:57:27", "object_repr": "Aquarellas", "object_id": "6", "change_message": "", "user": 1, "content_type": 12}}, {"pk": 17, "model": "admin.logentry", "fields": {"action_flag": 1, "action_time": "2008-12-05 11:55:36", "object_repr": "Great Girl", "object_id": "5", "change_message": "", "user": 1, "content_type": 12}}, {"pk": 16, "model": "admin.logentry", "fields": {"action_flag": 1, "action_time": "2008-12-05 11:51:46", "object_repr": "Daniel", "object_id": "4", "change_message": "", "user": 1, "content_type": 12}}, {"pk": 15, "model": "admin.logentry", "fields": {"action_flag": 1, "action_time": "2008-12-05 11:49:01", "object_repr": "We Are Four", "object_id": "3", "change_message": "", "user": 1, "content_type": 12}}, {"pk": 14, "model": "admin.logentry", "fields": {"action_flag": 1, "action_time": "2008-12-05 11:45:28", "object_repr": "Nectarine", "object_id": "2", "change_message": "", "user": 1, "content_type": 12}}, {"pk": 13, "model": "admin.logentry", "fields": {"action_flag": 3, "action_time": "2008-12-04 23:53:33", "object_repr": "Nectarine", "object_id": "None", "change_message": "", "user": 1, "content_type": 12}}, {"pk": 12, "model": "admin.logentry", "fields": {"action_flag": 1, "action_time": "2008-12-04 23:53:17", "object_repr": "Nectarine", "object_id": "1", "change_message": "", "user": 1, "content_type": 12}}, {"pk": 11, "model": "admin.logentry", "fields": {"action_flag": 2, "action_time": "2008-12-04 23:14:04", "object_repr": "eric", "object_id": "2", "change_message": "Changed user_permissions.", "user": 1, "content_type": 3}}, {"pk": 10, "model": "admin.logentry", "fields": {"action_flag": 2, "action_time": "2008-12-04 23:12:24", "object_repr": "eric", "object_id": "2", "change_message": "Changed user_permissions.", "user": 1, "content_type": 3}}, {"pk": 9, "model": "admin.logentry", "fields": {"action_flag": 2, "action_time": "2008-12-04 23:11:23", "object_repr": "eric", "object_id": "2", "change_message": "Changed email.", "user": 1, "content_type": 3}}, {"pk": 8, "model": "admin.logentry", "fields": {"action_flag": 2, "action_time": "2008-12-04 23:10:36", "object_repr": "eric", "object_id": "2", "change_message": "Changed first_name, last_name, is_staff and user_permissions.", "user": 1, "content_type": 3}}, {"pk": 7, "model": "admin.logentry", "fields": {"action_flag": 1, "action_time": "2008-12-04 23:09:18", "object_repr": "eric", "object_id": "2", "change_message": "", "user": 1, "content_type": 3}}, {"pk": 6, "model": "admin.logentry", "fields": {"action_flag": 1, "action_time": "2008-12-04 23:08:10", "object_repr": "Twin Sister", "object_id": "1", "change_message": "", "user": 1, "content_type": 10}}, {"pk": 5, "model": "admin.logentry", "fields": {"action_flag": 1, "action_time": "2008-12-04 23:07:45", "object_repr": "Udbhav Gupta", "object_id": "5", "change_message": "", "user": 1, "content_type": 9}}, {"pk": 4, "model": "admin.logentry", "fields": {"action_flag": 1, "action_time": "2008-12-04 23:07:40", "object_repr": "Gabel D'Amico", "object_id": "4", "change_message": "", "user": 1, "content_type": 9}}, {"pk": 3, "model": "admin.logentry", "fields": {"action_flag": 1, "action_time": "2008-12-04 23:07:36", "object_repr": "Eric Cardona", "object_id": "3", "change_message": "", "user": 1, "content_type": 9}}, {"pk": 2, "model": "admin.logentry", "fields": {"action_flag": 1, "action_time": "2008-12-04 23:07:29", "object_repr": "Bryan Ujueta", "object_id": "2", "change_message": "", "user": 1, "content_type": 9}}, {"pk": 1, "model": "admin.logentry", "fields": {"action_flag": 1, "action_time": "2008-12-04 23:07:11", "object_repr": "Andrea Hernandez", "object_id": "1", "change_message": "", "user": 1, "content_type": 9}}, {"pk": 3, "model": "comments.comment", "fields": {"comment": "Aww man, means so much guys!  Thanks a lot for this.\r\n\r\nits \"popular guru\" by the way, haha...its all good though.\r\n\r\nKeep in touch,", "user_url": "http://www.cigarettediaries.com/", "submit_date": "2009-02-06 23:54:10", "ip_address": "67.86.110.129", "object_pk": "23", "site": 1, "is_removed": 0, "user": null, "content_type": 15, "is_public": 1, "user_name": "The Pop Guru", "user_email": "thepopularguru@yahoo.com"}}, {"pk": 4, "model": "comments.comment", "fields": {"comment": "Apologies.  I haven't been getting much sleep lately, and I guess I'm starting to see words that aren't there.  I actually changed it before I read your comment, if that counts for anything.", "user_url": "", "submit_date": "2009-02-07 01:23:15", "ip_address": "69.114.60.24", "object_pk": "23", "site": 1, "is_removed": 0, "user": 1, "content_type": 15, "is_public": 1, "user_name": "Udbhav Gupta", "user_email": "gupta.udbhav@gmail.com"}}, {"pk": 5, "model": "comments.comment", "fields": {"comment": "Nice video!", "user_url": "http://www.cigarettediaries.com/", "submit_date": "2009-02-22 18:06:41", "ip_address": "67.86.110.129", "object_pk": "25", "site": 1, "is_removed": 0, "user": null, "content_type": 15, "is_public": 1, "user_name": "The Popular Guru", "user_email": "thepopularguru@yahoo.com"}}, {"pk": 6, "model": "comments.comment", "fields": {"comment": "really cool stuff. totally original. ", "user_url": "", "submit_date": "2009-02-28 14:53:58", "ip_address": "68.36.97.134", "object_pk": "25", "site": 1, "is_removed": 0, "user": null, "content_type": 15, "is_public": 1, "user_name": "chris hargrove", "user_email": "chrishargrove@hotmail.com"}}, {"pk": 7, "model": "comments.comment", "fields": {"comment": "110bpm...  edgy.", "user_url": "http://damonjablons.com/", "submit_date": "2009-03-02 18:37:03", "ip_address": "216.27.137.51", "object_pk": "24", "site": 1, "is_removed": 0, "user": null, "content_type": 15, "is_public": 1, "user_name": "Damon Jablons", "user_email": "damonjablons+remove.if.human@gmail.com"}}, {"pk": 8, "model": "comments.comment", "fields": {"comment": "thats so sick.", "user_url": "http://cameraheadshark.com/", "submit_date": "2009-03-06 15:20:27", "ip_address": "68.195.93.176", "object_pk": "26", "site": 1, "is_removed": 0, "user": null, "content_type": 15, "is_public": 1, "user_name": "charles", "user_email": "charlesstucklen@gmail.com"}}, {"pk": 9, "model": "comments.comment", "fields": {"comment": "Bryan, Eric and CO.\r\n\r\nYo what's up guys.  Did this happen sometime after I left?  HAha, see I knew it was my time to exit, I felt inspiration brewing and didn't want to interfere.\r\n\r\nWeirdest thing, I listened to this earlier today and even downloaded it, except it would only play for like 5 seconds and then just skip (into dry hump no mind you).  But now it works fine.\r\n\r\nAnyway, I'm catching mellow vibes to this one.  This could really turn into something superrrr dope with lyrics over it!\r\n\r\nPS.  I got the footage, gunna try and edit tonight...can't make any promises but lets see what I can come up with.\r\n\r\nThis is like a mini blog cool.", "user_url": "http://www.cigarettediaries.com/", "submit_date": "2009-03-11 22:13:12", "ip_address": "67.86.110.129", "object_pk": "27", "site": 1, "is_removed": 0, "user": null, "content_type": 15, "is_public": 1, "user_name": "\"unofficial photog\"", "user_email": "thepopularguru@yahoo.com"}}, {"pk": 10, "model": "comments.comment", "fields": {"comment": "ege bamyasi + bootylicious = this", "user_url": "", "submit_date": "2009-03-12 16:54:07", "ip_address": "199.79.170.211", "object_pk": "24", "site": 1, "is_removed": 0, "user": null, "content_type": 15, "is_public": 1, "user_name": "Your Data Dogs", "user_email": "inspectaah@yahoo.com"}}, {"pk": 11, "model": "comments.comment", "fields": {"comment": "I'd say official photographer by now.", "user_url": "http://twinsistermusic.com/", "submit_date": "2009-03-14 21:08:52", "ip_address": "98.113.50.14", "object_pk": "27", "site": 1, "is_removed": 0, "user": null, "content_type": 15, "is_public": 1, "user_name": "Eric Cardona", "user_email": "0ericcardona@gmail.com"}}, {"pk": 12, "model": "comments.comment", "fields": {"comment": "This wasn't done, I don't know why it's up here.  Oh well, enjoy.", "user_url": "", "submit_date": "2009-03-19 00:35:08", "ip_address": "24.185.240.151", "object_pk": "28", "site": 1, "is_removed": 0, "user": 2, "content_type": 15, "is_public": 1, "user_name": "Bryan", "user_email": "bryanujueta@gmail.com"}}, {"pk": 13, "model": "comments.comment", "fields": {"comment": "Bryan this is dope.  I love that bass line.  something to get the crowd moving...nice!", "user_url": "http://www.cigarettediaries.com/", "submit_date": "2009-03-19 14:42:08", "ip_address": "67.86.110.129", "object_pk": "28", "site": 1, "is_removed": 0, "user": null, "content_type": 15, "is_public": 1, "user_name": "The Pop Guru", "user_email": "thepopularguru@yahoo.com"}}, {"pk": 14, "model": "comments.comment", "fields": {"comment": "Hey Brian! I saw you guys play for the first time last night at lit and it was awesome!! I really enjoyed the organic sound of your band. Anyways, I'll be on the lookout for the next show and take care until then. Later ", "user_url": "", "submit_date": "2009-04-11 04:58:26", "ip_address": "68.83.150.129", "object_pk": "33", "site": 1, "is_removed": 0, "user": null, "content_type": 15, "is_public": 1, "user_name": "Hakeem", "user_email": "hakeemabdellah@gmail.com"}}, {"pk": 15, "model": "comments.comment", "fields": {"comment": "Uhh, I hear Dry Hump in Bubble#20 I believe.\r\n\r\nOver all great stuff though!!!  Beatlesque...Eric your guitar playing reminds me of some of George Harrison's solo work.", "user_url": "", "submit_date": "2009-05-07 21:55:37", "ip_address": "67.86.110.129", "object_pk": "33", "site": 1, "is_removed": 0, "user": null, "content_type": 15, "is_public": 1, "user_name": "Lexis", "user_email": "thepopularguru@yahoo.com"}}, {"pk": 16, "model": "comments.comment", "fields": {"comment": "HAHA love it Drea!", "user_url": "", "submit_date": "2009-05-19 22:04:06", "ip_address": "67.86.110.129", "object_pk": "43", "site": 1, "is_removed": 0, "user": null, "content_type": 15, "is_public": 1, "user_name": "Lexis", "user_email": "thepopularguru@yahoo.com"}}, {"pk": 17, "model": "comments.comment", "fields": {"comment": "Please send me an mp3 of this song...unless there is some way to get it from this page and I am being stupid!\r\n\r\n-Cat", "user_url": "http://myspace.com/catharrismusic", "submit_date": "2009-06-05 09:01:22", "ip_address": "69.95.213.3", "object_pk": "7", "site": 1, "is_removed": 0, "user": null, "content_type": 15, "is_public": 1, "user_name": "Cat Harris", "user_email": "catvharris@gmail.com"}}, {"pk": 18, "model": "comments.comment", "fields": {"comment": "oh god i miss you beauties, i cant wait to record again,\r\nI WANNA SET YOUR EARS ON FIRE FIRE FIRE.\r\n\r\n", "user_url": "http://sexxxxxay.com/", "submit_date": "2009-07-25 16:56:01", "ip_address": "98.248.127.130", "object_pk": "45", "site": 1, "is_removed": 0, "user": null, "content_type": 15, "is_public": 1, "user_name": "JONNY JONNY", "user_email": "thefortyfirst@hotmail.com"}}, {"pk": 19, "model": "comments.comment", "fields": {"comment": "twin peaks", "user_url": "http://www.lisalampanelli.com/", "submit_date": "2009-07-31 21:40:14", "ip_address": "71.234.133.122", "object_pk": "45", "site": 1, "is_removed": 0, "user": null, "content_type": 15, "is_public": 1, "user_name": "Mike", "user_email": "mluciano8@gmail.com"}}, {"pk": 20, "model": "comments.comment", "fields": {"comment": "I AM MAKING MONEY AS AN AFFILIATE OF THIS COMPANY...\r\n<a href=http://peacemovers.com/><img>http://safetext.justlikeed.net/e/76c64c79ab7abe43e3635dece41cc3c2.png</img></a>\r\n\r\n\r\n<a href=http://www.peacemovers.com/blog/> read the blog </a>", "user_url": "", "submit_date": "2009-08-13 05:44:06", "ip_address": "212.235.107.101", "object_pk": "14", "site": 1, "is_removed": 0, "user": null, "content_type": 15, "is_public": 1, "user_name": "stitTieri", "user_email": "popo@kep6.com"}}, {"pk": 21, "model": "comments.comment", "fields": {"comment": "the list of possible songs for The Cool Forthcoming Album That Isn't Finished seems to be growing by the day\r\n\r\nnice drum machine by the way\r\n\r\n", "user_url": "", "submit_date": "2009-08-19 02:17:39", "ip_address": "69.122.143.152", "object_pk": "47", "site": 1, "is_removed": 0, "user": null, "content_type": 15, "is_public": 1, "user_name": "dan", "user_email": "info@datadogmusic.com"}}, {"pk": 22, "model": "comments.comment", "fields": {"comment": "Yay comment", "user_url": "", "submit_date": "2009-10-06 16:53:08", "ip_address": "127.0.0.1", "object_pk": "190", "site": 1, "is_removed": 0, "user": 1, "content_type": 11, "is_public": 1, "user_name": "Udbhav Gupta", "user_email": "gupta.udbhav@gmail.com"}}, {"pk": 1, "model": "oembed.providerrule", "fields": {"regex": "http://(?:www\\.)?flickr\\.com/photos/\\S+?/(?:sets/)?\\d+/?", "endpoint": "http://www.flickr.com/services/oembed/", "name": "Flickr", "format": 1}}, {"pk": 2, "model": "oembed.providerrule", "fields": {"regex": "http://\\S*?viddler.com/\\S*", "endpoint": "http://lab.viddler.com/services/oembed/", "name": "Viddler", "format": 1}}, {"pk": 3, "model": "oembed.providerrule", "fields": {"regex": "http://qik.com/\\S*", "endpoint": "http://qik.com/api/oembed.json", "name": "Qik", "format": 1}}, {"pk": 5, "model": "oembed.providerrule", "fields": {"regex": "http://\\S*?revision3.com/\\S*", "endpoint": "http://revision3.com/api/oembed/", "name": "Revision3", "format": 1}}, {"pk": 6, "model": "oembed.providerrule", "fields": {"regex": "http://\\S*.amazon.(com|co.uk|de|ca|jp)/\\S*/(gp/product|o/ASIN|obidos/ASIN|dp)/\\S*", "endpoint": "http://oohembed.com/oohembed/", "name": "Amazon Product Image (OohEmbed)", "format": 1}}, {"pk": 7, "model": "oembed.providerrule", "fields": {"regex": "http://\\S*.collegehumor.com/video:\\S*", "endpoint": "http://oohembed.com/oohembed/", "name": "CollegeHumor Video (OohEmbed)", "format": 1}}, {"pk": 8, "model": "oembed.providerrule", "fields": {"regex": "http://\\S*.funnyordie.com/videos/\\S*", "endpoint": "http://oohembed.com/oohembed/", "name": "Funny or Die Video (OohEmbed)", "format": 1}}, {"pk": 9, "model": "oembed.providerrule", "fields": {"regex": "http://video.google.com/videoplay?\\S*", "endpoint": "http://oohembed.com/oohembed/", "name": "Google Video (OohEmbed)", "format": 1}}, {"pk": 10, "model": "oembed.providerrule", "fields": {"regex": "http://www.hulu.com/watch/\\S*", "endpoint": "http://oohembed.com/oohembed/", "name": "Hulu (OohEmbed)", "format": 1}}, {"pk": 11, "model": "oembed.providerrule", "fields": {"regex": "http://\\S*.metacafe.com/watch/\\S*", "endpoint": "http://oohembed.com/oohembed/", "name": "Metacafe (OohEmbed)", "format": 1}}, {"pk": 12, "model": "oembed.providerrule", "fields": {"regex": "http://(?:www\\.)?twitter\\.com/(?:\\w{1,20})/statuses/\\d+/?", "endpoint": "http://oohembed.com/oohembed/", "name": "Twitter Status (OohEmbed)", "format": 1}}, {"pk": 13, "model": "oembed.providerrule", "fields": {"regex": "http://\\S*.wikipedia.org/wiki/\\S*", "endpoint": "http://oohembed.com/oohembed/", "name": "Wikipedia (OohEmbed)", "format": 1}}, {"pk": 14, "model": "oembed.providerrule", "fields": {"regex": "http://(?:www\\.)?youtube\\.com/watch\\?v=[A-Za-z0-9\\-=_]{11}", "endpoint": "http://oohembed.com/oohembed/", "name": "YouTube (OohEmbed)", "format": 1}}, {"pk": 15, "model": "oembed.providerrule", "fields": {"regex": "http://(?:www\\.)?vimeo\\.com/\\d+", "endpoint": "http://vimeo.com/api/oembed.json", "name": "Vimeo", "format": 1}}, {"pk": 16, "model": "oembed.providerrule", "fields": {"regex": "http://(?:www\\.)?scribd\\.com/.*", "endpoint": "http://www.scribd.com/services/oembed", "name": "Scribd", "format": 1}}, {"pk": 1, "model": "oembed.storedoembed", "fields": {"max_height": 240, "date_added": "2009-11-07 18:09:41", "html": "<embed src='http://www.youtube.com/v/dv9P5GhXmas&fs=1' allowfullscreen='true' type='application/x-shockwave-flash' wmode='transparent' width='425' height='344'></embed>", "max_width": 320, "match": "http://www.youtube.com/watch?v=dv9P5GhXmas"}}, {"pk": 2, "model": "oembed.storedoembed", "fields": {"max_height": 240, "date_added": "2009-11-07 18:09:43", "html": "<embed src='http://www.youtube.com/v/KtloBb33SZM&fs=1' allowfullscreen='true' type='application/x-shockwave-flash' wmode='transparent' width='425' height='344'></embed>", "max_width": 320, "match": "http://www.youtube.com/watch?v=KtloBb33SZM"}}, {"pk": 3, "model": "oembed.storedoembed", "fields": {"max_height": 240, "date_added": "2009-11-07 18:09:43", "html": "<embed src='http://www.youtube.com/v/bMUzQB0g0ww&fs=1' allowfullscreen='true' type='application/x-shockwave-flash' wmode='transparent' width='425' height='344'></embed>", "max_width": 320, "match": "http://www.youtube.com/watch?v=bMUzQB0g0ww"}}, {"pk": 4, "model": "oembed.storedoembed", "fields": {"max_height": 240, "date_added": "2009-11-07 21:29:47", "html": "<embed src='http://www.youtube.com/v/yCCw50jcWxc&fs=1' allowfullscreen='true' type='application/x-shockwave-flash' wmode='transparent' width='425' height='344'></embed>", "max_width": 320, "match": "http://www.youtube.com/watch?v=yCCw50jcWxc"}}, {"pk": 5, "model": "oembed.storedoembed", "fields": {"max_height": 240, "date_added": "2009-11-07 21:33:07", "html": "<object type=\"application/x-shockwave-flash\" width=\"320\" height=\"180\" data=\"http://vimeo.com/moogaloop.swf?clip_id=3793476&amp;server=vimeo.com&amp;fullscreen=1&amp;show_title=1&amp;show_byline=1&amp;show_portrait=1&amp;color=00ADEF\">\n\t<param name=\"quality\" value=\"best\" />\n\t<param name=\"allowfullscreen\" value=\"true\" />\n\t<param name=\"scale\" value=\"showAll\" />\n\t<param name=\"movie\" value=\"http://vimeo.com/moogaloop.swf?clip_id=3793476&amp;server=vimeo.com&amp;fullscreen=1&amp;show_title=1&amp;show_byline=1&amp;show_portrait=1&amp;color=00ADEF\" />\n</object>", "max_width": 320, "match": "http://vimeo.com/3793476"}}, {"pk": 6, "model": "oembed.storedoembed", "fields": {"max_height": 240, "date_added": "2009-11-07 21:33:09", "html": "<embed src='http://www.youtube.com/v/LijbpDExI3A&fs=1' allowfullscreen='true' type='application/x-shockwave-flash' wmode='transparent' width='425' height='344'></embed>", "max_width": 320, "match": "http://www.youtube.com/watch?v=LijbpDExI3A"}}, {"pk": 7, "model": "oembed.storedoembed", "fields": {"max_height": 600, "date_added": "2009-11-07 21:40:07", "html": "<object type=\"application/x-shockwave-flash\" width=\"600\" height=\"338\" data=\"http://vimeo.com/moogaloop.swf?clip_id=3793476&amp;server=vimeo.com&amp;fullscreen=1&amp;show_title=1&amp;show_byline=1&amp;show_portrait=1&amp;color=00ADEF\">\n\t<param name=\"quality\" value=\"best\" />\n\t<param name=\"allowfullscreen\" value=\"true\" />\n\t<param name=\"scale\" value=\"showAll\" />\n\t<param name=\"movie\" value=\"http://vimeo.com/moogaloop.swf?clip_id=3793476&amp;server=vimeo.com&amp;fullscreen=1&amp;show_title=1&amp;show_byline=1&amp;show_portrait=1&amp;color=00ADEF\" />\n</object>", "max_width": 600, "match": "http://vimeo.com/3793476"}}, {"pk": 8, "model": "oembed.storedoembed", "fields": {"max_height": 600, "date_added": "2009-11-07 21:40:08", "html": "<embed src='http://www.youtube.com/v/LijbpDExI3A&fs=1' allowfullscreen='true' type='application/x-shockwave-flash' wmode='transparent' width='425' height='344'></embed>", "max_width": 600, "match": "http://www.youtube.com/watch?v=LijbpDExI3A"}}, {"pk": 9, "model": "oembed.storedoembed", "fields": {"max_height": 600, "date_added": "2009-11-07 21:40:21", "html": "<embed src='http://www.youtube.com/v/dv9P5GhXmas&fs=1' allowfullscreen='true' type='application/x-shockwave-flash' wmode='transparent' width='425' height='344'></embed>", "max_width": 600, "match": "http://www.youtube.com/watch?v=dv9P5GhXmas"}}, {"pk": 10, "model": "oembed.storedoembed", "fields": {"max_height": 600, "date_added": "2009-11-07 21:40:22", "html": "<embed src='http://www.youtube.com/v/KtloBb33SZM&fs=1' allowfullscreen='true' type='application/x-shockwave-flash' wmode='transparent' width='425' height='344'></embed>", "max_width": 600, "match": "http://www.youtube.com/watch?v=KtloBb33SZM"}}, {"pk": 11, "model": "oembed.storedoembed", "fields": {"max_height": 600, "date_added": "2009-11-07 21:40:22", "html": "<embed src='http://www.youtube.com/v/bMUzQB0g0ww&fs=1' allowfullscreen='true' type='application/x-shockwave-flash' wmode='transparent' width='425' height='344'></embed>", "max_width": 600, "match": "http://www.youtube.com/watch?v=bMUzQB0g0ww"}}, {"pk": 159, "model": "data.data", "fields": {"description": "Something Andrea and I have been working on. It came from playing Neil Young's \"After The Goldrush\" over scary chords and singing it like a Halloween song. ", "posted_by": 3, "slug": "in-the-leaves-in-the-yard", "published": 1, "pub_date": "2009-08-23 13:57:54", "header_image": "", "name": "In The Leaves In The Yard"}}, {"pk": 158, "model": "data.data", "fields": {"description": "The idea has been kicking around for a while, and will probably end up in the 2nd half of The Cool Forthcoming Album That Isn't Finished. \"Please finish this song idea, other band members. I've lost my way,\" I said. \r\nMy cat Chewy (Chewie? I guess I've never had to write it) was licking my toes the entire time I was tracking this demo. \"Get outta here, fatso,\" I said. ", "posted_by": 4, "slug": "chewy-in-the-stars-i-let-you-in", "published": 1, "pub_date": "2009-08-13 17:33:30", "header_image": "", "name": "Chewy in the Stars / \"I Let You In\" "}}, {"pk": 157, "model": "data.data", "fields": {"description": "This is me and John K. having fun on his 8 track about a month ago. He did the drum programming and the keyboards and I played the bass and did some computery stuff. We listened to it recently and decided it might be a good starting point for a Twin Sister song, so who knows what will become of it. ", "posted_by": 4, "slug": "johnungle", "published": 1, "pub_date": "2009-08-13 17:30:29", "header_image": "", "name": "Johnungle"}}, {"pk": 155, "model": "data.data", "fields": {"description": "New demo of a new song. ", "posted_by": 3, "slug": "levon-and-chocolate-cake", "published": 1, "pub_date": "2009-06-18 22:19:56", "header_image": "", "name": "Levon and Chocolate Cake"}}, {"pk": 156, "model": "data.data", "fields": {"description": "Yesterday, after giving chocolate covered strawberries to my two favorite celebs, Tracy Morgan and Bruce Willis, I just felt inspired to finish this idea we've had. Bryan and I started tracking. Today, Bryan gets a concussion / promotion at work, and weaving through his stuttering, slightly damaged thoughts is breaking news of Michael Jackson's death.  After Thriller and seeing people dance in front of the Apollo, we turned our thoughts to Japan and here you go. ", "posted_by": 3, "slug": "kimmi-in-a-rice-field", "published": 1, "pub_date": "2009-06-26 00:10:41", "header_image": "", "name": "Kimmi In A Rice Field"}}, {"pk": 154, "model": "data.data", "fields": {"description": "Bryan and I did this today while we were messing around with the Purchase drum samples for a couple of hours", "posted_by": 5, "slug": "sunday", "published": 1, "pub_date": "2009-05-18 00:43:17", "header_image": "", "name": "Sunday"}}, {"pk": 208, "model": "data.data", "fields": {"description": "<p>http://vimeo.com/3793476</p><p><a href=\"http://www.thepopguru.com/\">The Popular Guru</a> shot and edited this really nice video of us playing at the Lit Lounge a couple of weeks ago.  He's also put up <a href=\"http://www.flickr.com/photos/thepopguru/sets/72157615003571151/\">some photos on Flickr</a> that are worth a look.  First, pretty photos, and now pretty videos.  Lexis, we owe you a drink dude.</p>", "posted_by": 5, "slug": "live-video-photos-lit-lounge", "published": 1, "pub_date": "2009-03-23 22:26:11", "header_image": "", "name": "Live Video + Photos from the Lit Lounge"}}, {"pk": 152, "model": "data.data", "fields": {"description": "If Luna were a character on Twin Peaks, maybe this would be her theme music. ", "posted_by": 4, "slug": "luna-s-theme-music", "published": 1, "pub_date": "2009-05-03 23:26:15", "header_image": "", "name": "Luna's Theme Music"}}, {"pk": 153, "model": "data.data", "fields": {"description": "Also with Camera Head Shark and Psycho Rainbow, who were nice enough to record a big portion of our set that night. Tracks are Milk and Honey, Nectarine (Forest Cowboy version), I Want A House, and Daniel. Picture Andrea holding two beers during Daniel, because she was!", "posted_by": 3, "slug": "april-9th-lit-lounge", "published": 1, "pub_date": "2009-05-18 12:33:39", "header_image": "", "name": "April 9th @ Lit Lounge"}}, {"pk": 148, "model": "data.data", "fields": {"description": "The title explains the key images evoked in the song. ", "posted_by": 4, "slug": "space-babe-rainforest-gruve", "published": 1, "pub_date": "2009-05-03 16:46:20", "header_image": "", "name": "Space Babe/Rainforest Gr\u00fcve"}}, {"pk": 149, "model": "data.data", "fields": {"description": "Andrea and I singing this old folk song the way Nick Drake did with his sister. ", "posted_by": 3, "slug": "all-my-trials", "published": 1, "pub_date": "2009-05-17 23:32:08", "header_image": "", "name": "All My Trials"}}, {"pk": 150, "model": "data.data", "fields": {"description": "Another song that started on the Casio (not to be confused with Andrea's Yamaha,  which is all over the EP and in many demos). This one will be in the Twin Sister live rotation as soon as our word-writers get around to it. ", "posted_by": 4, "slug": "sister-smoke", "published": 1, "pub_date": "2009-05-03 17:30:46", "header_image": "", "name": "Sister Smoke"}}, {"pk": 143, "model": "data.data", "fields": {"description": "", "posted_by": 5, "slug": "digital-hate", "published": 0, "pub_date": "2009-04-09 09:03:15", "header_image": "", "name": "Digital Hate"}}, {"pk": 144, "model": "data.data", "fields": {"description": "", "posted_by": 5, "slug": "it-s-raining", "published": 0, "pub_date": "2009-04-09 09:03:58", "header_image": "", "name": "it's raining!"}}, {"pk": 145, "model": "data.data", "fields": {"description": "", "posted_by": 5, "slug": "poet", "published": 0, "pub_date": "2009-04-09 09:04:40", "header_image": "", "name": "Poet"}}, {"pk": 146, "model": "data.data", "fields": {"description": "", "posted_by": 5, "slug": "twin-sister-the-song", "published": 0, "pub_date": "2009-04-09 09:05:23", "header_image": "", "name": "Twin Sister (the song!)"}}, {"pk": 147, "model": "data.data", "fields": {"description": "Some version of this may end up on the record, but we've been playing it very differently when we play it. ", "posted_by": 3, "slug": "untitled", "published": 1, "pub_date": "2009-04-21 17:36:00", "header_image": "", "name": "Untitled"}}, {"pk": 137, "model": "data.data", "fields": {"description": "", "posted_by": 5, "slug": "bubble-17", "published": 0, "pub_date": "2009-04-09 08:58:59", "header_image": "", "name": "Bubble #17"}}, {"pk": 138, "model": "data.data", "fields": {"description": "", "posted_by": 5, "slug": "bubble-18", "published": 0, "pub_date": "2009-04-09 08:59:28", "header_image": "", "name": "Bubble #18"}}, {"pk": 139, "model": "data.data", "fields": {"description": "", "posted_by": 5, "slug": "bubble-19", "published": 0, "pub_date": "2009-04-09 09:00:15", "header_image": "", "name": "Bubble #19"}}, {"pk": 140, "model": "data.data", "fields": {"description": "", "posted_by": 5, "slug": "bubble-20", "published": 0, "pub_date": "2009-04-09 09:00:45", "header_image": "", "name": "Bubble #20"}}, {"pk": 141, "model": "data.data", "fields": {"description": "", "posted_by": 5, "slug": "bubble-21", "published": 0, "pub_date": "2009-04-09 09:01:38", "header_image": "", "name": "Bubble #21"}}, {"pk": 142, "model": "data.data", "fields": {"description": "", "posted_by": 5, "slug": "ave-isobelle", "published": 0, "pub_date": "2009-04-09 09:02:22", "header_image": "", "name": "Ave Isobelle"}}, {"pk": 136, "model": "data.data", "fields": {"description": "", "posted_by": 5, "slug": "bubble-16", "published": 0, "pub_date": "2009-04-09 08:58:25", "header_image": "", "name": "Bubble #16"}}, {"pk": 135, "model": "data.data", "fields": {"description": "", "posted_by": 5, "slug": "bubble-15", "published": 0, "pub_date": "2009-04-09 08:57:46", "header_image": "", "name": "Bubble #15"}}, {"pk": 134, "model": "data.data", "fields": {"description": "", "posted_by": 5, "slug": "bubble-14", "published": 0, "pub_date": "2009-04-09 08:57:14", "header_image": "", "name": "Bubble #14"}}, {"pk": 132, "model": "data.data", "fields": {"description": "", "posted_by": 5, "slug": "bubble-10", "published": 0, "pub_date": "2009-04-09 08:55:59", "header_image": "", "name": "Bubble #10"}}, {"pk": 133, "model": "data.data", "fields": {"description": "", "posted_by": 5, "slug": "bubble-13", "published": 0, "pub_date": "2009-04-09 08:56:32", "header_image": "", "name": "Bubble #13"}}, {"pk": 128, "model": "data.data", "fields": {"description": "", "posted_by": 5, "slug": "bubble-6", "published": 0, "pub_date": "2009-04-09 08:53:03", "header_image": "", "name": "Bubble #6"}}, {"pk": 129, "model": "data.data", "fields": {"description": "", "posted_by": 5, "slug": "bubble-7", "published": 0, "pub_date": "2009-04-09 08:53:54", "header_image": "", "name": "Bubble #7"}}, {"pk": 130, "model": "data.data", "fields": {"description": "", "posted_by": 5, "slug": "bubble-8", "published": 0, "pub_date": "2009-04-09 08:54:50", "header_image": "", "name": "Bubble #8"}}, {"pk": 131, "model": "data.data", "fields": {"description": "", "posted_by": 5, "slug": "bubble-9", "published": 0, "pub_date": "2009-04-09 08:55:22", "header_image": "", "name": "Bubble #9"}}, {"pk": 125, "model": "data.data", "fields": {"description": "", "posted_by": 5, "slug": "bubble-1", "published": 0, "pub_date": "2009-04-09 08:34:55", "header_image": "", "name": "Bubble #1"}}, {"pk": 126, "model": "data.data", "fields": {"description": "", "posted_by": 5, "slug": "bubble-3", "published": 0, "pub_date": "2009-04-09 08:36:09", "header_image": "", "name": "Bubble #3"}}, {"pk": 127, "model": "data.data", "fields": {"description": "", "posted_by": 5, "slug": "bubble-5", "published": 0, "pub_date": "2009-04-09 08:50:33", "header_image": "", "name": "Bubble #5"}}, {"pk": 122, "model": "data.data", "fields": {"description": "", "posted_by": 5, "slug": "alarm-1", "published": 1, "pub_date": "2009-03-24 23:43:43", "header_image": "", "name": "Alarm 1"}}, {"pk": 123, "model": "data.data", "fields": {"description": "The first inklings of a new idea.  It's called Filmi for now because part of the song is based on an Indian film song by RD Burman from the 70s. ", "posted_by": 5, "slug": "filmi", "published": 1, "pub_date": "2009-03-30 20:59:36", "header_image": "", "name": "Filmi"}}, {"pk": 124, "model": "data.data", "fields": {"description": "", "posted_by": 5, "slug": "quiet-one", "published": 1, "pub_date": "2009-03-31 22:37:29", "header_image": "", "name": "Quiet One"}}, {"pk": 121, "model": "data.data", "fields": {"description": "", "posted_by": 5, "slug": "twin-sisters", "published": 1, "pub_date": "2009-03-24 23:35:17", "header_image": "", "name": "Twin Sisters"}}, {"pk": 119, "model": "data.data", "fields": {"description": "Bryan wrote and recorded a new idea!", "posted_by": 5, "slug": "no-sleep", "published": 1, "pub_date": "2009-03-17 17:30:49", "header_image": "", "name": "No Sleep"}}, {"pk": 120, "model": "data.data", "fields": {"description": "", "posted_by": 5, "slug": "old-nectarine", "published": 1, "pub_date": "2009-03-24 23:26:11", "header_image": "", "name": "Old Nectarine"}}, {"pk": 118, "model": "data.data", "fields": {"description": "Eric and Bryan recorded a new idea.  It sounds like a sister song to \"Synth Jam.\"", "posted_by": 5, "slug": "smoke", "published": 1, "pub_date": "2009-03-09 19:41:54", "header_image": "", "name": "Smoke"}}, {"pk": 117, "model": "data.data", "fields": {"description": "We just figured out how to play this tonight.", "posted_by": 5, "slug": "all-around-and-away-we-go-2nd-demo", "published": 1, "pub_date": "2009-02-09 00:50:26", "header_image": "", "name": "All Around and Away We Go (2nd Demo)"}}, {"pk": 115, "model": "data.data", "fields": {"description": "", "posted_by": 5, "slug": "dry-hump", "published": 0, "pub_date": "2009-01-26 10:29:39", "header_image": "", "name": "Dry Hump"}}, {"pk": 116, "model": "data.data", "fields": {"description": "", "posted_by": 5, "slug": "aquarellas1", "published": 0, "pub_date": "2009-01-26 10:30:16", "header_image": "", "name": "Aquarellas"}}, {"pk": 114, "model": "data.data", "fields": {"description": "Gabe, Bryan, Eric, and I practiced together for the first time in months.  Even though Andrea wasn't around we managed to work on a lot.  The following recording is an excerpt from our space jam for the day.  I lost my space jam virginity.  It was special, intense, and over too soon.", "posted_by": 5, "slug": "space-jam-12-22-08", "published": 1, "pub_date": "2008-12-23 01:30:01", "header_image": "", "name": "Space Jam (12/22/08)"}}, {"pk": 113, "model": "data.data", "fields": {"description": "I was really sick when I sang this, apologies.  This one sounds really fun when we play it together.", "posted_by": 5, "slug": "new-suit1", "published": 1, "pub_date": "2008-12-27 04:22:37", "header_image": "", "name": "New Suit"}}, {"pk": 112, "model": "data.data", "fields": {"description": "I recorded and wrote this in an hour or so after I got this sweet new Moog softsynth.  It's pretty obvious that I'm really excited about new keyboard sounds in this song.  It's a little goofy, but it was fun.", "posted_by": 5, "slug": "body-feels-strong", "published": 1, "pub_date": "2008-12-10 21:48:33", "header_image": "", "name": "Body Feels Strong"}}, {"pk": 110, "model": "data.data", "fields": {"description": "", "posted_by": 5, "slug": "i-want-a-house1", "published": 0, "pub_date": "2009-01-26 10:28:25", "header_image": "", "name": "I Want a House"}}, {"pk": 111, "model": "data.data", "fields": {"description": "The white bread version of \"All Around and Away We Go\". Just finished it now. ", "posted_by": 3, "slug": "white-bread", "published": 1, "pub_date": "2008-12-08 23:29:55", "header_image": "", "name": "White Bread"}}, {"pk": 108, "model": "data.data", "fields": {"description": "", "posted_by": 5, "slug": "other-side-of-your-face", "published": 0, "pub_date": "2009-01-26 10:26:44", "header_image": "", "name": "Other Side of Your Face"}}, {"pk": 109, "model": "data.data", "fields": {"description": "", "posted_by": 5, "slug": "new-suit", "published": 0, "pub_date": "2009-01-26 10:27:40", "header_image": "", "name": "New Suit"}}, {"pk": 107, "model": "data.data", "fields": {"description": "Two years ago when I got this computer and recorded this song, I had recorded myself testing keyboard sounds after the track for about 7 minutes on accident.  I don't remember when or how the decision was made to build around that. You really ought to use headphones, it's much much better I think. I mixed the song a tad different too. ", "posted_by": 3, "slug": "dry-hump-extended-version", "published": 1, "pub_date": "2008-12-19 21:13:28", "header_image": "", "name": "Dry Hump (Extended Version)"}}, {"pk": 106, "model": "data.data", "fields": {"description": "<p>I don't know why this is called \"#6\". It's been named that way since I first recorded it. This melody has been through a couple different incarnations, including a more upbeat girl-group esque version. Feeling cramped as in that style, here it is as a lulled instrumental. It may stay this way, just cleaned up and re-tracked and everything. </p>", "posted_by": 3, "slug": "6-demo", "published": 1, "pub_date": "2008-12-08 14:11:02", "header_image": "", "name": "#6 (demo)"}}, {"pk": 105, "model": "data.data", "fields": {"description": "In the summer of 2008 Eric and I began to experiment with guitar/keyboard loops.  One day, we had a loop I had made repeating in the room next to us and Eric noticed a simple kick and snare beat that could work.  After tracking drums and some bass, I then added a delayed keyboard track as well as an electric guitar track.  The title is taken from a song Udbhav had recorded about three years ago called \"We Are Five.\"  For our upcoming full length album, we intend on re-tracking this and using the lead vocal part of \"We Are Five\" to create (we are seven?)  I don't know.  Either way, here it is!", "posted_by": 2, "slug": "we-are-two", "published": 1, "pub_date": "2008-12-07 14:16:31", "header_image": "", "name": "We Are Two"}}, {"pk": 104, "model": "data.data", "fields": {"description": "Here is another one we have been working on for our shows coming up. This will be re-recorded with vocals soon. The bass was actually a separate song with the solo melody as the vocal melody, so we separated that and then put it together with an older song I had written. ", "posted_by": 3, "slug": "la-la-ya1", "published": 0, "pub_date": "2008-12-30 18:08:14", "header_image": "", "name": "La la ya"}}, {"pk": 102, "model": "data.data", "fields": {"description": "", "posted_by": 5, "slug": "la-la-ya", "published": 1, "pub_date": "2009-01-26 10:29:00", "header_image": "", "name": "La La Ya"}}, {"pk": 103, "model": "data.data", "fields": {"description": "Since we started updating the site I've been waiting for Gabe to put up this amazing idea.  He hasn't joined in on the fun yet, so I'm putting it up for him.  We've been working on this one quite a bit at practice, it's going to be a jam!", "posted_by": 5, "slug": "synth-jam", "published": 1, "pub_date": "2008-12-27 04:35:47", "header_image": "", "name": "Synth Jam"}}, {"pk": 100, "model": "data.data", "fields": {"description": "", "posted_by": 5, "slug": "aquarellas", "published": 0, "pub_date": "2008-12-05 18:44:41", "header_image": "", "name": "Aquarellas"}}, {"pk": 101, "model": "data.data", "fields": {"description": "This here is a new song Andrea and I wrote about two months ago. This recording happened quickly, as it's only bass drums and some keyboards added by Bryan and Dev. There is a good chance a final version of this one will end up a B side to a single we'd like to release after the new year. ", "posted_by": 3, "slug": "all-around-and-away-we-go-demo", "published": 1, "pub_date": "2008-12-06 17:02:55", "header_image": "", "name": "All Around And Away We Go (demo)"}}, {"pk": 96, "model": "data.data", "fields": {"description": "", "posted_by": 5, "slug": "daniel", "published": 0, "pub_date": "2008-12-05 11:49:55", "header_image": "", "name": "Daniel"}}, {"pk": 97, "model": "data.data", "fields": {"description": "", "posted_by": 5, "slug": "great-girl", "published": 0, "pub_date": "2008-12-05 11:52:53", "header_image": "", "name": "Great Girl"}}, {"pk": 98, "model": "data.data", "fields": {"description": "", "posted_by": 5, "slug": "i-want-a-house", "published": 0, "pub_date": "2008-12-05 11:57:41", "header_image": "", "name": "I Want a House"}}, {"pk": 99, "model": "data.data", "fields": {"description": "", "posted_by": 5, "slug": "be-kind-to-your-conscience", "published": 0, "pub_date": "2008-12-05 12:00:35", "header_image": "", "name": "Be Kind to Your Conscience"}}, {"pk": 94, "model": "data.data", "fields": {"description": "", "posted_by": 5, "slug": "nectarine", "published": 0, "pub_date": "2008-12-05 11:43:29", "header_image": "", "name": "Nectarine"}}, {"pk": 95, "model": "data.data", "fields": {"description": "", "posted_by": 5, "slug": "we-are-four", "published": 0, "pub_date": "2008-12-05 11:45:42", "header_image": "", "name": "We Are Four"}}, {"pk": 160, "model": "data.data", "fields": {"description": "This is a very old song that Andrea wrote a few years ago. Just picture her singing it. Another contender for \"Cool Forthcoming Album That Isn't Finished Yet\".", "posted_by": 3, "slug": "compromise-with-a-gypsy", "published": 1, "pub_date": "2009-08-23 19:42:58", "header_image": "", "name": "Compromise With A Gypsy"}}, {"pk": 161, "model": "data.data", "fields": {"description": "An older and nicer sounding demo of this is posted already-but here it is with lyrics!", "posted_by": 3, "slug": "stiff-igloos", "published": 1, "pub_date": "2009-08-23 19:46:50", "header_image": "", "name": "Stiff Igloos"}}, {"pk": 162, "model": "data.data", "fields": {"description": "Recorded on a cassette by Eric.  He was smart enough to use a 45 min per side tape this time, so we have the whole set.", "posted_by": 5, "slug": "suny-purchase-012309", "published": 1, "pub_date": "2009-01-26 10:26:10", "header_image": "", "name": "SUNY Purchase (01/23/09)"}}, {"pk": 163, "model": "data.data", "fields": {"description": "We played this show in our man band formation.", "posted_by": 5, "slug": "live-silent-barn-072108", "published": 1, "pub_date": "2008-12-05 12:02:02", "header_image": "", "name": "Live at the Silent Barn (07/21/08)"}}, {"pk": 164, "model": "data.data", "fields": {"description": "", "posted_by": 3, "slug": "idea-bubbles-2005-2007", "published": 1, "pub_date": "2009-04-09 08:29:35", "header_image": "", "name": "Idea Bubbles 2005-2007"}}, {"pk": 201, "model": "data.data", "fields": {"description": "<p>Bubby waits around near the door for Twin Sister's new EP</p><p>http://www.youtube.com/watch?v=dv9P5GhXmas</p>", "posted_by": 11, "slug": "ep-promo-3", "published": 1, "pub_date": "2009-10-25 21:22:27", "header_image": "", "name": "EP Promo #3"}}, {"pk": 191, "model": "data.data", "fields": {"description": "", "posted_by": 5, "slug": "silent-barn", "published": 1, "pub_date": "2009-09-24 20:00:00", "header_image": "", "name": "Silent Barn"}}, {"pk": 190, "model": "data.data", "fields": {"description": "", "posted_by": 5, "slug": "haverford-college", "published": 1, "pub_date": "2009-10-01 19:00:00", "header_image": "", "name": "Haverford College"}}, {"pk": 188, "model": "data.data", "fields": {"description": "", "posted_by": 5, "slug": "lulu-s-village-pub", "published": 1, "pub_date": "2009-05-01 20:00:00", "header_image": "", "name": "Lulu's Village Pub"}}, {"pk": 189, "model": "data.data", "fields": {"description": "", "posted_by": 5, "slug": "suny-purchase", "published": 1, "pub_date": "2009-09-15 19:00:00", "header_image": "", "name": "SUNY Purchase"}}, {"pk": 187, "model": "data.data", "fields": {"description": "", "posted_by": 5, "slug": "lit-lounge1", "published": 1, "pub_date": "2009-04-09 20:30:00", "header_image": "", "name": "Lit Lounge"}}, {"pk": 186, "model": "data.data", "fields": {"description": "", "posted_by": 5, "slug": "data-dog-record-release-show", "published": 1, "pub_date": "2009-04-04 19:00:00", "header_image": "", "name": "Data Dog Record Release Show!"}}, {"pk": 181, "model": "data.data", "fields": {"description": "", "posted_by": 5, "slug": "superfine1", "published": 1, "pub_date": "2009-01-09 14:53:20", "header_image": "uploads/images/superfine_flyer.jpg", "name": "Superfine"}}, {"pk": 182, "model": "data.data", "fields": {"description": "", "posted_by": 5, "slug": "the-stood-at-suny-purchase", "published": 1, "pub_date": "2009-01-23 20:00:00", "header_image": "", "name": "The Stood at SUNY Purchase"}}, {"pk": 183, "model": "data.data", "fields": {"description": "", "posted_by": 5, "slug": "death-by-audio", "published": 1, "pub_date": "2009-01-23 00:43:02", "header_image": "uploads/images/twinsisterxf5.jpg", "name": "Death By Audio"}}, {"pk": 184, "model": "data.data", "fields": {"description": "", "posted_by": 5, "slug": "lit-lounge", "published": 1, "pub_date": "2009-03-07 20:00:00", "header_image": "", "name": "Lit Lounge"}}, {"pk": 185, "model": "data.data", "fields": {"description": "", "posted_by": 5, "slug": "the-stood-suny-purchase", "published": 1, "pub_date": "2009-02-25 20:30:00", "header_image": "", "name": "The Stood (SUNY Purchase)"}}, {"pk": 193, "model": "data.data", "fields": {"description": "", "posted_by": 5, "slug": "george-and-andrea-s-halloween-party", "published": 1, "pub_date": "2009-10-01 19:00:00", "header_image": "", "name": "George and Andrea's Halloween Party"}}, {"pk": 194, "model": "data.data", "fields": {"description": "", "posted_by": 5, "slug": "once-and-for-all", "published": 1, "pub_date": "2009-10-02 20:00:00", "header_image": "", "name": "Once and For All"}}, {"pk": 195, "model": "data.data", "fields": {"description": "", "posted_by": 5, "slug": "bruar-falls", "published": 1, "pub_date": "2009-09-25 20:00:00", "header_image": "", "name": "Bruar Falls"}}, {"pk": 196, "model": "data.data", "fields": {"description": "", "posted_by": 5, "slug": "dry-hump-ep", "published": 0, "pub_date": "2009-11-01 16:49:11", "header_image": "", "name": "Dry Hump"}}, {"pk": 197, "model": "data.data", "fields": {"description": "", "posted_by": 5, "slug": "ginger-ep", "published": 0, "pub_date": "2008-11-06 16:49:11", "header_image": "", "name": "Ginger"}}, {"pk": 198, "model": "data.data", "fields": {"description": "", "posted_by": 5, "slug": "nectarine-ep", "published": 0, "pub_date": "2008-11-06 16:49:11", "header_image": "", "name": "Nectarine"}}, {"pk": 199, "model": "data.data", "fields": {"description": "", "posted_by": 5, "slug": "i-want-house-ep", "published": 0, "pub_date": "2009-10-06 16:49:11", "header_image": "", "name": "I Want A House"}}, {"pk": 202, "model": "data.data", "fields": {"description": "<p>Last song as a 19 year old.&#160; Dedicated to the reed organ.</p>", "posted_by": 3, "slug": "teen-quickie", "published": 1, "pub_date": "2009-10-23 23:47:05", "header_image": "", "name": "Teen Quickie"}}, {"pk": 203, "model": "data.data", "fields": {"description": "<p>They're not new Twin Sister songs, but come on, we're not the only band on earth.</p><p>The mix attached here is mostly nice and slow, and unless I'm forgetting someone, it only has one male voice on it. It just happened that way. </p><p>It's dedicated to the hair styles pioneered by the Cocteau Twins. It doesn't have much to do with October.</p><p><a href=\"http://www.mediafire.com/?g2tlhym4ygd\">Download!</a></p>", "posted_by": 4, "slug": "mix-october", "published": 1, "pub_date": "2009-10-23 21:29:35", "header_image": "uploads/images/url.jpg", "name": "A Mix For October"}}, {"pk": 207, "model": "data.data", "fields": {"description": "http://www.youtube.com/watch?v=yCCw50jcWxc", "posted_by": 1, "slug": "space-babe-video", "published": 1, "pub_date": "2009-05-19 16:13:40", "header_image": "", "name": "Space Babe: The Video"}}, {"pk": 204, "model": "data.data", "fields": {"description": "<p>We're still working on our second EP. We want to get it done as soon as possible so that everyone can hear it. We're tracking vocals in about two weeks. Until we get everything in order, here are two \"teasers\" : </p><p>http://www.youtube.com/watch?v=KtloBb33SZM</p><p>If you enjoy images of cats and Andrea but only have 38 seconds, enjoy this one: </p><p>http://www.youtube.com/watch?v=bMUzQB0g0ww</p>", "posted_by": 4, "slug": "intimate-portrait", "published": 1, "pub_date": "2009-10-23 20:49:44", "header_image": "", "name": "An Intimate Portrait"}}, {"pk": 205, "model": "data.data", "fields": {"description": "<p>\"The Other Side of Your Face\" and \"You Still Know Me By Name\" are,\r\nmaybe, 60% recorded, along with \"Milk and Honey\" and \"All Around and\r\nAway We Go\". In case you couldn't hear on the recording, the name of\r\nthe new EP is \"Aquarellas\".</p>", "posted_by": 3, "slug": "other-side-your-face-daniel-you-still-know-me-name", "published": 1, "pub_date": "2009-10-17 14:15:39", "header_image": "", "name": "The Other Side of Your Face, Daniel, You Still Know Me By Name"}}, {"pk": 206, "model": "data.data", "fields": {"description": "<p>Here is Milk and Honey and Ginger from our set at Bruar Falls on\r\nOctober 15th. If I do this correctly, the rest of the set should be\r\nposted in two's just like this in newer entries.</p>", "posted_by": 3, "slug": "milk-and-honey-ginger", "published": 1, "pub_date": "2009-10-17 13:49:17", "header_image": "", "name": "Milk and Honey, Ginger"}}, {"pk": 209, "model": "data.data", "fields": {"description": "<a href=\"http://saidthegramophone.com\">Said the Gramophone</a>, one of my personal favorite music blogs, said some really nice things about our music on Monday.  You can read Sean's reactions to our music <a href=\"http://www.saidthegramophone.com/archives/twin_sister.php\">right here</a>.  The above image, is a screencap of our site traffic statistics the day after the writeup.  Pretty ridiculous.", "posted_by": 5, "slug": "write-said-gramophone", "published": 1, "pub_date": "2009-03-04 17:01:39", "header_image": "uploads/images/Screenshot-1.png", "name": "Write up at Said the Gramophone"}}, {"pk": 210, "model": "data.data", "fields": {"description": "<p>shot by MIKE LUCIANO</p>http://www.youtube.com/watch?v=LijbpDExI3A", "posted_by": 4, "slug": "milk-honey-dba-2209", "published": 1, "pub_date": "2009-02-21 22:50:55", "header_image": "", "name": "\"Milk & Honey\" @ DBA 2.2.09"}}, {"pk": 211, "model": "data.data", "fields": {"description": "<p>Dude over at <a href=\"http://cigarettediaries.com/\">Cigarette Diaries</a> said some nice things about our Death by Audio show, and took pictures.  <a href=\"http://cigarettediaries.blogspot.com/2009/02/to-twin-sister.html\">Go read it!</a></p>", "posted_by": 5, "slug": "write-and-photos-cigarette-diaries", "published": 1, "pub_date": "2009-02-06 14:36:21", "header_image": "uploads/images/guitar_02.jpg", "name": "Write up and Photos at Cigarette Diaries"}}, {"pk": 212, "model": "data.data", "fields": {"description": "<p>Our first EP.</p>", "posted_by": 5, "slug": "vampires-dreaming-kids", "published": 1, "pub_date": "2008-11-07 21:40:05", "header_image": "uploads/images/ep_cover.jpg", "name": "Vampires with Dreaming Kids"}}, {"pk": 213, "model": "data.data", "fields": {"description": "", "posted_by": 5, "slug": "vampires-dreaming-kids-gallery", "published": 1, "pub_date": "2008-11-07 21:58:01", "header_image": "", "name": "Vampires with Dreaming Kids"}}, {"pk": 214, "model": "data.data", "fields": {"description": "", "posted_by": 5, "slug": "show-flyers", "published": 1, "pub_date": "2009-07-07 22:01:28", "header_image": "", "name": "Show Flyers"}}, {"pk": 1, "model": "people.person", "fields": {"url": "", "name": "Andrea Estella", "email": ""}}, {"pk": 2, "model": "people.person", "fields": {"url": "", "name": "Bryan Ujueta", "email": ""}}, {"pk": 9, "model": "people.person", "fields": {"url": "", "name": "Casio CTK-150", "email": ""}}, {"pk": 7, "model": "people.person", "fields": {"url": "http://www.myspace.com/ponyguts", "name": "Dena Zilber", "email": ""}}, {"pk": 3, "model": "people.person", "fields": {"url": "", "name": "Eric Cardona", "email": ""}}, {"pk": 4, "model": "people.person", "fields": {"url": "", "name": "Gabel D'Amico", "email": ""}}, {"pk": 13, "model": "people.person", "fields": {"url": "", "name": "gohng", "email": ""}}, {"pk": 11, "model": "people.person", "fields": {"url": "", "name": "Luna", "email": ""}}, {"pk": 6, "model": "people.person", "fields": {"url": "http://cigarettediaries.com/", "name": "The Popular Guru", "email": ""}}, {"pk": 12, "model": "people.person", "fields": {"url": "", "name": "Traditional", "email": ""}}, {"pk": 5, "model": "people.person", "fields": {"url": "", "name": "Udbhav Gupta", "email": ""}}, {"pk": 30, "model": "people.band", "fields": {"url": "http://www.myspace.com/avalunaband", "name": "Ava Luna", "members": []}}, {"pk": 25, "model": "people.band", "fields": {"url": "http://myspace.com/battleaveteaclub", "name": "Battle Ave Tea Club", "members": []}}, {"pk": 22, "model": "people.band", "fields": {"url": "", "name": "Bodies", "members": []}}, {"pk": 3, "model": "people.band", "fields": {"url": "http://cameraheadshark.com/", "name": "Camera-Head Shark", "members": []}}, {"pk": 29, "model": "people.band", "fields": {"url": "http://www.myspace.com/cloudproductions", "name": "Cloud.", "members": []}}, {"pk": 28, "model": "people.band", "fields": {"url": "http://www.myspace.com/dangerousponies", "name": "Dangerous Ponies", "members": []}}, {"pk": 10, "model": "people.band", "fields": {"url": "http://www.myspace.com/datadogmusic", "name": "Data Dog", "members": []}}, {"pk": 19, "model": "people.band", "fields": {"url": "http://www.myspace.com/newyorkdrain", "name": "Drain You", "members": []}}, {"pk": 26, "model": "people.band", "fields": {"url": "http://www.myspace.com/johnksongs", "name": "gohng", "members": []}}, {"pk": 15, "model": "people.band", "fields": {"url": "http://www.myspace.com/hornyvamp", "name": "Horny Vampyre", "members": []}}, {"pk": 20, "model": "people.band", "fields": {"url": "", "name": "Jesse Cooper Levy", "members": []}}, {"pk": 31, "model": "people.band", "fields": {"url": "http://www.myspace.com/kcquilty", "name": "KC Quilty", "members": []}}, {"pk": 8, "model": "people.band", "fields": {"url": "http://www.myspace.com/mrkylegilbride", "name": "Kyle Gilbride", "members": []}}, {"pk": 11, "model": "people.band", "fields": {"url": "http://www.myspace.com/lerug", "name": "Le Rug", "members": []}}, {"pk": 7, "model": "people.band", "fields": {"url": "http://www.myspace.com/lightningpawmusic", "name": "Lightning Paw", "members": []}}, {"pk": 32, "model": "people.band", "fields": {"url": "http://www.myspace.com/lostboy", "name": "Lost Boy", "members": []}}, {"pk": 17, "model": "people.band", "fields": {"url": "", "name": "Michael Jordan", "members": []}}, {"pk": 16, "model": "people.band", "fields": {"url": "", "name": "Pat King and His Beastiality Complex", "members": []}}, {"pk": 27, "model": "people.band", "fields": {"url": "http://www.myspace.com/postpostmusic", "name": "Post Post", "members": []}}, {"pk": 24, "model": "people.band", "fields": {"url": "http://myspace.com/letsrockthebeach", "name": "Real Estate", "members": []}}, {"pk": 34, "model": "people.band", "fields": {"url": "http://www.myspace.com/samrosen", "name": "Sam Buck Rosen", "members": []}}, {"pk": 18, "model": "people.band", "fields": {"url": "http://www.myspace.com/screwedagainhc", "name": "Screwed Again!", "members": []}}, {"pk": 21, "model": "people.band", "fields": {"url": "http://www.myspace.com/slowestrunnerinalltheworld", "name": "Slowest Runner", "members": []}}, {"pk": 9, "model": "people.band", "fields": {"url": "http://www.myspace.com/genuineimitations", "name": "The Genuine Imitations", "members": []}}, {"pk": 13, "model": "people.band", "fields": {"url": "", "name": "The Jurks", "members": []}}, {"pk": 2, "model": "people.band", "fields": {"url": "http://thekitchencabinet.net/", "name": "The Kitchen Cabinet", "members": []}}, {"pk": 14, "model": "people.band", "fields": {"url": "", "name": "The Shakes", "members": []}}, {"pk": 4, "model": "people.band", "fields": {"url": "http://www.myspace.com/theterrorpigeondancerevolt", "name": "The Terror Pigeon Dance Revolt", "members": []}}, {"pk": 1, "model": "people.band", "fields": {"url": "http://twinsistermusic.com/", "name": "Twin Sister", "members": [1, 2, 3, 4, 5]}}, {"pk": 33, "model": "people.band", "fields": {"url": "http://www.whitehinterland.com/", "name": "White Hinterland", "members": []}}, {"pk": 23, "model": "people.band", "fields": {"url": "http://myspace.com/woodsfamilyband", "name": "Woods", "members": []}}, {"pk": 12, "model": "people.band", "fields": {"url": "http://www.myspace.com/zonamexicana", "name": "Zona Mexicana", "members": []}}, {"pk": 1, "model": "events.venue", "fields": {"name": "Superfine", "address": "126 Front Street, Brooklyn, NY"}}, {"pk": 3, "model": "events.venue", "fields": {"name": "Death By Audio", "address": "49 South 2nd Street, Brooklyn, NY"}}, {"pk": 7, "model": "events.venue", "fields": {"name": "Lit Lounge", "address": "93 2nd Ave. New York, NY"}}, {"pk": 8, "model": "events.venue", "fields": {"name": "Lulu's Village Pub", "address": "1509 Main Street, Port Jefferson, NY 11777"}}, {"pk": 9, "model": "events.venue", "fields": {"name": "SUNY Purchase", "address": "735 Anderson Hill Rd, Purchase, NY"}}, {"pk": 10, "model": "events.venue", "fields": {"name": "Bruar Falls", "address": "245 Grand St Brooklyn, NY 11211"}}, {"pk": 11, "model": "events.venue", "fields": {"name": "Silent Barn", "address": "9-15 Wyckoff Ave, Queens, NY"}}, {"pk": 12, "model": "events.venue", "fields": {"name": "The Clipper City Sailboat", "address": "Pier 17 Southstreet Seaport, New York, New York"}}, {"pk": 13, "model": "events.venue", "fields": {"name": "Once and For All", "address": "8 E. Main Street, Patchogue, New York 11772"}}, {"pk": 14, "model": "events.venue", "fields": {"name": "George's Backyard", "address": "29 Norton St, Patchogue, New York 11772"}}, {"pk": 15, "model": "events.venue", "fields": {"name": "Haverford College", "address": "794 College Ave, Haverford, PA"}}, {"pk": 181, "model": "events.show", "fields": {"bands": [], "show_date": "2009-01-14 19:00:00", "venue": 1, "cost": "Free"}}, {"pk": 182, "model": "events.show", "fields": {"bands": [10, 19, 15, 20, 8, 11, 7, 17, 16, 18, 9, 13, 14, 4, 12], "show_date": "2009-01-23 20:00:00", "venue": 9, "cost": "Free."}}, {"pk": 183, "model": "events.show", "fields": {"bands": [10, 8, 4], "show_date": "2009-02-02 20:00:00", "venue": 3, "cost": ""}}, {"pk": 185, "model": "events.show", "fields": {"bands": [25, 24, 23], "show_date": "2009-02-25 20:30:00", "venue": 9, "cost": "Free!"}}, {"pk": 184, "model": "events.show", "fields": {"bands": [22, 21], "show_date": "2009-03-07 20:00:00", "venue": 7, "cost": "$6"}}, {"pk": 186, "model": "events.show", "fields": {"bands": [10], "show_date": "2009-04-04 19:00:00", "venue": 9, "cost": "Free!"}}, {"pk": 187, "model": "events.show", "fields": {"bands": [3], "show_date": "2009-04-09 20:30:00", "venue": 7, "cost": "$6"}}, {"pk": 188, "model": "events.show", "fields": {"bands": [], "show_date": "2009-05-01 20:00:00", "venue": 8, "cost": ""}}, {"pk": 189, "model": "events.show", "fields": {"bands": [], "show_date": "2009-10-10 19:00:00", "venue": 9, "cost": ""}}, {"pk": 191, "model": "events.show", "fields": {"bands": [29], "show_date": "2009-10-15 20:00:00", "venue": 11, "cost": ""}}, {"pk": 195, "model": "events.show", "fields": {"bands": [34, 33], "show_date": "2009-10-15 20:00:00", "venue": 10, "cost": ""}}, {"pk": 194, "model": "events.show", "fields": {"bands": [3], "show_date": "2009-10-30 20:00:00", "venue": 13, "cost": ""}}, {"pk": 193, "model": "events.show", "fields": {"bands": [3, 32], "show_date": "2009-10-31 19:00:00", "venue": 14, "cost": ""}}, {"pk": 190, "model": "events.show", "fields": {"bands": [28, 27], "show_date": "2009-11-21 19:00:00", "venue": 15, "cost": ""}}, {"pk": 94, "model": "music.musicdata", "fields": {"official": 0, "artwork": null}}, {"pk": 95, "model": "music.musicdata", "fields": {"official": 0, "artwork": null}}, {"pk": 96, "model": "music.musicdata", "fields": {"official": 0, "artwork": null}}, {"pk": 97, "model": "music.musicdata", "fields": {"official": 0, "artwork": null}}, {"pk": 98, "model": "music.musicdata", "fields": {"official": 0, "artwork": null}}, {"pk": 99, "model": "music.musicdata", "fields": {"official": 0, "artwork": null}}, {"pk": 100, "model": "music.musicdata", "fields": {"official": 0, "artwork": null}}, {"pk": 101, "model": "music.musicdata", "fields": {"official": 0, "artwork": null}}, {"pk": 102, "model": "music.musicdata", "fields": {"official": 0, "artwork": null}}, {"pk": 103, "model": "music.musicdata", "fields": {"official": 0, "artwork": null}}, {"pk": 104, "model": "music.musicdata", "fields": {"official": 0, "artwork": null}}, {"pk": 105, "model": "music.musicdata", "fields": {"official": 0, "artwork": null}}, {"pk": 106, "model": "music.musicdata", "fields": {"official": 0, "artwork": null}}, {"pk": 107, "model": "music.musicdata", "fields": {"official": 0, "artwork": null}}, {"pk": 108, "model": "music.musicdata", "fields": {"official": 0, "artwork": null}}, {"pk": 109, "model": "music.musicdata", "fields": {"official": 0, "artwork": null}}, {"pk": 110, "model": "music.musicdata", "fields": {"official": 0, "artwork": null}}, {"pk": 111, "model": "music.musicdata", "fields": {"official": 0, "artwork": null}}, {"pk": 112, "model": "music.musicdata", "fields": {"official": 0, "artwork": null}}, {"pk": 113, "model": "music.musicdata", "fields": {"official": 0, "artwork": null}}, {"pk": 114, "model": "music.musicdata", "fields": {"official": 0, "artwork": null}}, {"pk": 115, "model": "music.musicdata", "fields": {"official": 0, "artwork": null}}, {"pk": 116, "model": "music.musicdata", "fields": {"official": 0, "artwork": null}}, {"pk": 117, "model": "music.musicdata", "fields": {"official": 0, "artwork": null}}, {"pk": 118, "model": "music.musicdata", "fields": {"official": 0, "artwork": null}}, {"pk": 119, "model": "music.musicdata", "fields": {"official": 0, "artwork": null}}, {"pk": 120, "model": "music.musicdata", "fields": {"official": 0, "artwork": null}}, {"pk": 121, "model": "music.musicdata", "fields": {"official": 0, "artwork": null}}, {"pk": 122, "model": "music.musicdata", "fields": {"official": 0, "artwork": null}}, {"pk": 123, "model": "music.musicdata", "fields": {"official": 0, "artwork": null}}, {"pk": 202, "model": "music.musicdata", "fields": {"official": 0, "artwork": null}}, {"pk": 124, "model": "music.musicdata", "fields": {"official": 0, "artwork": null}}, {"pk": 125, "model": "music.musicdata", "fields": {"official": 0, "artwork": null}}, {"pk": 126, "model": "music.musicdata", "fields": {"official": 0, "artwork": null}}, {"pk": 127, "model": "music.musicdata", "fields": {"official": 0, "artwork": null}}, {"pk": 128, "model": "music.musicdata", "fields": {"official": 0, "artwork": null}}, {"pk": 129, "model": "music.musicdata", "fields": {"official": 0, "artwork": null}}, {"pk": 130, "model": "music.musicdata", "fields": {"official": 0, "artwork": null}}, {"pk": 131, "model": "music.musicdata", "fields": {"official": 0, "artwork": null}}, {"pk": 132, "model": "music.musicdata", "fields": {"official": 0, "artwork": null}}, {"pk": 133, "model": "music.musicdata", "fields": {"official": 0, "artwork": null}}, {"pk": 134, "model": "music.musicdata", "fields": {"official": 0, "artwork": null}}, {"pk": 135, "model": "music.musicdata", "fields": {"official": 0, "artwork": null}}, {"pk": 136, "model": "music.musicdata", "fields": {"official": 0, "artwork": null}}, {"pk": 137, "model": "music.musicdata", "fields": {"official": 0, "artwork": null}}, {"pk": 138, "model": "music.musicdata", "fields": {"official": 0, "artwork": null}}, {"pk": 139, "model": "music.musicdata", "fields": {"official": 0, "artwork": null}}, {"pk": 140, "model": "music.musicdata", "fields": {"official": 0, "artwork": null}}, {"pk": 141, "model": "music.musicdata", "fields": {"official": 0, "artwork": null}}, {"pk": 142, "model": "music.musicdata", "fields": {"official": 0, "artwork": null}}, {"pk": 143, "model": "music.musicdata", "fields": {"official": 0, "artwork": null}}, {"pk": 144, "model": "music.musicdata", "fields": {"official": 0, "artwork": null}}, {"pk": 145, "model": "music.musicdata", "fields": {"official": 0, "artwork": null}}, {"pk": 146, "model": "music.musicdata", "fields": {"official": 0, "artwork": null}}, {"pk": 147, "model": "music.musicdata", "fields": {"official": 0, "artwork": null}}, {"pk": 148, "model": "music.musicdata", "fields": {"official": 0, "artwork": null}}, {"pk": 149, "model": "music.musicdata", "fields": {"official": 0, "artwork": null}}, {"pk": 150, "model": "music.musicdata", "fields": {"official": 0, "artwork": null}}, {"pk": 152, "model": "music.musicdata", "fields": {"official": 0, "artwork": null}}, {"pk": 153, "model": "music.musicdata", "fields": {"official": 0, "artwork": null}}, {"pk": 154, "model": "music.musicdata", "fields": {"official": 0, "artwork": null}}, {"pk": 155, "model": "music.musicdata", "fields": {"official": 0, "artwork": null}}, {"pk": 156, "model": "music.musicdata", "fields": {"official": 0, "artwork": null}}, {"pk": 157, "model": "music.musicdata", "fields": {"official": 0, "artwork": null}}, {"pk": 158, "model": "music.musicdata", "fields": {"official": 0, "artwork": null}}, {"pk": 159, "model": "music.musicdata", "fields": {"official": 0, "artwork": null}}, {"pk": 160, "model": "music.musicdata", "fields": {"official": 0, "artwork": null}}, {"pk": 161, "model": "music.musicdata", "fields": {"official": 0, "artwork": null}}, {"pk": 196, "model": "music.musicdata", "fields": {"official": 0, "artwork": null}}, {"pk": 197, "model": "music.musicdata", "fields": {"official": 0, "artwork": null}}, {"pk": 198, "model": "music.musicdata", "fields": {"official": 0, "artwork": null}}, {"pk": 199, "model": "music.musicdata", "fields": {"official": 0, "artwork": null}}, {"pk": 205, "model": "music.musicdata", "fields": {"official": 0, "artwork": null}}, {"pk": 206, "model": "music.musicdata", "fields": {"official": 0, "artwork": null}}, {"pk": 162, "model": "music.musicdata", "fields": {"official": 0, "artwork": null}}, {"pk": 163, "model": "music.musicdata", "fields": {"official": 0, "artwork": null}}, {"pk": 164, "model": "music.musicdata", "fields": {"official": 0, "artwork": null}}, {"pk": 212, "model": "music.musicdata", "fields": {"official": 1, "artwork": 213}}, {"pk": 106, "model": "music.song", "fields": {"composers": [], "track_number": null, "band": 1, "file": "uploads/music/6.mp3", "newer_version": null, "older_version": null}}, {"pk": 122, "model": "music.song", "fields": {"composers": [], "track_number": null, "band": 1, "file": "uploads/music/Alarm1.mp3", "newer_version": null, "older_version": null}}, {"pk": 117, "model": "music.song", "fields": {"composers": [], "track_number": null, "band": 1, "file": "uploads/music/all_around_and_away_we_go_demo2.mp3", "newer_version": null, "older_version": null}}, {"pk": 101, "model": "music.song", "fields": {"composers": [], "track_number": null, "band": 1, "file": "uploads/music/All_Around_and_Away_We_Go.mp3", "newer_version": null, "older_version": null}}, {"pk": 149, "model": "music.song", "fields": {"composers": [], "track_number": null, "band": 1, "file": "uploads/music/All_My_Trials.mp3", "newer_version": null, "older_version": null}}, {"pk": 153, "model": "music.song", "fields": {"composers": [], "track_number": null, "band": 1, "file": "uploads/music/Lit_Lounge.mp3", "newer_version": null, "older_version": null}}, {"pk": 100, "model": "music.song", "fields": {"composers": [], "track_number": 5, "band": 1, "file": "uploads/music/05_Aquarellas.mp3", "newer_version": null, "older_version": null}}, {"pk": 116, "model": "music.song", "fields": {"composers": [], "track_number": 6, "band": 1, "file": "uploads/music/06_Aquarellas.mp3", "newer_version": null, "older_version": null}}, {"pk": 142, "model": "music.song", "fields": {"composers": [], "track_number": null, "band": 1, "file": "uploads/music/Ave_Isobelle.mp3", "newer_version": null, "older_version": null}}, {"pk": 99, "model": "music.song", "fields": {"composers": [], "track_number": 7, "band": 1, "file": "uploads/music/07_Be_Kind_to_Your_Conscience.mp3", "newer_version": null, "older_version": null}}, {"pk": 112, "model": "music.song", "fields": {"composers": [], "track_number": null, "band": 1, "file": "uploads/music/body_feels_strong.mp3", "newer_version": null, "older_version": null}}, {"pk": 125, "model": "music.song", "fields": {"composers": [], "track_number": 1, "band": 1, "file": "uploads/music/idea_bubble1.mp3", "newer_version": null, "older_version": null}}, {"pk": 132, "model": "music.song", "fields": {"composers": [], "track_number": null, "band": 1, "file": "uploads/music/idea_bubble10.mp3", "newer_version": null, "older_version": null}}, {"pk": 133, "model": "music.song", "fields": {"composers": [], "track_number": null, "band": 1, "file": "uploads/music/idea_bubble13.mp3", "newer_version": null, "older_version": null}}, {"pk": 134, "model": "music.song", "fields": {"composers": [], "track_number": null, "band": 1, "file": "uploads/music/idea_bubble14.mp3", "newer_version": null, "older_version": null}}, {"pk": 135, "model": "music.song", "fields": {"composers": [], "track_number": null, "band": 1, "file": "uploads/music/idea_bubble15.mp3", "newer_version": null, "older_version": null}}, {"pk": 136, "model": "music.song", "fields": {"composers": [], "track_number": null, "band": 1, "file": "uploads/music/idea_bubble16new.mp3", "newer_version": null, "older_version": null}}, {"pk": 137, "model": "music.song", "fields": {"composers": [], "track_number": null, "band": 1, "file": "uploads/music/idea_bubble17.mp3", "newer_version": null, "older_version": null}}, {"pk": 138, "model": "music.song", "fields": {"composers": [], "track_number": null, "band": 1, "file": "uploads/music/idea_bubble18.mp3", "newer_version": null, "older_version": null}}, {"pk": 139, "model": "music.song", "fields": {"composers": [], "track_number": null, "band": 1, "file": "uploads/music/idea_bubble19.mp3", "newer_version": null, "older_version": null}}, {"pk": 140, "model": "music.song", "fields": {"composers": [], "track_number": null, "band": 1, "file": "uploads/music/idea_bubble_20.mp3", "newer_version": null, "older_version": null}}, {"pk": 141, "model": "music.song", "fields": {"composers": [], "track_number": null, "band": 1, "file": "uploads/music/Melonie_Belle.mp3", "newer_version": null, "older_version": null}}, {"pk": 126, "model": "music.song", "fields": {"composers": [], "track_number": 2, "band": 1, "file": "uploads/music/idea_bubble3.mp3", "newer_version": null, "older_version": null}}, {"pk": 127, "model": "music.song", "fields": {"composers": [], "track_number": 4, "band": 1, "file": "uploads/music/idea_bubble5.mp3", "newer_version": null, "older_version": null}}, {"pk": 128, "model": "music.song", "fields": {"composers": [], "track_number": 5, "band": 1, "file": "uploads/music/idea_bubble6.mp3", "newer_version": null, "older_version": null}}, {"pk": 129, "model": "music.song", "fields": {"composers": [], "track_number": 6, "band": 1, "file": "uploads/music/idea_bubble7.mp3", "newer_version": null, "older_version": null}}, {"pk": 130, "model": "music.song", "fields": {"composers": [], "track_number": null, "band": 1, "file": "uploads/music/idea_bubble8.mp3", "newer_version": null, "older_version": null}}, {"pk": 131, "model": "music.song", "fields": {"composers": [], "track_number": null, "band": 1, "file": "uploads/music/idea_bubble9.mp3", "newer_version": null, "older_version": null}}, {"pk": 158, "model": "music.song", "fields": {"composers": [], "track_number": null, "band": 1, "file": "uploads/music/Chewy_in_the_Stars2.mp3", "newer_version": null, "older_version": null}}, {"pk": 160, "model": "music.song", "fields": {"composers": [], "track_number": null, "band": 1, "file": "uploads/music/Compromise.mp3", "newer_version": null, "older_version": null}}, {"pk": 96, "model": "music.song", "fields": {"composers": [], "track_number": 3, "band": 1, "file": "uploads/music/03_Daniel.mp3", "newer_version": null, "older_version": null}}, {"pk": 143, "model": "music.song", "fields": {"composers": [], "track_number": null, "band": 1, "file": "uploads/music/Digital_Hate.mp3", "newer_version": null, "older_version": null}}, {"pk": 115, "model": "music.song", "fields": {"composers": [], "track_number": 5, "band": 1, "file": "uploads/music/05_Dry_Hump.mp3", "newer_version": null, "older_version": null}}, {"pk": 196, "model": "music.song", "fields": {"composers": [], "track_number": 1, "band": 1, "file": "uploads/music/dry_hump.mp3", "newer_version": null, "older_version": null}}, {"pk": 107, "model": "music.song", "fields": {"composers": [], "track_number": null, "band": 1, "file": "uploads/music/Dry_Hump_REMIXX_1.mp3", "newer_version": null, "older_version": null}}, {"pk": 123, "model": "music.song", "fields": {"composers": [], "track_number": null, "band": 1, "file": "uploads/music/filmi.mp3", "newer_version": null, "older_version": null}}, {"pk": 197, "model": "music.song", "fields": {"composers": [], "track_number": 2, "band": 1, "file": "uploads/music/ginger.mp3", "newer_version": null, "older_version": null}}, {"pk": 97, "model": "music.song", "fields": {"composers": [], "track_number": 4, "band": 1, "file": "uploads/music/04_Great_Girl.mp3", "newer_version": null, "older_version": null}}, {"pk": 110, "model": "music.song", "fields": {"composers": [], "track_number": 3, "band": 1, "file": "uploads/music/03_I_Want_a_House.mp3", "newer_version": null, "older_version": null}}, {"pk": 98, "model": "music.song", "fields": {"composers": [], "track_number": 6, "band": 1, "file": "uploads/music/06_I_Want_a_House.mp3", "newer_version": null, "older_version": null}}, {"pk": 199, "model": "music.song", "fields": {"composers": [], "track_number": 4, "band": 1, "file": "uploads/music/i_want_a_house.mp3", "newer_version": null, "older_version": null}}, {"pk": 159, "model": "music.song", "fields": {"composers": [], "track_number": null, "band": 1, "file": "uploads/music/In_The_Yard_In_The_Fall.mp3", "newer_version": null, "older_version": null}}, {"pk": 144, "model": "music.song", "fields": {"composers": [], "track_number": null, "band": 1, "file": "uploads/music/its_raining.mp3", "newer_version": null, "older_version": null}}, {"pk": 157, "model": "music.song", "fields": {"composers": [], "track_number": null, "band": 1, "file": "uploads/music/johnungle.mp3", "newer_version": null, "older_version": null}}, {"pk": 156, "model": "music.song", "fields": {"composers": [], "track_number": null, "band": 1, "file": "uploads/music/Kimmi_In_A_Ricefield.mp3", "newer_version": null, "older_version": null}}, {"pk": 104, "model": "music.song", "fields": {"composers": [], "track_number": null, "band": 1, "file": "uploads/music/la_la_ya.mp3", "newer_version": null, "older_version": null}}, {"pk": 102, "model": "music.song", "fields": {"composers": [], "track_number": 4, "band": 1, "file": "uploads/music/04_La_La_Ya.mp3", "newer_version": null, "older_version": null}}, {"pk": 155, "model": "music.song", "fields": {"composers": [], "track_number": null, "band": 1, "file": "uploads/music/Levon_and_Chocolate_Cake.mp3", "newer_version": null, "older_version": null}}, {"pk": 152, "model": "music.song", "fields": {"composers": [], "track_number": null, "band": 1, "file": "uploads/music/Untitled_Theme_.mp3", "newer_version": null, "older_version": null}}, {"pk": 206, "model": "music.song", "fields": {"composers": [], "track_number": null, "band": 1, "file": "uploads/music/Milk_and_Honey_and_Ginger.mp3", "newer_version": null, "older_version": null}}, {"pk": 94, "model": "music.song", "fields": {"composers": [], "track_number": 1, "band": 1, "file": "uploads/music/01_Nectarine.mp3", "newer_version": null, "older_version": null}}, {"pk": 198, "model": "music.song", "fields": {"composers": [], "track_number": 3, "band": 1, "file": "uploads/music/nectarine.mp3", "newer_version": null, "older_version": null}}, {"pk": 109, "model": "music.song", "fields": {"composers": [], "track_number": 2, "band": 1, "file": "uploads/music/02_New_Suit.mp3", "newer_version": null, "older_version": null}}, {"pk": 113, "model": "music.song", "fields": {"composers": [], "track_number": null, "band": 1, "file": "uploads/music/new_suit.mp3", "newer_version": null, "older_version": null}}, {"pk": 119, "model": "music.song", "fields": {"composers": [], "track_number": null, "band": 1, "file": "uploads/music/No_Sleep.mp3", "newer_version": null, "older_version": null}}, {"pk": 120, "model": "music.song", "fields": {"composers": [], "track_number": null, "band": 1, "file": "uploads/music/Nectarine_Andrea.mp3", "newer_version": null, "older_version": null}}, {"pk": 108, "model": "music.song", "fields": {"composers": [], "track_number": 1, "band": 1, "file": "uploads/music/01_Other_Side_of_Your_Face.mp3", "newer_version": null, "older_version": null}}, {"pk": 145, "model": "music.song", "fields": {"composers": [], "track_number": null, "band": 1, "file": "uploads/music/Poet.mp3", "newer_version": null, "older_version": null}}, {"pk": 124, "model": "music.song", "fields": {"composers": [], "track_number": null, "band": 1, "file": "uploads/music/Quiet_One_Done.mp3", "newer_version": null, "older_version": null}}, {"pk": 150, "model": "music.song", "fields": {"composers": [], "track_number": null, "band": 1, "file": "uploads/music/synthjamstructuredfinal_.mp3", "newer_version": null, "older_version": null}}, {"pk": 118, "model": "music.song", "fields": {"composers": [], "track_number": null, "band": 1, "file": "uploads/music/Smoke_2.mp3", "newer_version": null, "older_version": null}}, {"pk": 148, "model": "music.song", "fields": {"composers": [], "track_number": null, "band": 1, "file": "uploads/music/Space_Babe.mp3", "newer_version": null, "older_version": null}}, {"pk": 114, "model": "music.song", "fields": {"composers": [], "track_number": null, "band": 1, "file": "uploads/music/space_jam_dec22.mp3", "newer_version": null, "older_version": null}}, {"pk": 161, "model": "music.song", "fields": {"composers": [], "track_number": null, "band": 1, "file": "uploads/music/Stiff_Igloos.mp3", "newer_version": null, "older_version": null}}, {"pk": 154, "model": "music.song", "fields": {"composers": [], "track_number": null, "band": 1, "file": "uploads/music/Sunday.mp3", "newer_version": null, "older_version": null}}, {"pk": 103, "model": "music.song", "fields": {"composers": [], "track_number": null, "band": 1, "file": "uploads/music/synth_jammin.mp3", "newer_version": null, "older_version": null}}, {"pk": 202, "model": "music.song", "fields": {"composers": [3], "track_number": null, "band": 1, "file": "uploads/music/October_23rd_2009.mp3", "newer_version": null, "older_version": null}}, {"pk": 205, "model": "music.song", "fields": {"composers": [1, 2, 3, 4, 5], "track_number": null, "band": 1, "file": "uploads/music/Face_Daniel_Smoke.mp3", "newer_version": null, "older_version": null}}, {"pk": 146, "model": "music.song", "fields": {"composers": [], "track_number": null, "band": 1, "file": "uploads/music/01_Twin_Sisters.mp3", "newer_version": null, "older_version": null}}, {"pk": 121, "model": "music.song", "fields": {"composers": [], "track_number": null, "band": 1, "file": "uploads/music/01_Twin_Sisters.mp3", "newer_version": null, "older_version": null}}, {"pk": 147, "model": "music.song", "fields": {"composers": [], "track_number": null, "band": 1, "file": "uploads/music/Quiet_One_Done.mp3", "newer_version": null, "older_version": null}}, {"pk": 95, "model": "music.song", "fields": {"composers": [], "track_number": 2, "band": 1, "file": "uploads/music/02_We_Are_Four.mp3", "newer_version": null, "older_version": null}}, {"pk": 105, "model": "music.song", "fields": {"composers": [], "track_number": null, "band": 1, "file": "uploads/music/We_Are_Two.mp3", "newer_version": null, "older_version": null}}, {"pk": 111, "model": "music.song", "fields": {"composers": [], "track_number": null, "band": 1, "file": "uploads/music/White_Bread_3.mp3", "newer_version": null, "older_version": null}}, {"pk": 162, "model": "music.release", "fields": {"band": 1, "type": "LI", "songs": [116, 115, 98, 104, 109, 108]}}, {"pk": 163, "model": "music.release", "fields": {"band": 1, "type": "LI", "songs": [100, 99, 96, 97, 110, 94, 95]}}, {"pk": 164, "model": "music.release", "fields": {"band": 1, "type": "LP", "songs": [142, 125, 132, 133, 134, 135, 136, 137, 138, 139, 140, 141, 126, 127, 128, 129, 130, 131, 143, 144, 145, 146]}}, {"pk": 212, "model": "music.release", "fields": {"band": 1, "type": "EP", "songs": [196, 197, 199, 198]}}, {"pk": 2, "model": "music.archive", "fields": {"release": 212, "file_type": "320 kbps (zip)", "archive": "uploads/music/twin_sister_vampires_with_dreaming_kids.zip"}}, {"pk": 1, "model": "music.buylink", "fields": {"release": 212, "link": "http://bit.ly/4bJuDL", "service": "iTunes"}}, {"pk": 2, "model": "music.buylink", "fields": {"release": 212, "link": "http://www.emusic.com/album/Twin-Sister-Vampires-With-Dreaming-Kids-MP3-Download/11681259.html", "service": "eMusic"}}, {"pk": 3, "model": "music.buylink", "fields": {"release": 212, "link": "http://www.amazon.com/Vampires-With-Dreaming-Kids/dp/B002TUJ94C/", "service": "Amazon"}}, {"pk": 4, "model": "music.buylink", "fields": {"release": 212, "link": "http://www.lala.com/#artist/Twin_Sister", "service": "Lala"}}, {"pk": 5, "model": "music.buylink", "fields": {"release": 212, "link": "http://www.rhapsody.com/twinsister/vampires-with-dreaming-kids", "service": "Rhapsody"}}, {"pk": 1, "model": "images.image", "fields": {"caption": "", "photo": "uploads/images/ep_cover.jpg", "title": "EP Cover", "credit": [], "pub_date": "2009-10-06 17:02:43", "order": 1}}, {"pk": 3, "model": "images.image", "fields": {"caption": "", "photo": "uploads/images/url.jpg", "title": "Cocteau Twins", "credit": [], "pub_date": "2009-10-26 14:37:44", "order": 1}}, {"pk": 4, "model": "images.image", "fields": {"caption": "", "photo": "uploads/images/Screenshot-1.png", "title": "Google Stats", "credit": [], "pub_date": "2009-10-26 14:54:36", "order": 1}}, {"pk": 5, "model": "images.image", "fields": {"caption": "", "photo": "uploads/images/guitar_02.jpg", "title": "Death by Audio group", "credit": [6], "pub_date": "2009-10-26 14:58:49", "order": 1}}, {"pk": 6, "model": "images.image", "fields": {"caption": "", "photo": "uploads/images/twinsisterxf5.jpg", "title": "DBA Flyer", "credit": [7], "pub_date": "2009-10-26 15:01:36", "order": 1}}, {"pk": 7, "model": "images.image", "fields": {"caption": "", "photo": "uploads/images/superfine_flyer.jpg", "title": "Superfine Flyer", "credit": [], "pub_date": "2009-10-26 15:03:07", "order": 1}}, {"pk": 213, "model": "images.gallery", "fields": {"images": [1]}}, {"pk": 214, "model": "images.gallery", "fields": {"images": [6, 7]}}, {"pk": 1, "model": "mailing_list.subscriber", "fields": {"email": "dev@seesaw.net"}}]
